"model","n","p","rho","method","reps","sure4","sure10","sure20","sure30","sure50","sure100","ermax","medmax","top4_gamma","top4_scale"
"M1",1000,200,0,"ours",40,0,0.075,0.175,0.175,0.325,0.55,94.9,92.5,1.225,0.075
"M1",1000,200,0,"yu",40,0.025,0.025,0.05,0.075,0.175,0.35,114.925,127,0.55,0.4
"M1",1000,200,0,"q900",40,0,0.05,0.15,0.225,0.3,0.6,86.675,72.5,0.5,0.1
"M1",1000,200,0,"q950",40,0,0.2,0.575,0.75,0.95,1,22.825,18.5,1.975,0.05
"M1",1000,200,0,"q975",40,0.025,0.125,0.375,0.575,0.8,0.95,35,23,1.525,0.025
"M1",1000,200,0,"q990",40,0,0,0.075,0.175,0.5,0.775,64,52,0.525,0.1
"M1",1000,200,0.2,"ours",40,0.225,0.45,0.55,0.625,0.75,0.825,40.35,13.5,2.5,0.025
"M1",1000,200,0.2,"yu",40,0.075,0.225,0.275,0.325,0.425,0.7,66.55,57,1.125,0.225
"M1",1000,200,0.2,"q900",40,0,0.25,0.525,0.625,0.725,0.85,42.8,19,1.25,0.275
"M1",1000,200,0.2,"q950",40,0.15,0.75,0.9,0.975,1,1,9.675,6,2.75,0.075
"M1",1000,200,0.2,"q975",40,0.075,0.5,0.85,0.925,0.975,1,14.225,10.5,2.325,0.075
"M1",1000,200,0.2,"q990",40,0,0.075,0.2,0.375,0.775,0.95,41.325,34,0.875,0.05
"M1",1000,200,0.25,"ours",40,0.175,0.425,0.525,0.575,0.65,0.75,53.8,16.5,2.725,0.025
"M1",1000,200,0.25,"yu",40,0.075,0.25,0.375,0.45,0.5,0.775,61.95,44,1.375,0.225
"M1",1000,200,0.25,"q900",40,0.025,0.2,0.55,0.625,0.85,0.925,34.325,17,1.425,0.375
"M1",1000,200,0.25,"q950",40,0.175,0.8,0.925,0.975,0.975,1,10.125,6,2.975,0.025
"M1",1000,200,0.25,"q975",40,0.075,0.675,0.85,0.925,0.975,1,12.65,8.5,2.625,0.025
"M1",1000,200,0.25,"q990",40,0,0.1,0.425,0.675,0.9,0.95,30.3,24.5,1.125,0.1
"M1",1000,200,0.3,"ours",40,0.3,0.55,0.775,0.8,0.825,0.85,32.475,5.5,3.075,0
"M1",1000,200,0.3,"yu",40,0.1,0.275,0.375,0.425,0.575,0.675,59.75,34.5,1.325,0.5
"M1",1000,200,0.3,"q900",40,0.125,0.55,0.725,0.8,0.9,0.925,22.05,8.5,2.425,0.5
"M1",1000,200,0.3,"q950",40,0.475,0.9,0.975,1,1,1,6.475,5,3.45,0.075
"M1",1000,200,0.3,"q975",40,0.225,0.85,0.975,1,1,1,7.75,6,2.975,0.05
"M1",1000,200,0.3,"q990",40,0.025,0.175,0.4,0.625,0.775,0.975,34.2,24.5,1.075,0.1
"M1",1000,200,0.4,"ours",40,0.475,0.675,0.75,0.825,0.85,0.95,21.55,5.5,3.225,0
"M1",1000,200,0.4,"yu",40,0.05,0.475,0.625,0.65,0.675,0.825,45.4,12,1.775,0.875
"M1",1000,200,0.4,"q900",40,0.15,0.5,0.675,0.85,0.9,1,18.3,10,2.35,0.625
"M1",1000,200,0.4,"q950",40,0.525,0.975,1,1,1,1,5.55,4,3.475,0.1
"M1",1000,200,0.4,"q975",40,0.3,0.825,0.95,1,1,1,7.55,6,3.1,0
"M1",1000,200,0.4,"q990",40,0,0.275,0.775,0.825,1,1,19.35,17.5,1.2,0.025
"M1",1000,200,0.5,"ours",40,0.775,0.825,0.875,0.925,0.95,0.95,14.525,4,3.725,0
"M1",1000,200,0.5,"yu",40,0.2,0.675,0.775,0.85,0.9,0.925,19.7,7,2.35,0.875
"M1",1000,200,0.5,"q900",40,0.225,0.85,0.9,0.975,1,1,8.125,5.5,2.975,0.725
"M1",1000,200,0.5,"q950",40,0.65,0.975,1,1,1,1,4.8,4,3.65,0.15
"M1",1000,200,0.5,"q975",40,0.4,0.95,0.975,1,1,1,6.075,5,3.35,0.1
"M1",1000,200,0.5,"q990",40,0.025,0.55,0.825,0.925,0.975,1,14,10,1.8,0.075
"M1",1000,500,0,"ours",40,0,0.025,0.05,0.1,0.125,0.2,267.575,297,0.625,0.025
"M1",1000,500,0,"yu",40,0,0,0,0.025,0.025,0.125,279.975,305.5,0.25,0.275
"M1",1000,500,0,"q900",40,0,0,0.025,0.025,0.125,0.35,201.3,186.5,0.2,0.25
"M1",1000,500,0,"q950",40,0,0.075,0.25,0.35,0.45,0.675,75.7,62,1.45,0
"M1",1000,500,0,"q975",40,0,0.025,0.175,0.3,0.45,0.65,80.8,64,1.125,0.025
"M1",1000,500,0,"q990",40,0,0,0,0.025,0.15,0.45,138.275,107.5,0.325,0
"M1",1000,500,0.2,"ours",40,0.15,0.275,0.4,0.425,0.45,0.575,125.525,62.5,2.2,0
"M1",1000,500,0.2,"yu",40,0.025,0.125,0.2,0.225,0.3,0.35,215.8,261,1,0.225
"M1",1000,500,0.2,"q900",40,0.025,0.025,0.25,0.35,0.575,0.825,69.45,43.5,1.075,0.4
"M1",1000,500,0.2,"q950",40,0.05,0.625,0.85,0.925,0.975,1,14.475,10,2.525,0.025
"M1",1000,500,0.2,"q975",40,0.025,0.3,0.625,0.75,0.9,0.95,24.475,17,2.125,0.025
"M1",1000,500,0.2,"q990",40,0,0.025,0.175,0.275,0.425,0.7,76.85,65,0.6,0.05
"M1",1000,500,0.25,"ours",40,0.175,0.275,0.35,0.425,0.5,0.6,110.775,51.5,2.55,0
"M1",1000,500,0.25,"yu",40,0.125,0.25,0.3,0.3,0.375,0.5,161.525,97.5,1.275,0.125
"M1",1000,500,0.25,"q900",40,0.025,0.175,0.275,0.4,0.575,0.75,62.55,41,1.35,0.35
"M1",1000,500,0.25,"q950",40,0.15,0.575,0.75,0.8,0.95,0.975,17.625,8.5,2.775,0
"M1",1000,500,0.25,"q975",40,0.025,0.3,0.575,0.775,0.85,0.975,27.125,16,2.175,0.025
"M1",1000,500,0.25,"q990",40,0,0.05,0.075,0.225,0.6,0.825,63.95,45,0.625,0.025
"M1",1000,500,0.3,"ours",40,0.325,0.45,0.525,0.6,0.675,0.725,78.825,16,2.875,0
"M1",1000,500,0.3,"yu",40,0.1,0.275,0.375,0.475,0.55,0.675,89.6,35.5,1.575,0.425
"M1",1000,500,0.3,"q900",40,0.025,0.225,0.45,0.525,0.7,0.925,40.95,28.5,1.475,0.725
"M1",1000,500,0.3,"q950",40,0.175,0.775,0.9,0.975,1,1,10.05,8,2.95,0.05
"M1",1000,500,0.3,"q975",40,0.125,0.425,0.675,0.9,0.95,0.975,23.325,15,2.225,0
"M1",1000,500,0.3,"q990",40,0.025,0.075,0.2,0.25,0.5,0.85,72.475,53,0.775,0
"M1",1000,500,0.4,"ours",40,0.45,0.575,0.675,0.75,0.775,0.85,44.825,7.5,3.2,0
"M1",1000,500,0.4,"yu",40,0.1,0.35,0.35,0.35,0.375,0.6,111.9,79.5,1.325,0.7
"M1",1000,500,0.4,"q900",40,0.1,0.55,0.675,0.75,0.825,0.9,34.375,10,2.15,0.65
"M1",1000,500,0.4,"q950",40,0.45,0.85,0.95,0.975,0.975,1,7.825,5,3.3,0.05
"M1",1000,500,0.4,"q975",40,0.125,0.725,0.875,0.95,1,1,10.6,7,2.65,0
"M1",1000,500,0.4,"q990",40,0,0.125,0.275,0.5,0.625,0.85,46.15,32,0.95,0
"M1",1000,500,0.5,"ours",40,0.575,0.775,0.825,0.85,0.875,0.925,25.65,4,3.525,0
"M1",1000,500,0.5,"yu",40,0.2,0.625,0.7,0.75,0.825,0.85,44.375,6,2.25,0.675
"M1",1000,500,0.5,"q900",40,0.175,0.675,0.825,0.9,0.925,0.975,16.875,7,2.675,0.675
"M1",1000,500,0.5,"q950",40,0.6,0.9,1,1,1,1,5.425,4,3.5,0.025
"M1",1000,500,0.5,"q975",40,0.225,0.65,0.95,0.95,1,1,9.975,7,3,0.05
"M1",1000,500,0.5,"q990",40,0.025,0.125,0.375,0.525,0.8,0.975,35.2,27.5,1.075,0.025
"M1",1000,1000,0,"ours",40,0,0,0,0,0.05,0.175,398.85,289.5,1.15,0.025
"M1",1000,1000,0,"yu",40,0,0,0.025,0.075,0.125,0.125,481.425,518.5,0.525,0.1
"M1",1000,1000,0,"q900",40,0,0,0,0,0.05,0.1,347.9,289,0.175,0.15
"M1",1000,1000,0,"q950",40,0,0.15,0.25,0.325,0.475,0.625,89.95,55,1.375,0
"M1",1000,1000,0,"q975",40,0,0,0.025,0.075,0.225,0.45,142.7,111,0.85,0
"M1",1000,1000,0,"q990",40,0,0,0.025,0.025,0.05,0.125,337.3,283,0.2,0.05
"M1",1000,1000,0.2,"ours",40,0.075,0.1,0.25,0.275,0.325,0.525,184.925,90,2.05,0.025
"M1",1000,1000,0.2,"yu",40,0,0.075,0.125,0.125,0.175,0.3,313.975,212.5,0.65,0.1
"M1",1000,1000,0.2,"q900",40,0,0,0.075,0.2,0.275,0.45,205.8,151.5,0.825,0.275
"M1",1000,1000,0.2,"q950",40,0,0.275,0.525,0.675,0.85,0.95,32.675,17,2.075,0.025
"M1",1000,1000,0.2,"q975",40,0,0.125,0.3,0.45,0.65,0.9,51.625,33.5,1.45,0.025
"M1",1000,1000,0.2,"q990",40,0,0,0.025,0.05,0.075,0.35,186.9,146,0.425,0
"M1",1000,1000,0.25,"ours",40,0.1,0.275,0.375,0.4,0.425,0.525,273.05,76,2.375,0
"M1",1000,1000,0.25,"yu",40,0.025,0.125,0.15,0.175,0.3,0.375,295.4,169,0.925,0.425
"M1",1000,1000,0.25,"q900",40,0.025,0.125,0.225,0.325,0.475,0.575,117.375,60,1.1,0.25
"M1",1000,1000,0.25,"q950",40,0.15,0.5,0.625,0.75,0.925,0.975,22.375,11.5,2.675,0.025
"M1",1000,1000,0.25,"q975",40,0,0.175,0.4,0.55,0.75,0.925,40.925,27,1.55,0.025
"M1",1000,1000,0.25,"q990",40,0,0.025,0.05,0.075,0.275,0.45,162,111,0.7,0
"M1",1000,1000,0.3,"ours",40,0.225,0.525,0.625,0.675,0.675,0.675,203.2,8.5,2.65,0.025
"M1",1000,1000,0.3,"yu",40,0.075,0.15,0.275,0.3,0.375,0.45,269.6,248.5,1.1,0.375
"M1",1000,1000,0.3,"q900",40,0.05,0.15,0.35,0.425,0.525,0.725,113.575,45,1.325,0.3
"M1",1000,1000,0.3,"q950",40,0.15,0.425,0.85,0.875,0.95,1,15.55,11.5,2.7,0.025
"M1",1000,1000,0.3,"q975",40,0,0.325,0.6,0.725,0.85,0.95,30.575,15.5,1.775,0.025
"M1",1000,1000,0.3,"q990",40,0,0.025,0.05,0.125,0.275,0.55,117.725,80,0.55,0.025
"M1",1000,1000,0.4,"ours",40,0.45,0.65,0.7,0.75,0.8,0.825,67.375,5.5,3.275,0
"M1",1000,1000,0.4,"yu",40,0.1,0.3,0.425,0.45,0.475,0.575,162.775,72.5,1.775,0.725
"M1",1000,1000,0.4,"q900",40,0.05,0.4,0.55,0.7,0.825,0.9,40.675,15,2.175,0.425
"M1",1000,1000,0.4,"q950",40,0.3,0.825,0.925,0.975,1,1,8.05,6,3.175,0.025
"M1",1000,1000,0.4,"q975",40,0.05,0.325,0.65,0.775,0.9,0.975,22.3,14.5,1.975,0.05
"M1",1000,1000,0.4,"q990",40,0.025,0.05,0.05,0.175,0.275,0.65,89.35,75.5,0.725,0.125
"M1",1000,1000,0.5,"ours",40,0.6,0.775,0.875,0.9,0.925,0.95,42.025,4,3.575,0.025
"M1",1000,1000,0.5,"yu",40,0.1,0.525,0.575,0.6,0.625,0.7,128.075,9,1.85,0.9
"M1",1000,1000,0.5,"q900",40,0.1,0.55,0.775,0.825,0.875,1,17.7,9.5,2.375,0.875
"M1",1000,1000,0.5,"q950",40,0.5,0.9,0.95,1,1,1,6.7,4.5,3.35,0.025
"M1",1000,1000,0.5,"q975",40,0.1,0.575,0.775,0.9,0.95,1,14.825,9,2.325,0
"M1",1000,1000,0.5,"q990",40,0.05,0.125,0.275,0.35,0.525,0.8,57.825,43,1.15,0
"M1",1000,2000,0,"ours",40,0,0,0.025,0.05,0.05,0.075,1162.575,1276,0.775,0
"M1",1000,2000,0,"yu",40,0,0,0.025,0.05,0.05,0.075,1049.3,1214,0.225,0.05
"M1",1000,2000,0,"q900",40,0,0,0,0,0,0,845.325,837,0.025,0.025
"M1",1000,2000,0,"q950",40,0,0,0.025,0.05,0.075,0.2,325.625,264.5,0.9,0
"M1",1000,2000,0,"q975",40,0,0,0,0,0.025,0.15,355.425,248,0.35,0
"M1",1000,2000,0,"q990",40,0,0,0,0,0,0,652.675,502.5,0.1,0.025
"M1",1000,2000,0.2,"ours",40,0.025,0.175,0.25,0.3,0.4,0.45,558.25,247,1.65,0
"M1",1000,2000,0.2,"yu",40,0.025,0.025,0.075,0.125,0.15,0.175,721.675,675,0.5,0.15
"M1",1000,2000,0.2,"q900",40,0,0.025,0.025,0.05,0.125,0.2,417.875,253.5,0.5,0.25
"M1",1000,2000,0.2,"q950",40,0,0.15,0.325,0.45,0.5,0.775,96.575,51,1.925,0
"M1",1000,2000,0.2,"q975",40,0,0.05,0.175,0.225,0.375,0.575,153.725,66.5,1.025,0.025
"M1",1000,2000,0.2,"q990",40,0,0,0.025,0.05,0.075,0.125,309.6,227,0.3,0
"M1",1000,2000,0.25,"ours",40,0.15,0.325,0.325,0.325,0.375,0.5,382.6,100,2.2,0
"M1",1000,2000,0.25,"yu",40,0,0.075,0.125,0.15,0.2,0.25,600.325,499,0.7,0.2
"M1",1000,2000,0.25,"q900",40,0,0.025,0.075,0.075,0.125,0.275,273.175,209.5,0.6,0.325
"M1",1000,2000,0.25,"q950",40,0.025,0.15,0.4,0.525,0.7,0.75,63.9,29.5,2.05,0.025
"M1",1000,2000,0.25,"q975",40,0,0,0.125,0.225,0.375,0.675,97.1,64.5,1.075,0.025
"M1",1000,2000,0.25,"q990",40,0,0,0.025,0.05,0.075,0.225,280.125,173.5,0.375,0
"M1",1000,2000,0.3,"ours",40,0.225,0.4,0.45,0.5,0.55,0.65,285.075,35,2.575,0
"M1",1000,2000,0.3,"yu",40,0.075,0.15,0.225,0.225,0.275,0.3,528.15,337.5,1.05,0.35
"M1",1000,2000,0.3,"q900",40,0,0.075,0.2,0.25,0.4,0.65,152,64,0.875,0.325
"M1",1000,2000,0.3,"q950",40,0.1,0.275,0.5,0.725,0.775,0.85,54.85,20,2.375,0
"M1",1000,2000,0.3,"q975",40,0.025,0.125,0.275,0.45,0.55,0.8,84,33,1.3,0
"M1",1000,2000,0.3,"q990",40,0.025,0.025,0.025,0.025,0.05,0.15,264.15,172.5,0.35,0
"M1",1000,2000,0.4,"ours",40,0.375,0.6,0.725,0.725,0.8,0.875,112.925,5,3.225,0
"M1",1000,2000,0.4,"yu",40,0.05,0.25,0.3,0.4,0.425,0.525,339.7,97.5,1.45,0.65
"M1",1000,2000,0.4,"q900",40,0.025,0.25,0.35,0.5,0.675,0.8,82.85,30.5,1.8,0.375
"M1",1000,2000,0.4,"q950",40,0.175,0.625,0.75,0.85,0.9,0.975,19.425,8,3,0.075
"M1",1000,2000,0.4,"q975",40,0.025,0.25,0.525,0.65,0.775,0.925,44.6,20,1.95,0.1
"M1",1000,2000,0.4,"q990",40,0.025,0.05,0.1,0.15,0.225,0.3,191.925,147.5,0.575,0
"M1",1000,2000,0.5,"ours",40,0.55,0.675,0.725,0.75,0.775,0.8,142.45,4,3.3,0
"M1",1000,2000,0.5,"yu",40,0.1,0.45,0.525,0.55,0.575,0.575,289.875,14.5,1.8,0.85
"M1",1000,2000,0.5,"q900",40,0.225,0.6,0.775,0.825,0.875,0.875,29.45,8,2.575,0.525
"M1",1000,2000,0.5,"q950",40,0.375,0.8,0.925,0.975,1,1,8.375,5,3.25,0.05
"M1",1000,2000,0.5,"q975",40,0.125,0.35,0.675,0.875,0.975,0.975,23.775,13,2.1,0.05
"M1",1000,2000,0.5,"q990",40,0.025,0.075,0.1,0.225,0.325,0.55,116.475,93.5,0.7,0.025
"M1",2000,200,0,"ours",40,0.325,0.65,0.825,0.825,0.9,0.975,16.775,5.5,3.125,0.05
"M1",2000,200,0,"yu",40,0,0.1,0.15,0.175,0.25,0.5,92.775,97.5,0.675,0.2
"M1",2000,200,0,"q900",40,0.05,0.45,0.65,0.75,0.825,0.95,26.475,14,2,0.275
"M1",2000,200,0,"q950",40,0.55,0.9,1,1,1,1,5.6,4,3.5,0.025
"M1",2000,200,0,"q975",40,0.475,0.9,1,1,1,1,5.775,5,3.375,0.025
"M1",2000,200,0,"q990",40,0.05,0.35,0.75,0.875,1,1,15.775,12,1.775,0.05
"M1",2000,200,0.2,"ours",40,0.75,0.925,0.975,0.975,1,1,5.525,4,3.725,0
"M1",2000,200,0.2,"yu",40,0.125,0.275,0.475,0.525,0.6,0.825,55.275,25.5,1.55,0.425
"M1",2000,200,0.2,"q900",40,0.275,0.8,0.875,0.875,0.95,1,11.55,6,3.175,0.225
"M1",2000,200,0.2,"q950",40,0.925,1,1,1,1,1,4.1,4,3.925,0
"M1",2000,200,0.2,"q975",40,0.725,1,1,1,1,1,4.4,4,3.725,0
"M1",2000,200,0.2,"q990",40,0.2,0.8,0.95,1,1,1,8.475,6,2.925,0.075
"M1",2000,200,0.25,"ours",40,0.85,0.95,0.95,0.975,1,1,5.825,4,3.85,0
"M1",2000,200,0.25,"yu",40,0.2,0.4,0.5,0.575,0.6,0.8,48.875,21,1.85,0.475
"M1",2000,200,0.25,"q900",40,0.475,0.825,0.925,1,1,1,7.4,5,3.175,0.325
"M1",2000,200,0.25,"q950",40,0.95,1,1,1,1,1,4.05,4,3.95,0
"M1",2000,200,0.25,"q975",40,0.825,1,1,1,1,1,4.225,4,3.825,0
"M1",2000,200,0.25,"q990",40,0.25,0.8,0.975,1,1,1,7.95,6,2.875,0
"M1",2000,200,0.3,"ours",40,0.95,1,1,1,1,1,4.05,4,3.95,0
"M1",2000,200,0.3,"yu",40,0.25,0.475,0.55,0.6,0.725,0.825,39.85,14.5,1.975,0.475
"M1",2000,200,0.3,"q900",40,0.525,0.925,0.975,1,1,1,5.65,4,3.475,0.375
"M1",2000,200,0.3,"q950",40,1,1,1,1,1,1,4,4,4,0
"M1",2000,200,0.3,"q975",40,0.9,1,1,1,1,1,4.125,4,3.9,0
"M1",2000,200,0.3,"q990",40,0.2,0.975,1,1,1,1,5.875,5,2.875,0
"M1",2000,200,0.4,"ours",40,0.95,1,1,1,1,1,4.1,4,3.95,0
"M1",2000,200,0.4,"yu",40,0.375,0.775,0.8,0.875,0.9,0.95,17.1,5,2.925,0.625
"M1",2000,200,0.4,"q900",40,0.5,1,1,1,1,1,4.95,4.5,3.475,0.4
"M1",2000,200,0.4,"q950",40,0.95,1,1,1,1,1,4.05,4,3.95,0.025
"M1",2000,200,0.4,"q975",40,0.975,1,1,1,1,1,4.025,4,3.975,0
"M1",2000,200,0.4,"q990",40,0.4,0.95,1,1,1,1,5.825,5,3.25,0
"M1",2000,200,0.5,"ours",40,1,1,1,1,1,1,4,4,4,0
"M1",2000,200,0.5,"yu",40,0.35,0.8,0.925,0.95,0.975,0.975,10.275,5,2.85,0.95
"M1",2000,200,0.5,"q900",40,0.525,1,1,1,1,1,4.875,4,3.475,0.525
"M1",2000,200,0.5,"q950",40,0.95,1,1,1,1,1,4.05,4,3.95,0.05
"M1",2000,200,0.5,"q975",40,0.9,0.975,1,1,1,1,4.275,4,3.9,0.075
"M1",2000,200,0.5,"q990",40,0.575,0.975,1,1,1,1,5.2,4,3.475,0
"M1",2000,500,0,"ours",40,0.175,0.5,0.675,0.75,0.9,0.95,25.375,10.5,2.825,0
"M1",2000,500,0,"yu",40,0.025,0.075,0.1,0.2,0.275,0.375,204.375,204.5,0.65,0.375
"M1",2000,500,0,"q900",40,0,0.2,0.35,0.525,0.7,0.85,47.8,29,1.35,0.175
"M1",2000,500,0,"q950",40,0.45,0.825,0.95,0.95,0.975,1,8.525,5,3.4,0
"M1",2000,500,0,"q975",40,0.3,0.8,0.975,1,1,1,7.475,5,3.125,0
"M1",2000,500,0,"q990",40,0.025,0.225,0.375,0.575,0.75,0.95,35.75,27,1.6,0
"M1",2000,500,0.2,"ours",40,0.725,0.9,0.925,0.95,0.95,0.975,12.65,4,3.675,0
"M1",2000,500,0.2,"yu",40,0.1,0.15,0.35,0.375,0.4,0.525,119.45,84.5,1.675,0.125
"M1",2000,500,0.2,"q900",40,0.225,0.7,0.8,0.825,0.9,1,15.75,6.5,2.8,0.3
"M1",2000,500,0.2,"q950",40,0.875,0.975,0.975,0.975,0.975,1,5.4,4,3.875,0
"M1",2000,500,0.2,"q975",40,0.625,0.95,0.975,1,1,1,5.35,4,3.525,0.025
"M1",2000,500,0.2,"q990",40,0.05,0.475,0.775,0.9,0.975,1,15.4,11.5,2.2,0
"M1",2000,500,0.25,"ours",40,0.875,0.95,0.975,0.975,1,1,5.3,4,3.875,0
"M1",2000,500,0.25,"yu",40,0.15,0.375,0.45,0.525,0.625,0.75,81.95,26,1.75,0.425
"M1",2000,500,0.25,"q900",40,0.375,0.825,0.95,0.975,1,1,7.275,5,3.125,0.35
"M1",2000,500,0.25,"q950",40,0.925,1,1,1,1,1,4.075,4,3.925,0.025
"M1",2000,500,0.25,"q975",40,0.875,1,1,1,1,1,4.15,4,3.875,0
"M1",2000,500,0.25,"q990",40,0.1,0.55,0.925,1,1,1,10.725,9,2.575,0
"M1",2000,500,0.3,"ours",40,0.95,0.975,0.975,0.975,1,1,5.2,4,3.95,0
"M1",2000,500,0.3,"yu",40,0.425,0.6,0.625,0.675,0.675,0.75,77.075,5.5,2.475,0.55
"M1",2000,500,0.3,"q900",40,0.6,0.825,0.9,0.925,0.975,1,8.825,4,3.275,0.3
"M1",2000,500,0.3,"q950",40,0.95,1,1,1,1,1,4.075,4,3.95,0
"M1",2000,500,0.3,"q975",40,0.85,1,1,1,1,1,4.4,4,3.825,0
"M1",2000,500,0.3,"q990",40,0.05,0.6,0.8,0.875,0.925,0.975,16.5,8,2.375,0.025
"M1",2000,500,0.4,"ours",40,0.975,0.975,1,1,1,1,4.25,4,3.975,0
"M1",2000,500,0.4,"yu",40,0.275,0.625,0.825,0.825,0.825,0.9,33.25,6.5,2.525,0.725
"M1",2000,500,0.4,"q900",40,0.375,0.95,0.95,0.95,0.975,1,6.725,5,3.35,0.55
"M1",2000,500,0.4,"q950",40,0.975,1,1,1,1,1,4.025,4,3.975,0
"M1",2000,500,0.4,"q975",40,0.875,1,1,1,1,1,4.15,4,3.875,0.025
"M1",2000,500,0.4,"q990",40,0.225,0.825,0.95,1,1,1,7.975,7,2.775,0.05
"M1",2000,500,0.5,"ours",40,1,1,1,1,1,1,4,4,4,0
"M1",2000,500,0.5,"yu",40,0.275,0.85,0.875,0.9,0.925,0.925,24.025,5,2.8,0.8
"M1",2000,500,0.5,"q900",40,0.45,1,1,1,1,1,4.85,5,3.35,0.65
"M1",2000,500,0.5,"q950",40,0.975,1,1,1,1,1,4.025,4,3.975,0
"M1",2000,500,0.5,"q975",40,0.925,1,1,1,1,1,4.075,4,3.925,0
"M1",2000,500,0.5,"q990",40,0.275,0.925,1,1,1,1,6.3,5,3.075,0.05
"M1",2000,1000,0,"ours",40,0.2,0.525,0.625,0.65,0.7,0.725,85.85,9.5,2.775,0
"M1",2000,1000,0,"yu",40,0,0.025,0.05,0.05,0.125,0.125,445.525,417,0.275,0.2
"M1",2000,1000,0,"q900",40,0,0.125,0.175,0.3,0.525,0.65,107.6,47.5,1.175,0.225
"M1",2000,1000,0,"q950",40,0.35,0.7,0.9,0.925,0.95,0.95,16.125,6.5,3.175,0
"M1",2000,1000,0,"q975",40,0.175,0.725,0.9,0.9,0.925,0.95,16.55,7.5,2.65,0
"M1",2000,1000,0,"q990",40,0,0.15,0.175,0.325,0.525,0.8,76.875,48,1.1,0
"M1",2000,1000,0.2,"ours",40,0.75,0.925,0.95,0.95,0.975,0.975,10.175,4,3.75,0
"M1",2000,1000,0.2,"yu",40,0.1,0.25,0.3,0.3,0.4,0.425,279.05,202,1.2,0.225
"M1",2000,1000,0.2,"q900",40,0.225,0.525,0.7,0.725,0.775,0.875,41.575,10,2.475,0.175
"M1",2000,1000,0.2,"q950",40,0.7,0.95,1,1,1,1,4.975,4,3.7,0
"M1",2000,1000,0.2,"q975",40,0.325,0.9,0.975,0.975,1,1,6.625,5,3.325,0
"M1",2000,1000,0.2,"q990",40,0,0.15,0.5,0.65,0.875,0.95,34.6,21,1.625,0
"M1",2000,1000,0.25,"ours",40,0.775,0.925,0.95,0.95,0.975,0.975,9.075,4,3.775,0
"M1",2000,1000,0.25,"yu",40,0.2,0.425,0.475,0.5,0.525,0.625,191.25,34.5,1.875,0.375
"M1",2000,1000,0.25,"q900",40,0.225,0.725,0.825,0.85,0.9,0.975,20.325,6,2.875,0.275
"M1",2000,1000,0.25,"q950",40,0.8,0.975,1,1,1,1,4.65,4,3.8,0.025
"M1",2000,1000,0.25,"q975",40,0.675,0.975,0.975,1,1,1,5.225,4,3.675,0
"M1",2000,1000,0.25,"q990",40,0.025,0.2,0.525,0.7,0.8,1,27.1,19.5,1.8,0
"M1",2000,1000,0.3,"ours",40,0.925,0.975,1,1,1,1,4.375,4,3.925,0
"M1",2000,1000,0.3,"yu",40,0.175,0.4,0.425,0.475,0.5,0.575,209.475,43.5,1.825,0.375
"M1",2000,1000,0.3,"q900",40,0.325,0.7,0.875,0.925,0.975,1,11.025,6.5,2.975,0.35
"M1",2000,1000,0.3,"q950",40,0.95,1,1,1,1,1,4.125,4,3.95,0
"M1",2000,1000,0.3,"q975",40,0.675,0.975,1,1,1,1,4.625,4,3.675,0.025
"M1",2000,1000,0.3,"q990",40,0.05,0.4,0.6,0.775,0.9,0.95,26.35,14.5,2.075,0
"M1",2000,1000,0.4,"ours",40,0.95,1,1,1,1,1,4.075,4,3.95,0
"M1",2000,1000,0.4,"yu",40,0.3,0.675,0.775,0.825,0.85,0.875,61.075,6,2.65,0.525
"M1",2000,1000,0.4,"q900",40,0.525,0.925,0.95,0.975,1,1,6.65,4,3.45,0.425
"M1",2000,1000,0.4,"q950",40,1,1,1,1,1,1,4,4,4,0
"M1",2000,1000,0.4,"q975",40,0.875,1,1,1,1,1,4.125,4,3.875,0
"M1",2000,1000,0.4,"q990",40,0.175,0.625,0.825,0.925,0.975,1,12.625,9.5,2.575,0
"M1",2000,1000,0.5,"ours",40,1,1,1,1,1,1,4,4,4,0
"M1",2000,1000,0.5,"yu",40,0.2,0.9,0.95,0.95,0.95,0.975,11.2,6,2.85,0.925
"M1",2000,1000,0.5,"q900",40,0.675,1,1,1,1,1,4.45,4,3.6,0.375
"M1",2000,1000,0.5,"q950",40,1,1,1,1,1,1,4,4,4,0
"M1",2000,1000,0.5,"q975",40,0.875,1,1,1,1,1,4.175,4,3.875,0.025
"M1",2000,1000,0.5,"q990",40,0.325,0.725,0.925,0.975,0.975,1,9.25,6,2.875,0.05
"M1",2000,2000,0,"ours",40,0.1,0.325,0.525,0.6,0.725,0.775,85.3,19.5,2.6,0.025
"M1",2000,2000,0,"yu",40,0,0,0,0.075,0.075,0.125,846.575,804.5,0.225,0.025
"M1",2000,2000,0,"q900",40,0,0,0.075,0.1,0.225,0.5,267.4,120,0.575,0.075
"M1",2000,2000,0,"q950",40,0.15,0.575,0.65,0.775,0.9,0.975,20.625,8,2.875,0
"M1",2000,2000,0,"q975",40,0.125,0.45,0.675,0.775,0.85,0.9,32.6,14,2.2,0.025
"M1",2000,2000,0,"q990",40,0,0,0.075,0.125,0.25,0.55,172.625,97.5,0.55,0
"M1",2000,2000,0.2,"ours",40,0.625,0.875,0.9,0.9,0.95,0.95,11.8,4,3.575,0
"M1",2000,2000,0.2,"yu",40,0.125,0.2,0.25,0.275,0.275,0.3,425.225,311.5,1,0.225
"M1",2000,2000,0.2,"q900",40,0.125,0.4,0.55,0.675,0.825,0.875,63.725,16.5,2.15,0.1
"M1",2000,2000,0.2,"q950",40,0.725,1,1,1,1,1,4.625,4,3.725,0
"M1",2000,2000,0.2,"q975",40,0.275,0.85,0.95,1,1,1,7.4,5.5,3.225,0
"M1",2000,2000,0.2,"q990",40,0.025,0.2,0.3,0.45,0.675,0.875,53.925,32,1.275,0
"M1",2000,2000,0.25,"ours",40,0.725,0.975,0.975,1,1,1,5.025,4,3.725,0
"M1",2000,2000,0.25,"yu",40,0.125,0.25,0.325,0.35,0.4,0.425,419.8,209.5,1.4,0.275
"M1",2000,2000,0.25,"q900",40,0.175,0.6,0.775,0.825,0.95,0.975,16.1,9,2.625,0.125
"M1",2000,2000,0.25,"q950",40,0.75,1,1,1,1,1,4.475,4,3.75,0
"M1",2000,2000,0.25,"q975",40,0.55,0.925,0.95,0.975,1,1,6.05,4,3.5,0
"M1",2000,2000,0.25,"q990",40,0.05,0.275,0.5,0.625,0.8,0.95,35.475,20.5,1.55,0
"M1",2000,2000,0.3,"ours",40,0.925,1,1,1,1,1,4.15,4,3.925,0
"M1",2000,2000,0.3,"yu",40,0.15,0.35,0.425,0.45,0.525,0.575,261.975,45,1.55,0.4
"M1",2000,2000,0.3,"q900",40,0.275,0.775,0.95,0.95,0.95,0.975,13.1,6,3,0.375
"M1",2000,2000,0.3,"q950",40,0.825,0.975,1,1,1,1,4.425,4,3.825,0.025
"M1",2000,2000,0.3,"q975",40,0.55,0.925,0.975,1,1,1,5.8,4,3.525,0.025
"M1",2000,2000,0.3,"q990",40,0.05,0.275,0.575,0.7,0.85,0.975,26.7,19,1.675,0
"M1",2000,2000,0.4,"ours",40,0.95,1,1,1,1,1,4.1,4,3.95,0
"M1",2000,2000,0.4,"yu",40,0.325,0.725,0.8,0.8,0.8,0.85,53.65,5,2.775,0.625
"M1",2000,2000,0.4,"q900",40,0.475,0.925,0.95,0.975,1,1,6.675,5,3.375,0.5
"M1",2000,2000,0.4,"q950",40,0.85,1,1,1,1,1,4.15,4,3.85,0.025
"M1",2000,2000,0.4,"q975",40,0.7,0.975,1,1,1,1,4.675,4,3.675,0.025
"M1",2000,2000,0.4,"q990",40,0.1,0.35,0.6,0.7,0.775,0.95,30.875,13.5,2.025,0
"M1",2000,2000,0.5,"ours",40,1,1,1,1,1,1,4,4,4,0
"M1",2000,2000,0.5,"yu",40,0.375,0.875,0.9,0.9,0.9,0.925,57.85,5,2.975,0.65
"M1",2000,2000,0.5,"q900",40,0.525,0.925,1,1,1,1,5.275,4,3.5,0.475
"M1",2000,2000,0.5,"q950",40,1,1,1,1,1,1,4,4,4,0
"M1",2000,2000,0.5,"q975",40,0.925,1,1,1,1,1,4.1,4,3.925,0
"M1",2000,2000,0.5,"q990",40,0.075,0.525,0.8,0.925,1,1,12.275,9,2.25,0.025
"M1",5000,200,0,"ours",40,0.975,1,1,1,1,1,4.025,4,3.975,0
"M1",5000,200,0,"yu",40,0.1,0.15,0.275,0.325,0.45,0.675,71.575,56.5,1.175,0.85
"M1",5000,200,0,"q900",40,0.85,0.975,1,1,1,1,4.475,4,3.8,0.1
"M1",5000,200,0,"q950",40,1,1,1,1,1,1,4,4,4,0
"M1",5000,200,0,"q975",40,1,1,1,1,1,1,4,4,4,0
"M1",5000,200,0,"q990",40,0.825,1,1,1,1,1,4.25,4,3.825,0
"M1",5000,200,0.2,"ours",40,1,1,1,1,1,1,4,4,4,0
"M1",5000,200,0.2,"yu",40,0.35,0.55,0.775,0.85,0.875,0.95,22.425,7.5,2.525,0.7
"M1",5000,200,0.2,"q900",40,0.9,1,1,1,1,1,4.125,4,3.9,0.1
"M1",5000,200,0.2,"q950",40,1,1,1,1,1,1,4,4,4,0
"M1",5000,200,0.2,"q975",40,1,1,1,1,1,1,4,4,4,0
"M1",5000,200,0.2,"q990",40,1,1,1,1,1,1,4,4,4,0
"M1",5000,200,0.25,"ours",40,1,1,1,1,1,1,4,4,4,0
"M1",5000,200,0.25,"yu",40,0.625,0.725,0.775,0.825,0.9,0.95,16.625,4,3.05,0.35
"M1",5000,200,0.25,"q900",40,0.975,1,1,1,1,1,4.025,4,3.975,0.025
"M1",5000,200,0.25,"q950",40,1,1,1,1,1,1,4,4,4,0
"M1",5000,200,0.25,"q975",40,1,1,1,1,1,1,4,4,4,0
"M1",5000,200,0.25,"q990",40,0.95,1,1,1,1,1,4.05,4,3.95,0.025
"M1",5000,200,0.3,"ours",40,1,1,1,1,1,1,4,4,4,0
"M1",5000,200,0.3,"yu",40,0.625,0.775,0.825,0.85,0.85,0.9,20.75,4,3.1,0.475
"M1",5000,200,0.3,"q900",40,0.925,1,1,1,1,1,4.1,4,3.925,0.075
"M1",5000,200,0.3,"q950",40,1,1,1,1,1,1,4,4,4,0
"M1",5000,200,0.3,"q975",40,1,1,1,1,1,1,4,4,4,0
"M1",5000,200,0.3,"q990",40,1,1,1,1,1,1,4,4,4,0
"M1",5000,200,0.4,"ours",40,1,1,1,1,1,1,4,4,4,0
"M1",5000,200,0.4,"yu",40,0.65,0.95,0.95,0.95,0.975,0.975,8.4,4,3.45,0.4
"M1",5000,200,0.4,"q900",40,0.85,1,1,1,1,1,4.175,4,3.85,0.15
"M1",5000,200,0.4,"q950",40,1,1,1,1,1,1,4,4,4,0
"M1",5000,200,0.4,"q975",40,1,1,1,1,1,1,4,4,4,0
"M1",5000,200,0.4,"q990",40,0.975,1,1,1,1,1,4.025,4,3.975,0
"M1",5000,200,0.5,"ours",40,1,1,1,1,1,1,4,4,4,0
"M1",5000,200,0.5,"yu",40,0.625,1,1,1,1,1,4.575,4,3.625,0.375
"M1",5000,200,0.5,"q900",40,0.875,1,1,1,1,1,4.175,4,3.875,0.125
"M1",5000,200,0.5,"q950",40,1,1,1,1,1,1,4,4,4,0
"M1",5000,200,0.5,"q975",40,1,1,1,1,1,1,4,4,4,0
"M1",5000,200,0.5,"q990",40,0.95,1,1,1,1,1,4.05,4,3.95,0.05
"M1",5000,500,0,"ours",40,0.875,0.925,0.975,1,1,1,5,4,3.875,0
"M1",5000,500,0,"yu",40,0,0.1,0.15,0.175,0.25,0.325,197.775,205,0.6,0.575
"M1",5000,500,0,"q900",40,0.75,0.975,1,1,1,1,4.55,4,3.75,0.05
"M1",5000,500,0,"q950",40,1,1,1,1,1,1,4,4,4,0
"M1",5000,500,0,"q975",40,1,1,1,1,1,1,4,4,4,0
"M1",5000,500,0,"q990",40,0.85,1,1,1,1,1,4.15,4,3.85,0
"M1",5000,500,0.2,"ours",40,1,1,1,1,1,1,4,4,4,0
"M1",5000,500,0.2,"yu",40,0.25,0.55,0.6,0.65,0.75,0.825,51.175,9,2.3,0.4
"M1",5000,500,0.2,"q900",40,0.925,1,1,1,1,1,4.075,4,3.925,0.075
"M1",5000,500,0.2,"q950",40,1,1,1,1,1,1,4,4,4,0
"M1",5000,500,0.2,"q975",40,1,1,1,1,1,1,4,4,4,0
"M1",5000,500,0.2,"q990",40,0.95,1,1,1,1,1,4.05,4,3.95,0
"M1",5000,500,0.25,"ours",40,1,1,1,1,1,1,4,4,4,0
"M1",5000,500,0.25,"yu",40,0.475,0.65,0.65,0.675,0.775,0.825,47.075,5,2.725,0.375
"M1",5000,500,0.25,"q900",40,0.875,1,1,1,1,1,4.175,4,3.85,0.15
"M1",5000,500,0.25,"q950",40,1,1,1,1,1,1,4,4,4,0
"M1",5000,500,0.25,"q975",40,1,1,1,1,1,1,4,4,4,0
"M1",5000,500,0.25,"q990",40,1,1,1,1,1,1,4,4,4,0
"M1",5000,500,0.3,"ours",40,1,1,1,1,1,1,4,4,4,0
"M1",5000,500,0.3,"yu",40,0.625,0.775,0.875,0.9,0.9,0.95,17.6,4,3.15,0.375
"M1",5000,500,0.3,"q900",40,0.825,1,1,1,1,1,4.2,4,3.8,0.2
"M1",5000,500,0.3,"q950",40,0.975,1,1,1,1,1,4.025,4,3.975,0.025
"M1",5000,500,0.3,"q975",40,0.975,1,1,1,1,1,4.025,4,3.975,0.025
"M1",5000,500,0.3,"q990",40,1,1,1,1,1,1,4,4,4,0
"M1",5000,500,0.4,"ours",40,1,1,1,1,1,1,4,4,4,0
"M1",5000,500,0.4,"yu",40,0.65,0.95,1,1,1,1,5.375,4,3.575,0.3
"M1",5000,500,0.4,"q900",40,0.9,1,1,1,1,1,4.1,4,3.9,0.1
"M1",5000,500,0.4,"q950",40,1,1,1,1,1,1,4,4,4,0
"M1",5000,500,0.4,"q975",40,1,1,1,1,1,1,4,4,4,0
"M1",5000,500,0.4,"q990",40,1,1,1,1,1,1,4,4,4,0
"M1",5000,500,0.5,"ours",40,1,1,1,1,1,1,4,4,4,0
"M1",5000,500,0.5,"yu",40,0.6,0.975,0.975,0.975,1,1,5.625,4,3.525,0.45
"M1",5000,500,0.5,"q900",40,0.975,1,1,1,1,1,4.05,4,3.975,0.025
"M1",5000,500,0.5,"q950",40,1,1,1,1,1,1,4,4,4,0
"M1",5000,500,0.5,"q975",40,1,1,1,1,1,1,4,4,4,0
"M1",5000,500,0.5,"q990",40,1,1,1,1,1,1,4,4,4,0
"M1",5000,1000,0,"ours",40,0.875,1,1,1,1,1,4.425,4,3.875,0
"M1",5000,1000,0,"yu",40,0.05,0.1,0.175,0.2,0.225,0.375,298.725,196,0.95,0.2
"M1",5000,1000,0,"q900",40,0.7,0.975,0.975,0.975,1,1,5.725,4,3.7,0.05
"M1",5000,1000,0,"q950",40,1,1,1,1,1,1,4,4,4,0
"M1",5000,1000,0,"q975",40,1,1,1,1,1,1,4,4,4,0
"M1",5000,1000,0,"q990",40,0.675,1,1,1,1,1,4.55,4,3.65,0
"M1",5000,1000,0.2,"ours",40,0.975,0.975,1,1,1,1,4.175,4,3.975,0
"M1",5000,1000,0.2,"yu",40,0.275,0.475,0.525,0.55,0.625,0.725,130.3,17.5,2.225,0.425
"M1",5000,1000,0.2,"q900",40,0.8,1,1,1,1,1,4.225,4,3.8,0.125
"M1",5000,1000,0.2,"q950",40,1,1,1,1,1,1,4,4,4,0
"M1",5000,1000,0.2,"q975",40,1,1,1,1,1,1,4,4,4,0
"M1",5000,1000,0.2,"q990",40,0.975,1,1,1,1,1,4.025,4,3.975,0
"M1",5000,1000,0.25,"ours",40,1,1,1,1,1,1,4,4,4,0
"M1",5000,1000,0.25,"yu",40,0.425,0.625,0.675,0.7,0.8,0.875,55.3,5,2.8,0.275
"M1",5000,1000,0.25,"q900",40,0.925,1,1,1,1,1,4.125,4,3.9,0.1
"M1",5000,1000,0.25,"q950",40,1,1,1,1,1,1,4,4,4,0
"M1",5000,1000,0.25,"q975",40,1,1,1,1,1,1,4,4,4,0
"M1",5000,1000,0.25,"q990",40,0.95,1,1,1,1,1,4.05,4,3.95,0
"M1",5000,1000,0.3,"ours",40,1,1,1,1,1,1,4,4,4,0
"M1",5000,1000,0.3,"yu",40,0.45,0.85,0.9,0.9,0.925,0.925,22,5,3.225,0.35
"M1",5000,1000,0.3,"q900",40,0.975,1,1,1,1,1,4.025,4,3.975,0.025
"M1",5000,1000,0.3,"q950",40,1,1,1,1,1,1,4,4,4,0
"M1",5000,1000,0.3,"q975",40,1,1,1,1,1,1,4,4,4,0
"M1",5000,1000,0.3,"q990",40,0.975,1,1,1,1,1,4.025,4,3.975,0
"M1",5000,1000,0.4,"ours",40,1,1,1,1,1,1,4,4,4,0
"M1",5000,1000,0.4,"yu",40,0.525,0.95,0.95,0.95,0.95,0.975,9.425,4,3.325,0.575
"M1",5000,1000,0.4,"q900",40,0.95,1,1,1,1,1,4.05,4,3.95,0.05
"M1",5000,1000,0.4,"q950",40,1,1,1,1,1,1,4,4,4,0
"M1",5000,1000,0.4,"q975",40,1,1,1,1,1,1,4,4,4,0
"M1",5000,1000,0.4,"q990",40,0.975,1,1,1,1,1,4.025,4,3.975,0
"M1",5000,1000,0.5,"ours",40,1,1,1,1,1,1,4,4,4,0
"M1",5000,1000,0.5,"yu",40,0.425,0.975,0.975,0.975,0.975,1,5.925,5,3.3,0.7
"M1",5000,1000,0.5,"q900",40,0.875,1,1,1,1,1,4.15,4,3.875,0.125
"M1",5000,1000,0.5,"q950",40,0.975,1,1,1,1,1,4.025,4,3.975,0.025
"M1",5000,1000,0.5,"q975",40,1,1,1,1,1,1,4,4,4,0
"M1",5000,1000,0.5,"q990",40,1,1,1,1,1,1,4,4,4,0
"M1",5000,2000,0,"ours",40,0.9,0.975,0.975,0.975,0.975,0.975,9.05,4,3.9,0
"M1",5000,2000,0,"yu",40,0,0.05,0.1,0.1,0.125,0.125,734.225,805.5,0.525,0.425
"M1",5000,2000,0,"q900",40,0.5,0.925,0.975,0.975,0.975,1,7.1,4.5,3.45,0.05
"M1",5000,2000,0,"q950",40,1,1,1,1,1,1,4,4,4,0
"M1",5000,2000,0,"q975",40,0.975,1,1,1,1,1,4.025,4,3.975,0
"M1",5000,2000,0,"q990",40,0.55,0.925,1,1,1,1,5.65,4,3.5,0
"M1",5000,2000,0.2,"ours",40,0.975,1,1,1,1,1,4.125,4,3.975,0
"M1",5000,2000,0.2,"yu",40,0.35,0.525,0.525,0.55,0.6,0.675,256.3,9,2.35,0.5
"M1",5000,2000,0.2,"q900",40,0.925,1,1,1,1,1,4.1,4,3.925,0.05
"M1",5000,2000,0.2,"q950",40,1,1,1,1,1,1,4,4,4,0
"M1",5000,2000,0.2,"q975",40,1,1,1,1,1,1,4,4,4,0
"M1",5000,2000,0.2,"q990",40,0.9,1,1,1,1,1,4.15,4,3.9,0
"M1",5000,2000,0.25,"ours",40,1,1,1,1,1,1,4,4,4,0
"M1",5000,2000,0.25,"yu",40,0.475,0.7,0.75,0.775,0.8,0.825,135.65,5,2.85,0.2
"M1",5000,2000,0.25,"q900",40,0.95,1,1,1,1,1,4.05,4,3.95,0.025
"M1",5000,2000,0.25,"q950",40,1,1,1,1,1,1,4,4,4,0
"M1",5000,2000,0.25,"q975",40,1,1,1,1,1,1,4,4,4,0
"M1",5000,2000,0.25,"q990",40,0.9,1,1,1,1,1,4.175,4,3.9,0
"M1",5000,2000,0.3,"ours",40,1,1,1,1,1,1,4,4,4,0
"M1",5000,2000,0.3,"yu",40,0.575,0.775,0.775,0.775,0.8,0.825,68.075,4,3.1,0.3
"M1",5000,2000,0.3,"q900",40,0.9,1,1,1,1,1,4.125,4,3.9,0.1
"M1",5000,2000,0.3,"q950",40,1,1,1,1,1,1,4,4,4,0
"M1",5000,2000,0.3,"q975",40,1,1,1,1,1,1,4,4,4,0
"M1",5000,2000,0.3,"q990",40,0.925,1,1,1,1,1,4.125,4,3.925,0.025
"M1",5000,2000,0.4,"ours",40,1,1,1,1,1,1,4,4,4,0
"M1",5000,2000,0.4,"yu",40,0.65,0.925,0.975,0.975,0.975,0.975,31.4,4,3.525,0.4
"M1",5000,2000,0.4,"q900",40,0.925,1,1,1,1,1,4.125,4,3.9,0.1
"M1",5000,2000,0.4,"q950",40,1,1,1,1,1,1,4,4,4,0
"M1",5000,2000,0.4,"q975",40,1,1,1,1,1,1,4,4,4,0
"M1",5000,2000,0.4,"q990",40,0.975,1,1,1,1,1,4.025,4,3.975,0
"M1",5000,2000,0.5,"ours",40,1,1,1,1,1,1,4,4,4,0
"M1",5000,2000,0.5,"yu",40,0.5,1,1,1,1,1,4.8,4.5,3.475,0.525
"M1",5000,2000,0.5,"q900",40,0.95,1,1,1,1,1,4.05,4,3.95,0.05
"M1",5000,2000,0.5,"q950",40,1,1,1,1,1,1,4,4,4,0
"M1",5000,2000,0.5,"q975",40,1,1,1,1,1,1,4,4,4,0
"M1",5000,2000,0.5,"q990",40,1,1,1,1,1,1,4,4,4,0
"M2",1000,200,0,"ours",40,0,0.025,0.025,0.05,0.3,0.675,88.475,83.5,1.275,0.425
"M2",1000,200,0,"yu",40,0,0.025,0.1,0.175,0.225,0.475,93.175,103.5,0.4,0.725
"M2",1000,200,0,"q900",40,0,0.1,0.375,0.55,0.725,0.9,42.025,27.5,1.25,2.275
"M2",1000,200,0,"q950",40,0,0.125,0.475,0.575,0.775,0.925,39.475,22.5,1.8,1.125
"M2",1000,200,0,"q975",40,0,0.05,0.225,0.525,0.75,0.9,43.95,29.5,1.275,0.425
"M2",1000,200,0,"q990",40,0,0,0,0.125,0.35,0.725,74.875,69,0.475,0.05
"M2",1000,200,0.2,"ours",40,0.1,0.2,0.3,0.4,0.525,0.775,60.525,43.5,2.025,0.225
"M2",1000,200,0.2,"yu",40,0,0.075,0.175,0.225,0.375,0.65,77.725,72.5,0.7,0.825
"M2",1000,200,0.2,"q900",40,0,0.45,0.75,0.85,0.9,0.975,20.2,12,1.7,2.2
"M2",1000,200,0.2,"q950",40,0.1,0.55,0.775,0.8,0.9,0.95,21.375,9.5,2.325,1.05
"M2",1000,200,0.2,"q975",40,0.025,0.4,0.7,0.75,0.875,0.975,23.125,13,2,0.4
"M2",1000,200,0.2,"q990",40,0,0.05,0.25,0.425,0.525,0.825,53.75,40.5,0.725,0.2
"M2",1000,200,0.25,"ours",40,0.075,0.225,0.275,0.45,0.65,0.825,54.75,39,2.15,0.3
"M2",1000,200,0.25,"yu",40,0,0.025,0.125,0.175,0.25,0.675,78.3,77,0.525,0.75
"M2",1000,200,0.25,"q900",40,0,0.375,0.65,0.75,0.85,0.975,26.35,13.5,1.7,2.275
"M2",1000,200,0.25,"q950",40,0.1,0.6,0.75,0.85,0.925,1,16.4,8,2.625,1.15
"M2",1000,200,0.25,"q975",40,0.05,0.375,0.65,0.825,0.925,1,20.225,12,2,0.425
"M2",1000,200,0.25,"q990",40,0,0.075,0.275,0.425,0.675,0.85,51.375,39.5,1,0.125
"M2",1000,200,0.3,"ours",40,0,0.2,0.45,0.5,0.65,0.8,51.325,30.5,1.95,0.325
"M2",1000,200,0.3,"yu",40,0,0.025,0.075,0.175,0.325,0.675,78.5,72,0.725,0.95
"M2",1000,200,0.3,"q900",40,0,0.4,0.675,0.8,0.9,0.925,24.3,12.5,1.35,2.625
"M2",1000,200,0.3,"q950",40,0,0.425,0.8,0.95,1,1,14.2,13,2.275,1.325
"M2",1000,200,0.3,"q975",40,0.025,0.275,0.65,0.925,0.95,0.975,21.125,16,2.025,0.375
"M2",1000,200,0.3,"q990",40,0,0.075,0.225,0.425,0.575,0.85,52.625,39,0.925,0.15
"M2",1000,200,0.4,"ours",40,0.15,0.45,0.525,0.625,0.7,0.9,38.675,18,2.6,0.1
"M2",1000,200,0.4,"yu",40,0,0.075,0.175,0.25,0.4,0.7,74.275,75,0.775,0.975
"M2",1000,200,0.4,"q900",40,0.025,0.525,0.65,0.75,0.775,0.875,31.925,9,2,2
"M2",1000,200,0.4,"q950",40,0.2,0.7,0.85,0.925,0.975,0.975,13.05,7.5,2.825,0.8
"M2",1000,200,0.4,"q975",40,0.075,0.55,0.8,0.9,0.975,1,14.85,9,2.6,0.175
"M2",1000,200,0.4,"q990",40,0,0.125,0.375,0.625,0.775,1,32.175,26.5,1.25,0.025
"M2",1000,200,0.5,"ours",40,0.2,0.425,0.625,0.725,0.875,0.975,24.275,14.5,2.925,0.2
"M2",1000,200,0.5,"yu",40,0.1,0.1,0.175,0.3,0.575,0.825,62.225,44.5,0.925,1.125
"M2",1000,200,0.5,"q900",40,0.025,0.45,0.675,0.9,0.95,0.95,20.575,13,1.975,2
"M2",1000,200,0.5,"q950",40,0.2,0.75,0.85,0.875,0.975,1,12,7,2.85,0.875
"M2",1000,200,0.5,"q975",40,0.15,0.675,0.775,0.925,0.975,0.975,13.825,8,2.7,0.275
"M2",1000,200,0.5,"q990",40,0.025,0.15,0.425,0.625,0.85,0.9,34.475,23,1.175,0.125
"M2",1000,500,0,"ours",40,0,0,0.1,0.125,0.225,0.275,221.7,215.5,1,0.325
"M2",1000,500,0,"yu",40,0,0,0,0,0.025,0.175,199.4,171.5,0.325,0.575
"M2",1000,500,0,"q900",40,0,0.1,0.25,0.35,0.475,0.675,97.725,55.5,1.175,2
"M2",1000,500,0,"q950",40,0,0.025,0.125,0.225,0.425,0.7,100.85,61.5,1.425,0.925
"M2",1000,500,0,"q975",40,0,0.025,0.1,0.2,0.4,0.575,114.525,60.5,1,0.25
"M2",1000,500,0,"q990",40,0,0,0,0,0.05,0.15,208.225,196.5,0.3,0.05
"M2",1000,500,0.2,"ours",40,0,0.075,0.125,0.15,0.3,0.4,155.7,119.5,1.575,0.05
"M2",1000,500,0.2,"yu",40,0,0.025,0.1,0.15,0.225,0.325,163.925,176,0.475,0.725
"M2",1000,500,0.2,"q900",40,0.025,0.25,0.475,0.625,0.825,0.9,41.8,23,1.575,2.325
"M2",1000,500,0.2,"q950",40,0,0.35,0.55,0.675,0.725,0.875,39.925,16.5,2.2,0.95
"M2",1000,500,0.2,"q975",40,0,0.125,0.275,0.375,0.6,0.85,63.625,37.5,1.3,0.1
"M2",1000,500,0.2,"q990",40,0,0,0.025,0.05,0.175,0.4,134.65,106,0.375,0.025
"M2",1000,500,0.25,"ours",40,0.05,0.225,0.325,0.5,0.65,0.725,82.9,32,2.075,0.25
"M2",1000,500,0.25,"yu",40,0,0.025,0.15,0.2,0.225,0.4,161.55,120,0.525,0.65
"M2",1000,500,0.25,"q900",40,0.025,0.325,0.625,0.75,0.875,0.9,33.325,13,1.725,2.175
"M2",1000,500,0.25,"q950",40,0.025,0.4,0.575,0.725,0.875,1,23.725,13.5,2.375,0.675
"M2",1000,500,0.25,"q975",40,0,0.2,0.525,0.675,0.775,0.95,33.95,19.5,1.7,0.175
"M2",1000,500,0.25,"q990",40,0,0,0.075,0.125,0.375,0.55,101.55,68,0.375,0.075
"M2",1000,500,0.3,"ours",40,0.05,0.1,0.25,0.3,0.45,0.6,112.1,62,2.05,0.25
"M2",1000,500,0.3,"yu",40,0,0.025,0.05,0.05,0.15,0.325,205.85,182,0.45,0.775
"M2",1000,500,0.3,"q900",40,0,0.25,0.5,0.6,0.75,0.9,49.625,20,1.5,2.35
"M2",1000,500,0.3,"q950",40,0.05,0.375,0.575,0.8,0.85,0.95,25.75,16.5,2.325,1.075
"M2",1000,500,0.3,"q975",40,0.075,0.3,0.45,0.55,0.7,0.875,43.4,22.5,2.075,0.3
"M2",1000,500,0.3,"q990",40,0,0,0.025,0.1,0.3,0.55,107.1,95,0.45,0.075
"M2",1000,500,0.4,"ours",40,0.1,0.25,0.35,0.45,0.525,0.75,73.075,38,2.35,0.2
"M2",1000,500,0.4,"yu",40,0,0.05,0.15,0.15,0.175,0.425,166.775,151,0.65,1
"M2",1000,500,0.4,"q900",40,0,0.525,0.6,0.65,0.75,0.775,63.8,10,1.75,2.25
"M2",1000,500,0.4,"q950",40,0.15,0.475,0.725,0.775,0.825,0.9,38.475,11,2.65,1
"M2",1000,500,0.4,"q975",40,0,0.35,0.55,0.7,0.85,0.9,47.725,14.5,2.1,0.225
"M2",1000,500,0.4,"q990",40,0,0.025,0.1,0.175,0.35,0.6,88.9,76.5,0.7,0.05
"M2",1000,500,0.5,"ours",40,0.15,0.375,0.5,0.6,0.675,0.775,59.75,21,2.675,0.1
"M2",1000,500,0.5,"yu",40,0,0.075,0.15,0.2,0.3,0.4,149.075,121.5,0.925,0.6
"M2",1000,500,0.5,"q900",40,0.05,0.45,0.65,0.7,0.775,0.95,34.625,14,1.95,2.05
"M2",1000,500,0.5,"q950",40,0.075,0.625,0.85,0.9,0.925,0.975,17.4,8,2.725,0.775
"M2",1000,500,0.5,"q975",40,0,0.4,0.625,0.85,0.925,0.925,24.125,11,2.3,0.2
"M2",1000,500,0.5,"q990",40,0,0.075,0.15,0.325,0.55,0.8,72.6,48.5,0.7,0.025
"M2",1000,1000,0,"ours",40,0,0,0,0.05,0.175,0.225,401.375,318.5,0.925,0.25
"M2",1000,1000,0,"yu",40,0,0,0,0.025,0.05,0.075,421.175,423,0.225,0.425
"M2",1000,1000,0,"q900",40,0,0.025,0.05,0.175,0.325,0.6,152.35,85.5,1.075,1.875
"M2",1000,1000,0,"q950",40,0,0.025,0.1,0.175,0.4,0.65,104.5,88,1.05,0.65
"M2",1000,1000,0,"q975",40,0,0,0.025,0.05,0.25,0.5,180.575,101,0.7,0.075
"M2",1000,1000,0,"q990",40,0,0,0,0,0.025,0.05,324.825,307.5,0.05,0.025
"M2",1000,1000,0.2,"ours",40,0,0.075,0.15,0.225,0.25,0.275,299.525,230.5,1.425,0.175
"M2",1000,1000,0.2,"yu",40,0,0,0.025,0.025,0.025,0.1,384.95,317.5,0.375,0.55
"M2",1000,1000,0.2,"q900",40,0,0.225,0.45,0.475,0.6,0.75,87.425,32.5,1.475,2.225
"M2",1000,1000,0.2,"q950",40,0.05,0.2,0.35,0.45,0.55,0.775,80.375,41,1.9,0.85
"M2",1000,1000,0.2,"q975",40,0,0.05,0.225,0.35,0.55,0.725,100.85,44.5,1.05,0.15
"M2",1000,1000,0.2,"q990",40,0,0,0,0,0.075,0.35,192.3,149,0.2,0.075
"M2",1000,1000,0.25,"ours",40,0.025,0.075,0.15,0.175,0.375,0.425,234.225,133.5,1.475,0.275
"M2",1000,1000,0.25,"yu",40,0,0.025,0.025,0.05,0.05,0.15,362.25,375,0.4,0.525
"M2",1000,1000,0.25,"q900",40,0,0.125,0.375,0.45,0.6,0.675,88.1,33.5,1.45,2.425
"M2",1000,1000,0.25,"q950",40,0.025,0.225,0.4,0.45,0.625,0.8,81.75,33.5,2.05,0.8
"M2",1000,1000,0.25,"q975",40,0,0.025,0.25,0.325,0.425,0.675,99.25,56,1.325,0.225
"M2",1000,1000,0.25,"q990",40,0,0,0,0,0.075,0.175,244,179,0.35,0.025
"M2",1000,1000,0.3,"ours",40,0.05,0.2,0.25,0.325,0.4,0.425,251.125,194,2,0.25
"M2",1000,1000,0.3,"yu",40,0,0,0,0,0.05,0.25,316.5,258,0.425,0.875
"M2",1000,1000,0.3,"q900",40,0,0.25,0.475,0.525,0.7,0.825,64.875,25.5,1.625,2.275
"M2",1000,1000,0.3,"q950",40,0.025,0.25,0.45,0.5,0.625,0.775,72.525,27.5,2.2,0.9
"M2",1000,1000,0.3,"q975",40,0,0.075,0.2,0.425,0.55,0.75,88.175,41.5,1.25,0.225
"M2",1000,1000,0.3,"q990",40,0,0.025,0.025,0.05,0.1,0.4,188.925,155.5,0.375,0.05
"M2",1000,1000,0.4,"ours",40,0.15,0.25,0.325,0.325,0.45,0.525,169.9,75.5,2.6,0.075
"M2",1000,1000,0.4,"yu",40,0,0,0.025,0.05,0.1,0.175,348.55,319.5,0.275,0.45
"M2",1000,1000,0.4,"q900",40,0.025,0.425,0.625,0.675,0.7,0.775,103.275,13,1.85,2.075
"M2",1000,1000,0.4,"q950",40,0.1,0.5,0.675,0.75,0.825,0.825,61.725,10.5,2.675,0.65
"M2",1000,1000,0.4,"q975",40,0,0.075,0.325,0.475,0.675,0.9,59.6,32,1.8,0.05
"M2",1000,1000,0.4,"q990",40,0,0.025,0.075,0.1,0.175,0.575,120.075,85.5,0.275,0.025
"M2",1000,1000,0.5,"ours",40,0.05,0.225,0.325,0.375,0.475,0.6,163.55,57,2.3,0.125
"M2",1000,1000,0.5,"yu",40,0,0.025,0.025,0.075,0.1,0.175,382,353.5,0.5,0.575
"M2",1000,1000,0.5,"q900",40,0,0.325,0.5,0.525,0.6,0.725,138.8,19,1.7,2.275
"M2",1000,1000,0.5,"q950",40,0.1,0.45,0.625,0.75,0.875,0.95,38.475,11,2.575,0.85
"M2",1000,1000,0.5,"q975",40,0,0.3,0.625,0.725,0.825,0.9,51.45,16.5,1.8,0.1
"M2",1000,1000,0.5,"q990",40,0,0.025,0.05,0.05,0.2,0.45,155.575,108,0.325,0.025
"M2",1000,2000,0,"ours",40,0,0,0,0.05,0.075,0.125,789.4,673,0.775,0.225
"M2",1000,2000,0,"yu",40,0,0,0,0,0,0,904,874,0.1,0.175
"M2",1000,2000,0,"q900",40,0,0.025,0.05,0.075,0.175,0.375,337.825,141.5,1.125,1.75
"M2",1000,2000,0,"q950",40,0,0,0.1,0.175,0.275,0.4,289.85,136.5,0.95,0.4
"M2",1000,2000,0,"q975",40,0,0.025,0.05,0.075,0.125,0.225,419.85,211,0.45,0.075
"M2",1000,2000,0,"q990",40,0,0,0,0,0,0,627.5,512,0.175,0.025
"M2",1000,2000,0.2,"ours",40,0,0.05,0.05,0.05,0.075,0.175,555.775,366.5,1.45,0.125
"M2",1000,2000,0.2,"yu",40,0,0,0,0.025,0.05,0.075,762.775,727.5,0.15,0.225
"M2",1000,2000,0.2,"q900",40,0,0.15,0.275,0.35,0.475,0.55,158.725,57.5,1.525,2.05
"M2",1000,2000,0.2,"q950",40,0,0.075,0.25,0.35,0.5,0.7,105.45,48,1.6,0.45
"M2",1000,2000,0.2,"q975",40,0,0,0.025,0.125,0.15,0.475,178.5,129.5,0.8,0.05
"M2",1000,2000,0.2,"q990",40,0,0,0.025,0.025,0.025,0.025,521.1,428.5,0.15,0
"M2",1000,2000,0.25,"ours",40,0,0.1,0.125,0.15,0.175,0.3,482.75,338.5,1.55,0.175
"M2",1000,2000,0.25,"yu",40,0,0,0,0,0.025,0.1,754.75,793.5,0.25,0.475
"M2",1000,2000,0.25,"q900",40,0,0.075,0.25,0.4,0.55,0.675,122.45,40,1.475,2.15
"M2",1000,2000,0.25,"q950",40,0,0.1,0.325,0.475,0.55,0.875,77.15,41,1.85,0.725
"M2",1000,2000,0.25,"q975",40,0,0,0.125,0.275,0.425,0.65,134.85,72,0.7,0.05
"M2",1000,2000,0.25,"q990",40,0,0,0,0,0,0.025,406.85,365,0.125,0
"M2",1000,2000,0.3,"ours",40,0.05,0.15,0.2,0.2,0.25,0.35,509.825,195,2,0.225
"M2",1000,2000,0.3,"yu",40,0,0,0,0,0.05,0.175,571.475,479,0.375,0.625
"M2",1000,2000,0.3,"q900",40,0,0.2,0.35,0.375,0.5,0.675,205.2,52,1.775,2.125
"M2",1000,2000,0.3,"q950",40,0.05,0.25,0.45,0.575,0.6,0.725,111.5,28.5,2.1,0.575
"M2",1000,2000,0.3,"q975",40,0,0.025,0.125,0.25,0.4,0.6,144,80,1.35,0.1
"M2",1000,2000,0.3,"q990",40,0,0,0.025,0.025,0.075,0.225,371.15,302.5,0.4,0
"M2",1000,2000,0.4,"ours",40,0.025,0.075,0.15,0.25,0.325,0.45,215.45,126,2.175,0.05
"M2",1000,2000,0.4,"yu",40,0.025,0.025,0.05,0.05,0.05,0.2,644.775,482,0.45,0.325
"M2",1000,2000,0.4,"q900",40,0,0.275,0.525,0.575,0.625,0.65,136.55,18,1.775,2.1
"M2",1000,2000,0.4,"q950",40,0,0.4,0.6,0.65,0.7,0.85,107.65,17,2.35,0.775
"M2",1000,2000,0.4,"q975",40,0,0.025,0.125,0.225,0.525,0.75,123.525,46.5,1.2,0.1
"M2",1000,2000,0.4,"q990",40,0,0,0,0,0.025,0.1,322.025,261.5,0.225,0
"M2",1000,2000,0.5,"ours",40,0.075,0.125,0.15,0.175,0.225,0.35,533.475,285.5,2.125,0.15
"M2",1000,2000,0.5,"yu",40,0,0.025,0.025,0.05,0.1,0.1,665.425,569,0.575,0.65
"M2",1000,2000,0.5,"q900",40,0,0.2,0.275,0.35,0.425,0.5,344.7,88,1.65,2.275
"M2",1000,2000,0.5,"q950",40,0.025,0.3,0.45,0.525,0.575,0.725,125.7,29.5,2.325,0.775
"M2",1000,2000,0.5,"q975",40,0.025,0.1,0.3,0.325,0.525,0.675,170.7,48.5,1.6,0.05
"M2",1000,2000,0.5,"q990",40,0,0,0,0.05,0.1,0.3,363.8,306.5,0.225,0
"M2",2000,200,0,"ours",40,0,0.25,0.325,0.425,0.5,0.75,60.375,53,2.15,0.3
"M2",2000,200,0,"yu",40,0,0.05,0.15,0.2,0.4,0.85,64.35,59.5,0.625,0.7
"M2",2000,200,0,"q900",40,0,0.9,0.975,1,1,1,9.125,8,1.4,2.6
"M2",2000,200,0,"q950",40,0.075,0.925,1,1,1,1,7.1,6,2.625,1.325
"M2",2000,200,0,"q975",40,0.175,0.775,1,1,1,1,8.025,6,2.725,0.575
"M2",2000,200,0,"q990",40,0.025,0.25,0.7,0.75,0.875,0.975,23.4,15,1.925,0.175
"M2",2000,200,0.2,"ours",40,0.4,0.55,0.7,0.775,0.825,0.85,32.95,8.5,3.025,0.2
"M2",2000,200,0.2,"yu",40,0.025,0.15,0.3,0.325,0.525,0.75,60.35,46,0.925,0.675
"M2",2000,200,0.2,"q900",40,0,0.925,0.95,0.975,0.975,1,9.35,8,1.575,2.425
"M2",2000,200,0.2,"q950",40,0.15,0.925,1,1,1,1,6.575,6,2.825,1.175
"M2",2000,200,0.2,"q975",40,0.325,0.95,0.975,1,1,1,6.525,5,3.225,0.45
"M2",2000,200,0.2,"q990",40,0.075,0.65,0.9,0.95,0.95,0.95,15.075,9.5,2.625,0.1
"M2",2000,200,0.25,"ours",40,0.45,0.775,0.9,0.95,1,1,8.95,5,3.325,0.25
"M2",2000,200,0.25,"yu",40,0.05,0.225,0.35,0.475,0.625,0.875,49.7,33,1.15,0.825
"M2",2000,200,0.25,"q900",40,0,0.925,0.975,0.975,1,1,8.8,8,1.625,2.375
"M2",2000,200,0.25,"q950",40,0.125,1,1,1,1,1,6.375,6,2.85,1.15
"M2",2000,200,0.25,"q975",40,0.325,0.925,1,1,1,1,5.725,5,3.175,0.6
"M2",2000,200,0.25,"q990",40,0.125,0.625,0.9,1,1,1,10.325,7,2.7,0.1
"M2",2000,200,0.3,"ours",40,0.275,0.75,0.925,0.975,1,1,9.5,6,3.125,0.25
"M2",2000,200,0.3,"yu",40,0,0.125,0.275,0.375,0.425,0.825,59.575,54,0.85,0.875
"M2",2000,200,0.3,"q900",40,0,0.925,0.975,1,1,1,8.45,8,1.7,2.3
"M2",2000,200,0.3,"q950",40,0.125,0.975,1,1,1,1,6.5,6,2.7,1.3
"M2",2000,200,0.3,"q975",40,0.5,0.925,0.975,1,1,1,5.8,4.5,3.475,0.4
"M2",2000,200,0.3,"q990",40,0.2,0.8,0.95,1,1,1,8.425,7,2.625,0.125
"M2",2000,200,0.4,"ours",40,0.575,0.75,0.8,0.85,0.9,1,15.025,4,3.55,0.075
"M2",2000,200,0.4,"yu",40,0.05,0.175,0.275,0.4,0.475,0.75,61.275,56,1.1,0.825
"M2",2000,200,0.4,"q900",40,0,0.875,0.9,0.9,0.95,0.975,13.575,7,1.9,2.1
"M2",2000,200,0.4,"q950",40,0.35,0.925,1,1,1,1,5.85,5,3.15,0.825
"M2",2000,200,0.4,"q975",40,0.6,0.975,1,1,1,1,5.05,4,3.575,0.275
"M2",2000,200,0.4,"q990",40,0.15,0.775,0.925,0.975,1,1,8.225,6,2.9,0.2
"M2",2000,200,0.5,"ours",40,0.475,0.8,0.9,0.95,1,1,9.025,5,3.4,0.025
"M2",2000,200,0.5,"yu",40,0,0.15,0.25,0.375,0.525,0.65,70.55,42,1.1,1.6
"M2",2000,200,0.5,"q900",40,0,0.8,0.925,0.95,1,1,10.35,8,1.975,2.025
"M2",2000,200,0.5,"q950",40,0.3,1,1,1,1,1,5.625,5,3.05,0.95
"M2",2000,200,0.5,"q975",40,0.65,0.975,1,1,1,1,4.975,4,3.625,0.275
"M2",2000,200,0.5,"q990",40,0.35,0.825,0.95,0.975,1,1,7.75,5.5,3.125,0.125
"M2",2000,500,0,"ours",40,0.025,0.125,0.175,0.225,0.25,0.4,162.95,131.5,1.8,0.225
"M2",2000,500,0,"yu",40,0,0.025,0.1,0.125,0.2,0.325,177.15,188,0.425,0.6
"M2",2000,500,0,"q900",40,0,0.65,0.825,0.9,0.95,1,14.9,9,1.375,2.6
"M2",2000,500,0,"q950",40,0.075,0.55,0.825,0.925,0.95,1,14.1,8.5,2.425,1.4
"M2",2000,500,0,"q975",40,0.15,0.5,0.675,0.8,0.825,1,21.2,10.5,2.675,0.525
"M2",2000,500,0,"q990",40,0,0.05,0.2,0.475,0.65,0.875,51.55,36,1.175,0.15
"M2",2000,500,0.2,"ours",40,0.25,0.575,0.7,0.75,0.825,0.9,39.475,8.5,2.85,0.275
"M2",2000,500,0.2,"yu",40,0,0.05,0.05,0.175,0.3,0.45,150.15,147,0.55,0.575
"M2",2000,500,0.2,"q900",40,0,0.775,0.975,0.975,1,1,9.625,8,1.475,2.525
"M2",2000,500,0.2,"q950",40,0.125,0.9,0.975,0.975,1,1,7.3,7,2.75,1.2
"M2",2000,500,0.2,"q975",40,0.25,0.875,0.95,1,1,1,7.375,6,3.075,0.375
"M2",2000,500,0.2,"q990",40,0.05,0.25,0.475,0.7,0.9,1,25.75,22,1.75,0.125
"M2",2000,500,0.25,"ours",40,0.3,0.575,0.675,0.775,0.85,0.9,44.675,7,2.975,0.2
"M2",2000,500,0.25,"yu",40,0,0.125,0.2,0.25,0.35,0.575,118.2,80.5,0.9,1.025
"M2",2000,500,0.25,"q900",40,0,0.775,0.9,0.95,0.975,0.975,12.6,8,1.725,2.275
"M2",2000,500,0.25,"q950",40,0.075,0.875,0.95,0.95,0.975,1,9.9,7,2.6,1.375
"M2",2000,500,0.25,"q975",40,0.3,0.825,0.975,1,1,1,7.2,5,3.175,0.5
"M2",2000,500,0.25,"q990",40,0.05,0.3,0.725,0.8,0.9,0.975,21.4,15,2.025,0.025
"M2",2000,500,0.3,"ours",40,0.325,0.625,0.75,0.8,0.825,0.925,24.925,6.5,3.25,0.125
"M2",2000,500,0.3,"yu",40,0.025,0.125,0.225,0.275,0.375,0.45,135.175,112.5,0.925,0.8
"M2",2000,500,0.3,"q900",40,0,0.825,0.875,0.925,0.95,0.975,20.75,8,1.725,2.275
"M2",2000,500,0.3,"q950",40,0.125,0.95,0.975,0.975,0.975,0.975,9.1,6,2.825,1.15
"M2",2000,500,0.3,"q975",40,0.4,0.925,0.975,0.975,0.975,1,7.225,5,3.275,0.325
"M2",2000,500,0.3,"q990",40,0.025,0.475,0.75,0.9,0.95,1,17.025,12,2.225,0.075
"M2",2000,500,0.4,"ours",40,0.55,0.7,0.775,0.825,0.875,0.95,21.8,4,3.5,0.075
"M2",2000,500,0.4,"yu",40,0.025,0.1,0.175,0.325,0.45,0.625,110.075,56.5,1.025,1
"M2",2000,500,0.4,"q900",40,0,0.8,0.875,0.9,0.9,0.975,15.8,8,1.8,2.2
"M2",2000,500,0.4,"q950",40,0.225,0.85,0.975,0.975,0.975,1,8,6,3,1
"M2",2000,500,0.4,"q975",40,0.5,0.9,1,1,1,1,5.9,4.5,3.475,0.3
"M2",2000,500,0.4,"q990",40,0.075,0.325,0.8,0.925,0.95,1,16.175,12.5,2.2,0.05
"M2",2000,500,0.5,"ours",40,0.65,0.85,0.875,0.9,0.925,1,11.225,4,3.625,0
"M2",2000,500,0.5,"yu",40,0.075,0.175,0.325,0.4,0.45,0.5,124.7,96.5,1.15,1.075
"M2",2000,500,0.5,"q900",40,0,0.75,0.925,0.95,1,1,11.075,8,2.075,1.925
"M2",2000,500,0.5,"q950",40,0.35,0.975,0.975,0.975,0.975,1,6.475,5,3.25,0.725
"M2",2000,500,0.5,"q975",40,0.75,0.975,0.975,1,1,1,5.05,4,3.75,0.075
"M2",2000,500,0.5,"q990",40,0.125,0.675,0.9,0.975,1,1,10.1,8,2.625,0.125
"M2",2000,1000,0,"ours",40,0.025,0.175,0.225,0.3,0.325,0.45,281.625,116,1.625,0.25
"M2",2000,1000,0,"yu",40,0.025,0.05,0.075,0.075,0.175,0.3,303.375,249.5,0.45,0.65
"M2",2000,1000,0,"q900",40,0,0.5,0.7,0.725,0.85,0.925,35.975,10.5,1.4,2.525
"M2",2000,1000,0,"q950",40,0.025,0.55,0.775,0.8,0.9,1,17.85,10,2.5,1.025
"M2",2000,1000,0,"q975",40,0.025,0.3,0.575,0.775,0.875,0.975,26.525,18,2.2,0.35
"M2",2000,1000,0,"q990",40,0,0,0.075,0.225,0.35,0.6,111.925,97,0.75,0.15
"M2",2000,1000,0.2,"ours",40,0.3,0.425,0.525,0.55,0.6,0.8,92.8,16,2.925,0.1
"M2",2000,1000,0.2,"yu",40,0,0.075,0.125,0.175,0.2,0.325,262.875,214.5,0.5,0.65
"M2",2000,1000,0.2,"q900",40,0,0.8,0.925,0.95,0.95,0.975,13.3,8,1.9,2.1
"M2",2000,1000,0.2,"q950",40,0.15,0.775,0.95,0.975,0.975,1,9.025,6,2.925,1.025
"M2",2000,1000,0.2,"q975",40,0.175,0.775,0.9,0.95,0.95,0.95,13.775,6,3,0.3
"M2",2000,1000,0.2,"q990",40,0.025,0.075,0.25,0.6,0.8,0.875,45.375,26,1.45,0.025
"M2",2000,1000,0.25,"ours",40,0.2,0.35,0.55,0.575,0.6,0.725,100.95,19,2.825,0.1
"M2",2000,1000,0.25,"yu",40,0,0.025,0.075,0.075,0.125,0.3,236.325,204.5,0.5,0.7
"M2",2000,1000,0.25,"q900",40,0,0.825,0.925,0.975,0.975,0.975,16.25,8,1.8,2.2
"M2",2000,1000,0.25,"q950",40,0.225,0.875,0.975,0.975,1,1,7.875,6,3.1,0.875
"M2",2000,1000,0.25,"q975",40,0.275,0.825,0.95,0.975,1,1,7.825,6,3.1,0.325
"M2",2000,1000,0.25,"q990",40,0.05,0.175,0.475,0.75,0.85,0.95,31.7,21.5,1.625,0.05
"M2",2000,1000,0.3,"ours",40,0.2,0.525,0.575,0.675,0.775,0.85,68.85,8.5,2.925,0.175
"M2",2000,1000,0.3,"yu",40,0,0.1,0.15,0.175,0.2,0.3,265.875,265,0.525,0.7
"M2",2000,1000,0.3,"q900",40,0,0.775,0.9,0.975,0.975,1,11.375,8,1.7,2.3
"M2",2000,1000,0.3,"q950",40,0.2,0.95,1,1,1,1,6.25,6,2.9,1.075
"M2",2000,1000,0.3,"q975",40,0.225,0.9,0.925,0.975,1,1,8.025,6,3.1,0.225
"M2",2000,1000,0.3,"q990",40,0.025,0.225,0.45,0.625,0.8,0.925,35.825,22.5,1.75,0.05
"M2",2000,1000,0.4,"ours",40,0.3,0.575,0.7,0.75,0.8,0.85,48.95,7,3.25,0.025
"M2",2000,1000,0.4,"yu",40,0.025,0.1,0.125,0.2,0.3,0.4,197.9,194,0.9,0.55
"M2",2000,1000,0.4,"q900",40,0.025,0.625,0.85,0.9,0.95,0.975,14.975,8,1.925,2.075
"M2",2000,1000,0.4,"q950",40,0.25,0.85,0.975,0.975,0.975,1,8.025,6,3.1,0.875
"M2",2000,1000,0.4,"q975",40,0.375,0.875,0.95,0.95,0.95,0.975,9.8,5,3.275,0.275
"M2",2000,1000,0.4,"q990",40,0.05,0.35,0.725,0.85,0.925,0.975,23.225,16.5,1.725,0.025
"M2",2000,1000,0.5,"ours",40,0.5,0.725,0.85,0.9,0.9,0.95,20.45,4.5,3.45,0.05
"M2",2000,1000,0.5,"yu",40,0.025,0.075,0.075,0.175,0.3,0.5,176.725,100,0.8,0.8
"M2",2000,1000,0.5,"q900",40,0.025,0.7,0.95,0.95,1,1,11.4,8.5,1.975,2.025
"M2",2000,1000,0.5,"q950",40,0.275,0.95,1,1,1,1,6.175,6,3.15,0.8
"M2",2000,1000,0.5,"q975",40,0.55,0.925,1,1,1,1,5.4,4,3.525,0.275
"M2",2000,1000,0.5,"q990",40,0.125,0.475,0.775,0.9,0.925,1,16.075,13,2.2,0.025
"M2",2000,2000,0,"ours",40,0.025,0.125,0.175,0.2,0.225,0.3,504.15,324,1.625,0.175
"M2",2000,2000,0,"yu",40,0,0,0,0,0,0.05,648.425,476.5,0.325,0.25
"M2",2000,2000,0,"q900",40,0,0.45,0.625,0.75,0.8,0.875,72.075,11,1.45,2.45
"M2",2000,2000,0,"q950",40,0.075,0.5,0.6,0.75,0.85,0.95,27.4,10.5,2.325,1.225
"M2",2000,2000,0,"q975",40,0,0.125,0.3,0.5,0.725,0.875,70.425,30,1.925,0.325
"M2",2000,2000,0,"q990",40,0,0,0,0.05,0.1,0.375,228.125,173,0.575,0.05
"M2",2000,2000,0.2,"ours",40,0.1,0.35,0.375,0.45,0.475,0.55,272.775,75,2.225,0.15
"M2",2000,2000,0.2,"yu",40,0,0.05,0.075,0.125,0.15,0.225,548.25,450.5,0.375,0.55
"M2",2000,2000,0.2,"q900",40,0,0.675,0.875,0.925,0.95,0.95,41.675,8,1.525,2.475
"M2",2000,2000,0.2,"q950",40,0.075,0.75,0.825,0.9,0.925,0.975,15.675,7,2.675,1.25
"M2",2000,2000,0.2,"q975",40,0.05,0.55,0.925,0.925,0.95,0.95,31.45,9.5,2.575,0.3
"M2",2000,2000,0.2,"q990",40,0,0.05,0.1,0.325,0.525,0.675,106.225,46,1.1,0
"M2",2000,2000,0.25,"ours",40,0.175,0.425,0.525,0.625,0.7,0.8,160.625,19,2.65,0.125
"M2",2000,2000,0.25,"yu",40,0,0,0.05,0.075,0.1,0.175,591.075,396.5,0.325,0.625
"M2",2000,2000,0.25,"q900",40,0,0.6,0.725,0.75,0.875,0.975,21.475,9,1.525,2.45
"M2",2000,2000,0.25,"q950",40,0.175,0.7,0.875,0.925,0.925,1,14.175,7.5,2.825,1.1
"M2",2000,2000,0.25,"q975",40,0.225,0.625,0.8,0.85,0.9,0.95,23.55,8,3.05,0.175
"M2",2000,2000,0.25,"q990",40,0,0.025,0.2,0.375,0.45,0.75,98.775,58.5,1.1,0.05
"M2",2000,2000,0.3,"ours",40,0.175,0.375,0.475,0.525,0.65,0.775,205.275,25,2.875,0.15
"M2",2000,2000,0.3,"yu",40,0,0.1,0.15,0.15,0.175,0.25,561.175,357,0.6,0.75
"M2",2000,2000,0.3,"q900",40,0,0.775,0.85,0.85,0.875,0.925,25.75,8,1.7,2.3
"M2",2000,2000,0.3,"q950",40,0.175,0.825,0.925,0.95,0.95,0.95,29.975,7,2.775,1.175
"M2",2000,2000,0.3,"q975",40,0.3,0.6,0.85,0.875,0.925,0.95,40.525,6,3.125,0.275
"M2",2000,2000,0.3,"q990",40,0,0.025,0.225,0.325,0.5,0.85,120.05,51,1.1,0.05
"M2",2000,2000,0.4,"ours",40,0.4,0.6,0.7,0.725,0.725,0.8,120.6,5.5,3.1,0.025
"M2",2000,2000,0.4,"yu",40,0,0.025,0.1,0.125,0.225,0.25,450.4,436.5,0.55,0.575
"M2",2000,2000,0.4,"q900",40,0,0.675,0.825,0.9,0.925,0.95,27.95,7,1.825,2.175
"M2",2000,2000,0.4,"q950",40,0.25,0.875,0.95,0.975,0.975,0.975,9.25,6,3.125,0.8
"M2",2000,2000,0.4,"q975",40,0.375,0.875,0.95,1,1,1,6.925,5,3.3,0.15
"M2",2000,2000,0.4,"q990",40,0.05,0.15,0.45,0.575,0.775,0.925,38.15,24.5,1.625,0.05
"M2",2000,2000,0.5,"ours",40,0.475,0.75,0.825,0.825,0.85,0.875,33.325,5,3.425,0.025
"M2",2000,2000,0.5,"yu",40,0,0,0,0.05,0.075,0.2,544.95,366,0.525,0.7
"M2",2000,2000,0.5,"q900",40,0,0.8,0.925,0.925,0.975,0.975,16.55,7,2.225,1.775
"M2",2000,2000,0.5,"q950",40,0.45,0.925,0.95,1,1,1,6.375,5,3.425,0.575
"M2",2000,2000,0.5,"q975",40,0.45,0.875,0.975,1,1,1,6.475,5,3.45,0.05
"M2",2000,2000,0.5,"q990",40,0,0.25,0.475,0.6,0.85,0.975,31.65,23,2.075,0
"M2",5000,200,0,"ours",40,0.375,0.725,0.85,0.875,0.95,1,12.3,5,3.225,0.075
"M2",5000,200,0,"yu",40,0,0.1,0.3,0.525,0.625,0.875,47.65,30,1.075,1.025
"M2",5000,200,0,"q900",40,0,1,1,1,1,1,7.775,8,1.1,2.9
"M2",5000,200,0,"q950",40,0.3,1,1,1,1,1,5.575,5,3.125,0.875
"M2",5000,200,0,"q975",40,0.725,1,1,1,1,1,4.375,4,3.725,0.275
"M2",5000,200,0,"q990",40,0.65,1,1,1,1,1,4.45,4,3.65,0.125
"M2",5000,200,0.2,"ours",40,0.725,1,1,1,1,1,4.475,4,3.725,0.075
"M2",5000,200,0.2,"yu",40,0,0.175,0.375,0.475,0.7,0.925,41.275,35.5,1.175,1.025
"M2",5000,200,0.2,"q900",40,0,1,1,1,1,1,7.95,8,1.5,2.5
"M2",5000,200,0.2,"q950",40,0.25,1,1,1,1,1,5.65,6,3.075,0.925
"M2",5000,200,0.2,"q975",40,0.8,1,1,1,1,1,4.25,4,3.8,0.2
"M2",5000,200,0.2,"q990",40,0.9,1,1,1,1,1,4.125,4,3.9,0
"M2",5000,200,0.25,"ours",40,0.85,0.95,0.95,0.95,0.975,1,6.325,4,3.85,0.025
"M2",5000,200,0.25,"yu",40,0,0.15,0.275,0.35,0.575,0.875,50.575,42.5,0.95,1.075
"M2",5000,200,0.25,"q900",40,0,1,1,1,1,1,7.75,8,1.425,2.575
"M2",5000,200,0.25,"q950",40,0.225,1,1,1,1,1,5.825,6,3.025,0.975
"M2",5000,200,0.25,"q975",40,0.8,1,1,1,1,1,4.35,4,3.8,0.2
"M2",5000,200,0.25,"q990",40,0.875,1,1,1,1,1,4.275,4,3.875,0.075
"M2",5000,200,0.3,"ours",40,0.95,0.975,0.975,0.975,0.975,1,5.825,4,3.925,0.025
"M2",5000,200,0.3,"yu",40,0.125,0.225,0.45,0.55,0.7,0.95,39.675,22,1.725,0.725
"M2",5000,200,0.3,"q900",40,0,1,1,1,1,1,7.725,8,1.65,2.35
"M2",5000,200,0.3,"q950",40,0.25,1,1,1,1,1,5.4,5,3.125,0.875
"M2",5000,200,0.3,"q975",40,0.925,1,1,1,1,1,4.1,4,3.925,0.075
"M2",5000,200,0.3,"q990",40,0.9,1,1,1,1,1,4.15,4,3.9,0.075
"M2",5000,200,0.4,"ours",40,0.9,0.95,0.975,0.975,0.975,1,5.6,4,3.9,0.025
"M2",5000,200,0.4,"yu",40,0.05,0.425,0.55,0.65,0.7,0.9,36.75,13,1.6,1.25
"M2",5000,200,0.4,"q900",40,0,1,1,1,1,1,7.825,8,1.65,2.35
"M2",5000,200,0.4,"q950",40,0.275,1,1,1,1,1,5.775,6,3.15,0.85
"M2",5000,200,0.4,"q975",40,0.8,1,1,1,1,1,4.275,4,3.8,0.2
"M2",5000,200,0.4,"q990",40,1,1,1,1,1,1,4,4,4,0
"M2",5000,200,0.5,"ours",40,0.95,1,1,1,1,1,4.075,4,3.95,0
"M2",5000,200,0.5,"yu",40,0.125,0.5,0.7,0.725,0.85,0.95,24.875,10.5,2.05,1.125
"M2",5000,200,0.5,"q900",40,0,1,1,1,1,1,7.925,8,1.975,2.025
"M2",5000,200,0.5,"q950",40,0.325,1,1,1,1,1,5.525,6,3.325,0.675
"M2",5000,200,0.5,"q975",40,0.95,1,1,1,1,1,4.075,4,3.95,0.05
"M2",5000,200,0.5,"q990",40,1,1,1,1,1,1,4,4,4,0
"M2",5000,500,0,"ours",40,0.35,0.7,0.75,0.775,0.825,0.875,35.9,6,3.05,0.2
"M2",5000,500,0,"yu",40,0,0.075,0.175,0.225,0.4,0.625,116.825,68,0.85,0.825
"M2",5000,500,0,"q900",40,0,1,1,1,1,1,7.925,8,1,3
"M2",5000,500,0,"q950",40,0.175,1,1,1,1,1,5.95,6,2.95,1.05
"M2",5000,500,0,"q975",40,0.675,1,1,1,1,1,4.55,4,3.65,0.35
"M2",5000,500,0,"q990",40,0.675,0.925,0.975,0.975,1,1,5.525,4,3.625,0.15
"M2",5000,500,0.2,"ours",40,0.975,0.975,0.975,1,1,1,4.65,4,3.975,0
"M2",5000,500,0.2,"yu",40,0.025,0.075,0.125,0.2,0.275,0.4,131.875,135.5,0.725,1
"M2",5000,500,0.2,"q900",40,0,1,1,1,1,1,7.675,8,1.525,2.475
"M2",5000,500,0.2,"q950",40,0.275,1,1,1,1,1,5.375,5.5,3,1
"M2",5000,500,0.2,"q975",40,0.85,1,1,1,1,1,4.2,4,3.825,0.175
"M2",5000,500,0.2,"q990",40,0.925,1,1,1,1,1,4.1,4,3.925,0
"M2",5000,500,0.25,"ours",40,0.775,0.85,0.9,0.925,0.925,0.95,19.925,4,3.775,0
"M2",5000,500,0.25,"yu",40,0.025,0.175,0.375,0.4,0.55,0.625,95.15,40,1.1,0.95
"M2",5000,500,0.25,"q900",40,0,1,1,1,1,1,7.675,8,1.475,2.525
"M2",5000,500,0.25,"q950",40,0.25,1,1,1,1,1,5.775,6,3.125,0.875
"M2",5000,500,0.25,"q975",40,0.75,1,1,1,1,1,4.35,4,3.75,0.25
"M2",5000,500,0.25,"q990",40,0.875,1,1,1,1,1,4.225,4,3.875,0
"M2",5000,500,0.3,"ours",40,0.825,0.925,0.975,0.975,1,1,5.725,4,3.825,0.05
"M2",5000,500,0.3,"yu",40,0.1,0.175,0.325,0.35,0.375,0.6,94.25,84,1.4,0.75
"M2",5000,500,0.3,"q900",40,0,1,1,1,1,1,7.85,8,1.775,2.225
"M2",5000,500,0.3,"q950",40,0.2,1,1,1,1,1,6,6,2.975,1.025
"M2",5000,500,0.3,"q975",40,0.75,1,1,1,1,1,4.35,4,3.75,0.25
"M2",5000,500,0.3,"q990",40,0.925,0.975,1,1,1,1,4.25,4,3.925,0.025
"M2",5000,500,0.4,"ours",40,0.975,0.975,0.975,0.975,0.975,0.975,7.175,4,3.975,0
"M2",5000,500,0.4,"yu",40,0.075,0.25,0.35,0.425,0.525,0.725,81.7,49,1.5,0.95
"M2",5000,500,0.4,"q900",40,0,0.975,0.975,1,1,1,8.15,8,1.775,2.225
"M2",5000,500,0.4,"q950",40,0.2,1,1,1,1,1,5.8,6,3.15,0.85
"M2",5000,500,0.4,"q975",40,0.825,1,1,1,1,1,4.3,4,3.825,0.175
"M2",5000,500,0.4,"q990",40,0.875,1,1,1,1,1,4.175,4,3.875,0.075
"M2",5000,500,0.5,"ours",40,0.975,1,1,1,1,1,4.025,4,3.975,0
"M2",5000,500,0.5,"yu",40,0.2,0.35,0.45,0.55,0.65,0.775,60.525,27,2.025,0.9
"M2",5000,500,0.5,"q900",40,0,1,1,1,1,1,7.65,7,2.075,1.925
"M2",5000,500,0.5,"q950",40,0.4,1,1,1,1,1,5.275,5,3.4,0.6
"M2",5000,500,0.5,"q975",40,0.95,1,1,1,1,1,4.075,4,3.95,0.05
"M2",5000,500,0.5,"q990",40,0.975,1,1,1,1,1,4.025,4,3.975,0
"M2",5000,1000,0,"ours",40,0.15,0.5,0.625,0.7,0.825,0.85,53.125,10.5,2.925,0.175
"M2",5000,1000,0,"yu",40,0,0.025,0.075,0.1,0.15,0.225,253.05,238.5,0.375,0.625
"M2",5000,1000,0,"q900",40,0,1,1,1,1,1,7.875,8,0.975,3.025
"M2",5000,1000,0,"q950",40,0.125,1,1,1,1,1,6.025,6,2.675,1.325
"M2",5000,1000,0,"q975",40,0.65,1,1,1,1,1,4.675,4,3.65,0.35
"M2",5000,1000,0,"q990",40,0.375,0.85,0.975,1,1,1,6.7,5,3.375,0.1
"M2",5000,1000,0.2,"ours",40,0.7,0.85,0.9,0.925,0.95,0.975,13.025,4,3.6,0.075
"M2",5000,1000,0.2,"yu",40,0.05,0.125,0.225,0.25,0.3,0.375,242.925,161,0.9,0.5
"M2",5000,1000,0.2,"q900",40,0,1,1,1,1,1,7.9,8,1.55,2.45
"M2",5000,1000,0.2,"q950",40,0.2,1,1,1,1,1,5.9,6,2.975,1.025
"M2",5000,1000,0.2,"q975",40,0.775,1,1,1,1,1,4.325,4,3.775,0.225
"M2",5000,1000,0.2,"q990",40,0.675,1,1,1,1,1,4.425,4,3.675,0.1
"M2",5000,1000,0.25,"ours",40,0.825,0.925,0.975,0.975,1,1,5.6,4,3.825,0.05
"M2",5000,1000,0.25,"yu",40,0,0.15,0.175,0.225,0.275,0.4,208.9,221.5,0.65,0.775
"M2",5000,1000,0.25,"q900",40,0,1,1,1,1,1,7.775,8,1.6,2.4
"M2",5000,1000,0.25,"q950",40,0.15,1,1,1,1,1,5.85,6,2.95,1.05
"M2",5000,1000,0.25,"q975",40,0.75,1,1,1,1,1,4.4,4,3.75,0.25
"M2",5000,1000,0.25,"q990",40,0.825,1,1,1,1,1,4.275,4,3.825,0.025
"M2",5000,1000,0.3,"ours",40,0.775,0.875,0.925,0.925,0.925,0.975,11.45,4,3.775,0.025
"M2",5000,1000,0.3,"yu",40,0.025,0.1,0.15,0.15,0.275,0.425,158.875,141.5,0.925,0.625
"M2",5000,1000,0.3,"q900",40,0,0.975,1,1,1,1,8.125,8,1.65,2.35
"M2",5000,1000,0.3,"q950",40,0.125,1,1,1,1,1,5.875,6,3.05,0.95
"M2",5000,1000,0.3,"q975",40,0.875,1,1,1,1,1,4.175,4,3.875,0.125
"M2",5000,1000,0.3,"q990",40,0.775,1,1,1,1,1,4.3,4,3.775,0.05
"M2",5000,1000,0.4,"ours",40,0.925,1,1,1,1,1,4.25,4,3.925,0
"M2",5000,1000,0.4,"yu",40,0.125,0.275,0.35,0.4,0.45,0.575,180.125,73.5,1.35,0.8
"M2",5000,1000,0.4,"q900",40,0,0.975,1,1,1,1,7.975,8,1.725,2.275
"M2",5000,1000,0.4,"q950",40,0.15,1,1,1,1,1,5.85,6,3.1,0.9
"M2",5000,1000,0.4,"q975",40,0.85,1,1,1,1,1,4.175,4,3.85,0.15
"M2",5000,1000,0.4,"q990",40,0.95,1,1,1,1,1,4.125,4,3.95,0
"M2",5000,1000,0.5,"ours",40,0.95,0.975,0.975,1,1,1,4.45,4,3.95,0
"M2",5000,1000,0.5,"yu",40,0.1,0.2,0.275,0.4,0.425,0.575,145.075,70,1.5,0.775
"M2",5000,1000,0.5,"q900",40,0,0.975,1,1,1,1,7.725,8,2.05,1.95
"M2",5000,1000,0.5,"q950",40,0.325,1,1,1,1,1,5.4,5,3.275,0.725
"M2",5000,1000,0.5,"q975",40,0.875,1,1,1,1,1,4.175,4,3.875,0.125
"M2",5000,1000,0.5,"q990",40,0.9,1,1,1,1,1,4.1,4,3.9,0.025
"M2",5000,2000,0,"ours",40,0.425,0.65,0.675,0.675,0.775,0.775,93.625,5.5,3.05,0.05
"M2",5000,2000,0,"yu",40,0,0.025,0.025,0.025,0.075,0.125,547.95,592.5,0.275,0.475
"M2",5000,2000,0,"q900",40,0,1,1,1,1,1,7.95,8,1.025,2.975
"M2",5000,2000,0,"q950",40,0.1,1,1,1,1,1,5.925,6,2.8,1.2
"M2",5000,2000,0,"q975",40,0.6,1,1,1,1,1,4.575,4,3.6,0.325
"M2",5000,2000,0,"q990",40,0.175,0.925,1,1,1,1,6.65,6,2.875,0.125
"M2",5000,2000,0.2,"ours",40,0.725,0.85,0.875,0.9,0.95,0.95,15.025,4,3.65,0.05
"M2",5000,2000,0.2,"yu",40,0.05,0.125,0.15,0.2,0.275,0.35,326.275,150,0.85,0.75
"M2",5000,2000,0.2,"q900",40,0,1,1,1,1,1,7.75,8,1.525,2.475
"M2",5000,2000,0.2,"q950",40,0.275,1,1,1,1,1,5.75,6,3.125,0.875
"M2",5000,2000,0.2,"q975",40,0.8,1,1,1,1,1,4.275,4,3.8,0.2
"M2",5000,2000,0.2,"q990",40,0.675,0.975,1,1,1,1,4.975,4,3.65,0
"M2",5000,2000,0.25,"ours",40,0.9,0.95,0.975,1,1,1,4.95,4,3.9,0
"M2",5000,2000,0.25,"yu",40,0.05,0.175,0.275,0.325,0.35,0.4,394.5,340,0.8,0.5
"M2",5000,2000,0.25,"q900",40,0,1,1,1,1,1,7.725,8,1.675,2.325
"M2",5000,2000,0.25,"q950",40,0.3,1,1,1,1,1,5.5,6,3.125,0.875
"M2",5000,2000,0.25,"q975",40,0.775,1,1,1,1,1,4.25,4,3.775,0.225
"M2",5000,2000,0.25,"q990",40,0.65,0.975,1,1,1,1,4.9,4,3.625,0
"M2",5000,2000,0.3,"ours",40,0.875,0.925,0.975,0.975,0.975,0.975,11.3,4,3.875,0
"M2",5000,2000,0.3,"yu",40,0.05,0.15,0.175,0.225,0.325,0.425,347.125,163.5,1.05,0.35
"M2",5000,2000,0.3,"q900",40,0,1,1,1,1,1,7.675,8,1.775,2.225
"M2",5000,2000,0.3,"q950",40,0.175,1,1,1,1,1,5.775,6,3.125,0.875
"M2",5000,2000,0.3,"q975",40,0.775,1,1,1,1,1,4.3,4,3.775,0.225
"M2",5000,2000,0.3,"q990",40,0.65,1,1,1,1,1,4.475,4,3.65,0
"M2",5000,2000,0.4,"ours",40,0.975,0.975,1,1,1,1,4.175,4,3.975,0
"M2",5000,2000,0.4,"yu",40,0.05,0.175,0.2,0.225,0.3,0.35,377.85,214.5,1.125,0.65
"M2",5000,2000,0.4,"q900",40,0,1,1,1,1,1,7.775,8,1.725,2.275
"M2",5000,2000,0.4,"q950",40,0.125,1,1,1,1,1,5.975,6,3,1
"M2",5000,2000,0.4,"q975",40,0.75,1,1,1,1,1,4.4,4,3.75,0.25
"M2",5000,2000,0.4,"q990",40,0.8,1,1,1,1,1,4.3,4,3.8,0
"M2",5000,2000,0.5,"ours",40,0.975,0.975,0.975,0.975,1,1,4.675,4,3.975,0
"M2",5000,2000,0.5,"yu",40,0.125,0.25,0.275,0.35,0.45,0.5,235.55,94,1.425,0.85
"M2",5000,2000,0.5,"q900",40,0,0.975,0.975,1,1,1,8.375,8,2.075,1.925
"M2",5000,2000,0.5,"q950",40,0.325,1,1,1,1,1,5.425,5,3.275,0.725
"M2",5000,2000,0.5,"q975",40,0.975,1,1,1,1,1,4.025,4,3.975,0.025
"M2",5000,2000,0.5,"q990",40,0.875,1,1,1,1,1,4.15,4,3.875,0
"M3",1000,200,0,"ours",40,0,0.025,0.1,0.125,0.2,0.35,119.275,124,0.975,0.075
"M3",1000,200,0,"yu",40,0,0.05,0.075,0.125,0.125,0.4,113.025,113,0.35,0.25
"M3",1000,200,0,"q900",40,0,0.025,0.05,0.1,0.2,0.5,98.45,97.5,0.575,0.225
"M3",1000,200,0,"q950",40,0,0.1,0.175,0.25,0.5,0.775,65.05,50.5,1.325,0.1
"M3",1000,200,0,"q975",40,0,0.05,0.15,0.3,0.4,0.8,68.225,63.5,0.925,0.025
"M3",1000,200,0,"q990",40,0,0,0.025,0.05,0.1,0.525,103.5,98,0.3,0.025
"M3",1000,200,0.2,"ours",40,0.025,0.075,0.225,0.275,0.45,0.8,65.425,56,1.725,0.025
"M3",1000,200,0.2,"yu",40,0,0.025,0.05,0.125,0.25,0.45,97.05,103.5,0.575,0.525
"M3",1000,200,0.2,"q900",40,0,0.05,0.175,0.275,0.5,0.825,61.45,52.5,1.15,0.45
"M3",1000,200,0.2,"q950",40,0,0.225,0.475,0.625,0.7,0.925,38.1,22,1.975,0.125
"M3",1000,200,0.2,"q975",40,0,0.15,0.25,0.425,0.675,0.925,44.125,41.5,1.425,0.1
"M3",1000,200,0.2,"q990",40,0,0,0.075,0.2,0.4,0.725,75.45,69.5,0.625,0.1
"M3",1000,200,0.25,"ours",40,0.025,0.2,0.275,0.3,0.475,0.725,67.075,54,1.8,0
"M3",1000,200,0.25,"yu",40,0.025,0.05,0.15,0.175,0.325,0.575,94.025,94.5,0.7,0.375
"M3",1000,200,0.25,"q900",40,0.025,0.025,0.275,0.3,0.575,0.8,56.6,48.5,1.1,0.5
"M3",1000,200,0.25,"q950",40,0.025,0.375,0.55,0.7,0.9,1,23.825,16,2.075,0.05
"M3",1000,200,0.25,"q975",40,0,0.2,0.425,0.675,0.875,0.975,29.5,21,1.675,0.05
"M3",1000,200,0.25,"q990",40,0,0,0.025,0.225,0.525,0.85,59.075,49,0.65,0.025
"M3",1000,200,0.3,"ours",40,0.05,0.25,0.375,0.45,0.6,0.85,50.725,36,2.225,0.025
"M3",1000,200,0.3,"yu",40,0.025,0.1,0.2,0.3,0.425,0.7,76.425,63,1.05,0.375
"M3",1000,200,0.3,"q900",40,0.025,0.175,0.425,0.45,0.55,0.875,51.725,36.5,1.725,0.3
"M3",1000,200,0.3,"q950",40,0.125,0.575,0.775,0.85,0.9,0.975,20.075,8.5,2.625,0.05
"M3",1000,200,0.3,"q975",40,0,0.2,0.6,0.725,0.825,0.975,28.075,18,1.775,0.075
"M3",1000,200,0.3,"q990",40,0,0,0.125,0.225,0.35,0.775,65.625,62,0.575,0.025
"M3",1000,200,0.4,"ours",40,0.225,0.4,0.525,0.55,0.7,0.825,41.625,19.5,2.575,0.025
"M3",1000,200,0.4,"yu",40,0.025,0.15,0.225,0.375,0.5,0.775,62.475,49.5,0.925,0.275
"M3",1000,200,0.4,"q900",40,0.1,0.375,0.5,0.65,0.825,0.975,28.225,19,1.9,0.725
"M3",1000,200,0.4,"q950",40,0.15,0.575,0.85,0.9,1,1,12.65,8.5,2.725,0.125
"M3",1000,200,0.4,"q975",40,0.05,0.325,0.75,0.875,0.95,1,18.2,13,2.025,0.1
"M3",1000,200,0.4,"q990",40,0,0.05,0.15,0.275,0.5,0.85,57.975,52,0.6,0.075
"M3",1000,200,0.5,"ours",40,0.475,0.65,0.7,0.75,0.875,0.95,23.475,5,3.275,0
"M3",1000,200,0.5,"yu",40,0.05,0.2,0.4,0.5,0.6,0.8,50.025,31.5,1.375,0.65
"M3",1000,200,0.5,"q900",40,0.175,0.7,0.85,0.925,0.975,1,12.2,8,2.75,0.7
"M3",1000,200,0.5,"q950",40,0.4,0.9,0.95,0.95,0.975,1,9.525,5.5,3.225,0.25
"M3",1000,200,0.5,"q975",40,0.05,0.625,0.85,0.925,0.975,1,12.575,9,2.3,0.15
"M3",1000,200,0.5,"q990",40,0,0.05,0.325,0.5,0.775,0.95,35.725,32,0.9,0.175
"M3",1000,500,0,"ours",40,0,0,0.025,0.05,0.05,0.1,266.875,245.5,0.675,0
"M3",1000,500,0,"yu",40,0,0.025,0.025,0.025,0.05,0.125,292.7,321,0.3,0.125
"M3",1000,500,0,"q900",40,0,0,0,0.025,0.075,0.15,259.975,269,0.225,0.275
"M3",1000,500,0,"q950",40,0,0.025,0.05,0.075,0.1,0.3,185.45,161.5,0.575,0
"M3",1000,500,0,"q975",40,0,0,0,0.025,0.075,0.2,220.725,197,0.375,0.025
"M3",1000,500,0,"q990",40,0,0,0,0,0,0.05,273.2,250.5,0.175,0.025
"M3",1000,500,0.2,"ours",40,0.025,0.075,0.2,0.2,0.275,0.425,182.675,139,1.425,0
"M3",1000,500,0.2,"yu",40,0,0,0,0.05,0.1,0.175,268.25,262.5,0.3,0.15
"M3",1000,500,0.2,"q900",40,0,0.05,0.075,0.125,0.2,0.3,171.275,173.5,0.75,0.3
"M3",1000,500,0.2,"q950",40,0.025,0.175,0.275,0.375,0.475,0.675,98.325,54.5,1.35,0
"M3",1000,500,0.2,"q975",40,0,0.025,0.075,0.175,0.3,0.45,132.975,108.5,0.825,0.025
"M3",1000,500,0.2,"q990",40,0,0,0,0,0.075,0.225,187.325,161.5,0.325,0.05
"M3",1000,500,0.25,"ours",40,0,0.025,0.1,0.125,0.225,0.35,202.375,183,1.625,0
"M3",1000,500,0.25,"yu",40,0,0.025,0.075,0.1,0.15,0.225,219.6,212.5,0.425,0.15
"M3",1000,500,0.25,"q900",40,0,0.075,0.1,0.175,0.225,0.475,139.625,104.5,1.05,0.425
"M3",1000,500,0.25,"q950",40,0.025,0.1,0.25,0.4,0.625,0.875,66.1,40,1.525,0
"M3",1000,500,0.25,"q975",40,0.025,0.075,0.1,0.275,0.525,0.75,72.275,48,1.1,0.025
"M3",1000,500,0.25,"q990",40,0,0,0.025,0.075,0.1,0.325,172.325,161,0.25,0.075
"M3",1000,500,0.3,"ours",40,0.1,0.175,0.275,0.325,0.425,0.575,137.925,69.5,2.225,0
"M3",1000,500,0.3,"yu",40,0,0.075,0.15,0.25,0.375,0.475,156.7,118.5,0.75,0.35
"M3",1000,500,0.3,"q900",40,0,0.125,0.175,0.175,0.3,0.575,138.3,84.5,1.15,0.3
"M3",1000,500,0.3,"q950",40,0,0.25,0.575,0.65,0.775,0.925,37.8,17.5,1.975,0.05
"M3",1000,500,0.3,"q975",40,0,0.075,0.225,0.35,0.525,0.775,71.025,42,1.325,0
"M3",1000,500,0.3,"q990",40,0,0,0.025,0.05,0.15,0.375,146.575,114,0.25,0
"M3",1000,500,0.4,"ours",40,0.075,0.225,0.325,0.4,0.475,0.65,121.1,60.5,2.05,0
"M3",1000,500,0.4,"yu",40,0.025,0.075,0.125,0.15,0.3,0.525,151.9,99,0.975,0.3
"M3",1000,500,0.4,"q900",40,0,0.225,0.275,0.4,0.6,0.75,70.05,42.5,1.425,0.6
"M3",1000,500,0.4,"q950",40,0.1,0.475,0.55,0.625,0.775,0.875,35.7,15.5,2.325,0.075
"M3",1000,500,0.4,"q975",40,0.05,0.125,0.325,0.5,0.75,0.9,47.625,29,1.425,0.025
"M3",1000,500,0.4,"q990",40,0,0,0.075,0.15,0.25,0.525,151.375,96.5,0.375,0.1
"M3",1000,500,0.5,"ours",40,0.25,0.45,0.55,0.575,0.675,0.8,65.35,16,2.9,0
"M3",1000,500,0.5,"yu",40,0.075,0.2,0.275,0.35,0.35,0.5,145,102,1.175,0.275
"M3",1000,500,0.5,"q900",40,0.1,0.35,0.65,0.7,0.775,0.85,41.425,13,2.375,0.625
"M3",1000,500,0.5,"q950",40,0.375,0.725,0.775,0.925,0.925,0.975,15.85,5,3.05,0.075
"M3",1000,500,0.5,"q975",40,0.05,0.25,0.5,0.7,0.8,0.9,39.75,20.5,1.775,0.025
"M3",1000,500,0.5,"q990",40,0,0.025,0.025,0.1,0.325,0.55,103.425,93,0.75,0
"M3",1000,1000,0,"ours",40,0,0,0,0,0,0.025,596.525,690.5,0.575,0.025
"M3",1000,1000,0,"yu",40,0,0,0,0,0,0,641.35,678.5,0.05,0.05
"M3",1000,1000,0,"q900",40,0,0,0,0,0,0.025,504.5,490,0.1,0.075
"M3",1000,1000,0,"q950",40,0,0,0,0,0,0.1,350.375,319,0.525,0.025
"M3",1000,1000,0,"q975",40,0,0,0,0,0.025,0.05,369.55,309.5,0.275,0.05
"M3",1000,1000,0,"q990",40,0,0,0,0,0,0,534.275,507,0.05,0
"M3",1000,1000,0.2,"ours",40,0,0,0.025,0.05,0.075,0.15,440.35,422,0.9,0
"M3",1000,1000,0.2,"yu",40,0,0,0.05,0.075,0.1,0.15,447.15,465,0.275,0.175
"M3",1000,1000,0.2,"q900",40,0,0,0,0,0.05,0.175,350.3,282.5,0.425,0.325
"M3",1000,1000,0.2,"q950",40,0,0.05,0.25,0.3,0.35,0.525,128.975,95,1.475,0
"M3",1000,1000,0.2,"q975",40,0,0,0.05,0.05,0.15,0.4,216.3,154.5,0.625,0
"M3",1000,1000,0.2,"q990",40,0,0,0,0,0.025,0.075,389.5,322.5,0.2,0
"M3",1000,1000,0.25,"ours",40,0,0.025,0.075,0.1,0.125,0.25,396.025,374.5,1.1,0.05
"M3",1000,1000,0.25,"yu",40,0,0.025,0.05,0.05,0.1,0.2,375.7,360,0.55,0.175
"M3",1000,1000,0.25,"q900",40,0,0,0,0,0.05,0.325,219.725,153.5,0.625,0.25
"M3",1000,1000,0.25,"q950",40,0,0.075,0.125,0.275,0.375,0.65,115.7,64,1.325,0
"M3",1000,1000,0.25,"q975",40,0,0,0.05,0.125,0.25,0.5,184.125,115,0.45,0
"M3",1000,1000,0.25,"q990",40,0,0.025,0.025,0.025,0.025,0.075,376.75,356.5,0.2,0
"M3",1000,1000,0.3,"ours",40,0,0,0.05,0.15,0.3,0.425,305.55,141.5,1.45,0
"M3",1000,1000,0.3,"yu",40,0,0,0,0.025,0.05,0.15,431.425,449,0.25,0.2
"M3",1000,1000,0.3,"q900",40,0,0.025,0.075,0.15,0.175,0.35,235.725,212,0.775,0.375
"M3",1000,1000,0.3,"q950",40,0.05,0.175,0.275,0.425,0.575,0.75,89.65,44.5,1.7,0.025
"M3",1000,1000,0.3,"q975",40,0,0,0.125,0.2,0.275,0.55,112.175,95,0.7,0
"M3",1000,1000,0.3,"q990",40,0,0,0,0.025,0.05,0.175,295.15,238.5,0.15,0.025
"M3",1000,1000,0.4,"ours",40,0.05,0.2,0.325,0.4,0.45,0.575,223.9,65.5,2.25,0.025
"M3",1000,1000,0.4,"yu",40,0,0.025,0.075,0.15,0.2,0.275,287.15,236.5,0.575,0.3
"M3",1000,1000,0.4,"q900",40,0.025,0.025,0.225,0.35,0.475,0.6,131.95,62,1.4,0.25
"M3",1000,1000,0.4,"q950",40,0.075,0.25,0.525,0.625,0.75,0.875,59.725,18.5,2.125,0.025
"M3",1000,1000,0.4,"q975",40,0,0.05,0.125,0.35,0.55,0.9,79.2,43.5,1.175,0
"M3",1000,1000,0.4,"q990",40,0,0,0,0,0.1,0.225,236.35,181.5,0.275,0.025
"M3",1000,1000,0.5,"ours",40,0.15,0.375,0.475,0.575,0.575,0.625,183.25,25,2.5,0
"M3",1000,1000,0.5,"yu",40,0.025,0.15,0.35,0.35,0.425,0.5,264.675,98.5,1.125,0.425
"M3",1000,1000,0.5,"q900",40,0.075,0.25,0.325,0.425,0.65,0.85,84.15,34.5,2,0.875
"M3",1000,1000,0.5,"q950",40,0.125,0.55,0.8,0.825,0.875,0.95,25.3,9,2.45,0.15
"M3",1000,1000,0.5,"q975",40,0,0.225,0.425,0.55,0.775,0.95,44,26,1.425,0
"M3",1000,1000,0.5,"q990",40,0,0,0.025,0.05,0.1,0.25,215.9,146,0.3,0.075
"M3",1000,2000,0,"ours",40,0,0,0,0,0.025,0.05,1059.6,996.5,0.375,0
"M3",1000,2000,0,"yu",40,0,0,0,0,0,0.025,1208.025,1268.5,0.1,0.05
"M3",1000,2000,0,"q900",40,0,0,0,0,0,0.025,987.625,944,0.075,0.1
"M3",1000,2000,0,"q950",40,0,0,0,0.025,0.025,0.05,713.1,549.5,0.2,0
"M3",1000,2000,0,"q975",40,0,0,0,0,0,0.025,789.125,774.5,0.225,0
"M3",1000,2000,0,"q990",40,0,0,0,0,0,0,1039.4,1103,0.025,0
"M3",1000,2000,0.2,"ours",40,0,0,0.025,0.075,0.1,0.2,737.1,615.5,0.775,0
"M3",1000,2000,0.2,"yu",40,0,0.025,0.025,0.025,0.05,0.05,993.175,1043,0.175,0.125
"M3",1000,2000,0.2,"q900",40,0,0,0.025,0.025,0.025,0.05,627.45,584,0.325,0.075
"M3",1000,2000,0.2,"q950",40,0,0,0.025,0.1,0.2,0.375,289.325,196.5,0.85,0
"M3",1000,2000,0.2,"q975",40,0,0,0,0,0.05,0.175,366.65,284.5,0.4,0
"M3",1000,2000,0.2,"q990",40,0,0,0,0,0.025,0.025,780.275,796,0.05,0
"M3",1000,2000,0.25,"ours",40,0.025,0.05,0.05,0.05,0.075,0.175,544.325,450,1.05,0
"M3",1000,2000,0.25,"yu",40,0,0.025,0.05,0.05,0.075,0.1,819.3,855.5,0.45,0.075
"M3",1000,2000,0.25,"q900",40,0,0,0,0.025,0.025,0.125,501.25,384,0.325,0.15
"M3",1000,2000,0.25,"q950",40,0,0,0,0.1,0.225,0.4,210.55,124,0.675,0.025
"M3",1000,2000,0.25,"q975",40,0,0,0.025,0.025,0.025,0.175,374.875,225,0.525,0.025
"M3",1000,2000,0.25,"q990",40,0,0,0,0,0,0,766.35,806.5,0.1,0
"M3",1000,2000,0.3,"ours",40,0,0,0.075,0.1,0.15,0.25,747.875,712.5,1.425,0
"M3",1000,2000,0.3,"yu",40,0,0,0.025,0.075,0.075,0.175,741.975,667.5,0.375,0.225
"M3",1000,2000,0.3,"q900",40,0.025,0.025,0.05,0.05,0.075,0.175,379.575,308.5,0.65,0.25
"M3",1000,2000,0.3,"q950",40,0.025,0.05,0.175,0.2,0.325,0.5,165.375,97.5,1.225,0
"M3",1000,2000,0.3,"q975",40,0,0,0.025,0.1,0.125,0.275,313.7,212.5,0.7,0
"M3",1000,2000,0.3,"q990",40,0,0,0,0,0,0.025,592.275,476.5,0.05,0
"M3",1000,2000,0.4,"ours",40,0.075,0.2,0.325,0.325,0.325,0.45,311.425,118.5,1.975,0
"M3",1000,2000,0.4,"yu",40,0.025,0.05,0.075,0.1,0.15,0.15,711.325,578.5,0.675,0.175
"M3",1000,2000,0.4,"q900",40,0,0.075,0.1,0.1,0.2,0.4,211.425,141.5,0.875,0.35
"M3",1000,2000,0.4,"q950",40,0,0.15,0.275,0.375,0.575,0.8,80.95,34,1.35,0.025
"M3",1000,2000,0.4,"q975",40,0,0,0.025,0.15,0.225,0.525,193.525,99,0.75,0
"M3",1000,2000,0.4,"q990",40,0,0,0,0,0,0.05,570.5,424.5,0.1,0
"M3",1000,2000,0.5,"ours",40,0.275,0.5,0.5,0.575,0.6,0.7,240.8,15,2.8,0
"M3",1000,2000,0.5,"yu",40,0,0.1,0.225,0.25,0.35,0.5,330.25,105.5,1.05,0.575
"M3",1000,2000,0.5,"q900",40,0.05,0.3,0.425,0.55,0.625,0.725,113.775,28,1.975,0.575
"M3",1000,2000,0.5,"q950",40,0.05,0.325,0.6,0.65,0.7,0.875,50,15,2.425,0.075
"M3",1000,2000,0.5,"q975",40,0.025,0.1,0.225,0.3,0.425,0.725,104.025,63.5,1.125,0
"M3",1000,2000,0.5,"q990",40,0,0.025,0.025,0.025,0.05,0.1,423.025,303.5,0.175,0
"M3",2000,200,0,"ours",40,0.025,0.15,0.3,0.45,0.6,0.875,53.75,36.5,1.875,0.025
"M3",2000,200,0,"yu",40,0,0,0.025,0.025,0.15,0.375,112.675,121,0.45,0.3
"M3",2000,200,0,"q900",40,0,0.05,0.25,0.375,0.525,0.875,58.025,45,1.225,0.25
"M3",2000,200,0,"q950",40,0.075,0.45,0.625,0.625,0.875,0.95,26.6,14,2.475,0.075
"M3",2000,200,0,"q975",40,0.025,0.225,0.525,0.7,0.85,0.975,28.55,19,2.025,0
"M3",2000,200,0,"q990",40,0,0,0.1,0.325,0.45,0.825,60.7,63.5,1.025,0.025
"M3",2000,200,0.2,"ours",40,0.25,0.55,0.625,0.675,0.8,0.9,32.35,9.5,2.725,0
"M3",2000,200,0.2,"yu",40,0.05,0.075,0.125,0.125,0.225,0.6,84.05,90.5,0.825,0.5
"M3",2000,200,0.2,"q900",40,0.1,0.4,0.575,0.65,0.825,0.95,29.85,18,2.225,0.275
"M3",2000,200,0.2,"q950",40,0.4,0.85,0.9,0.95,0.975,1,9.45,5,3.25,0.05
"M3",2000,200,0.2,"q975",40,0.225,0.675,0.85,0.95,0.95,0.975,15.725,7,2.85,0.05
"M3",2000,200,0.2,"q990",40,0.025,0.075,0.325,0.625,0.825,0.9,38.35,24,1.45,0
"M3",2000,200,0.25,"ours",40,0.325,0.625,0.75,0.825,0.85,0.95,21,6.5,3.15,0
"M3",2000,200,0.25,"yu",40,0.05,0.175,0.3,0.375,0.475,0.775,62.025,56,1.175,0.425
"M3",2000,200,0.25,"q900",40,0.2,0.575,0.825,0.875,0.925,1,14.75,8,2.7,0.4
"M3",2000,200,0.25,"q950",40,0.7,0.975,1,1,1,1,4.7,4,3.7,0.025
"M3",2000,200,0.25,"q975",40,0.275,0.825,0.95,0.975,0.975,1,8.425,5,3.05,0.05
"M3",2000,200,0.25,"q990",40,0.05,0.225,0.575,0.775,0.85,0.975,25.225,17.5,1.675,0.075
"M3",2000,200,0.3,"ours",40,0.525,0.825,0.875,0.875,0.9,0.95,14.775,4,3.4,0
"M3",2000,200,0.3,"yu",40,0.1,0.375,0.45,0.475,0.6,0.7,51.925,37,1.425,0.375
"M3",2000,200,0.3,"q900",40,0.225,0.875,0.9,0.975,0.975,1,9,6,3.125,0.2
"M3",2000,200,0.3,"q950",40,0.7,0.975,1,1,1,1,4.625,4,3.7,0
"M3",2000,200,0.3,"q975",40,0.525,0.925,1,1,1,1,5.55,4,3.425,0.025
"M3",2000,200,0.3,"q990",40,0.075,0.375,0.7,0.825,0.975,1,18.1,14.5,2.2,0.05
"M3",2000,200,0.4,"ours",40,0.7,0.9,0.9,0.925,0.95,1,8.7,4,3.675,0
"M3",2000,200,0.4,"yu",40,0.25,0.475,0.65,0.75,0.825,0.975,27.875,11,2.25,0.475
"M3",2000,200,0.4,"q900",40,0.425,0.825,0.95,0.975,0.975,1,8.95,5,3.3,0.45
"M3",2000,200,0.4,"q950",40,0.925,0.975,0.975,0.975,0.975,1,5.4,4,3.925,0.025
"M3",2000,200,0.4,"q975",40,0.55,0.975,0.975,0.975,0.975,1,6.7,4,3.45,0.075
"M3",2000,200,0.4,"q990",40,0.1,0.525,0.825,0.95,1,1,12.75,10,2.225,0.025
"M3",2000,200,0.5,"ours",40,0.825,0.975,1,1,1,1,4.375,4,3.825,0.05
"M3",2000,200,0.5,"yu",40,0.075,0.5,0.6,0.7,0.825,0.9,27.35,12,1.825,0.65
"M3",2000,200,0.5,"q900",40,0.55,0.975,1,1,1,1,5.15,4,3.475,0.45
"M3",2000,200,0.5,"q950",40,0.95,1,1,1,1,1,4.05,4,3.95,0.05
"M3",2000,200,0.5,"q975",40,0.8,0.975,1,1,1,1,4.375,4,3.8,0.025
"M3",2000,200,0.5,"q990",40,0.175,0.675,0.825,0.95,1,1,10.95,8,2.55,0.1
"M3",2000,500,0,"ours",40,0,0.05,0.075,0.075,0.3,0.45,154.3,114.5,1.475,0
"M3",2000,500,0,"yu",40,0,0.025,0.025,0.05,0.075,0.2,243.925,275.5,0.325,0.05
"M3",2000,500,0,"q900",40,0.025,0.1,0.1,0.15,0.35,0.475,123.5,104.5,1.025,0.075
"M3",2000,500,0,"q950",40,0.05,0.175,0.475,0.55,0.65,0.8,59.85,26,2.075,0
"M3",2000,500,0,"q975",40,0,0.025,0.25,0.4,0.55,0.75,72.575,42,1.35,0.025
"M3",2000,500,0,"q990",40,0,0,0,0.05,0.15,0.325,167.3,131.5,0.475,0
"M3",2000,500,0.2,"ours",40,0.125,0.45,0.55,0.575,0.65,0.85,48.35,12.5,2.55,0.025
"M3",2000,500,0.2,"yu",40,0.05,0.075,0.075,0.075,0.1,0.2,228.775,224.5,0.45,0.225
"M3",2000,500,0.2,"q900",40,0.075,0.275,0.425,0.625,0.775,0.9,42.175,23.5,2.075,0.35
"M3",2000,500,0.2,"q950",40,0.325,0.75,0.9,0.95,0.95,0.975,13.1,5.5,3.125,0
"M3",2000,500,0.2,"q975",40,0.125,0.6,0.8,0.85,0.975,0.975,16.6,8,2.6,0.025
"M3",2000,500,0.2,"q990",40,0,0,0.125,0.25,0.45,0.7,84.75,51.5,1.05,0.025
"M3",2000,500,0.25,"ours",40,0.2,0.55,0.675,0.7,0.775,0.9,32.275,8,2.95,0
"M3",2000,500,0.25,"yu",40,0.05,0.1,0.2,0.25,0.3,0.4,151.075,141.5,1.025,0.25
"M3",2000,500,0.25,"q900",40,0.075,0.35,0.625,0.725,0.825,0.925,34.075,16,2.425,0.35
"M3",2000,500,0.25,"q950",40,0.45,0.875,0.925,0.975,1,1,7.35,5,3.4,0
"M3",2000,500,0.25,"q975",40,0.175,0.7,0.8,0.9,0.975,1,13.15,7,2.85,0
"M3",2000,500,0.25,"q990",40,0,0.05,0.275,0.45,0.65,0.825,63.3,32.5,1.1,0.025
"M3",2000,500,0.3,"ours",40,0.375,0.6,0.75,0.8,0.8,0.9,26.5,6.5,3.175,0
"M3",2000,500,0.3,"yu",40,0.025,0.175,0.25,0.275,0.375,0.475,162.9,107.5,1.2,0.275
"M3",2000,500,0.3,"q900",40,0.15,0.625,0.8,0.9,0.9,0.95,25.55,8,2.575,0.275
"M3",2000,500,0.3,"q950",40,0.575,0.975,0.975,0.975,1,1,5.825,4,3.575,0.05
"M3",2000,500,0.3,"q975",40,0.375,0.85,0.975,1,1,1,7.125,5,3.05,0.025
"M3",2000,500,0.3,"q990",40,0,0.125,0.45,0.6,0.75,0.95,33.625,25.5,1.475,0.05
"M3",2000,500,0.4,"ours",40,0.775,0.925,0.95,1,1,1,5.4,4,3.725,0
"M3",2000,500,0.4,"yu",40,0.075,0.225,0.35,0.425,0.525,0.725,85.775,44.5,1.525,0.425
"M3",2000,500,0.4,"q900",40,0.225,0.75,0.925,0.975,1,1,8.725,6,2.875,0.625
"M3",2000,500,0.4,"q950",40,0.8,1,1,1,1,1,4.4,4,3.8,0.025
"M3",2000,500,0.4,"q975",40,0.475,0.975,0.975,1,1,1,5.5,5,3.4,0
"M3",2000,500,0.4,"q990",40,0,0.35,0.675,0.8,0.975,1,18.825,14.5,1.625,0
"M3",2000,500,0.5,"ours",40,0.825,0.9,0.95,0.95,0.975,0.975,9.125,4,3.825,0
"M3",2000,500,0.5,"yu",40,0.125,0.45,0.525,0.625,0.7,0.725,66.975,17,2,0.45
"M3",2000,500,0.5,"q900",40,0.475,0.95,0.975,0.975,0.975,1,7.025,5,3.3,0.625
"M3",2000,500,0.5,"q950",40,0.85,1,1,1,1,1,4.25,4,3.85,0.075
"M3",2000,500,0.5,"q975",40,0.625,0.975,1,1,1,1,5.05,4,3.6,0.05
"M3",2000,500,0.5,"q990",40,0.05,0.45,0.75,0.9,0.975,1,16.1,13,2.1,0.125
"M3",2000,1000,0,"ours",40,0,0,0.025,0.1,0.15,0.25,291.6,258.5,1.075,0
"M3",2000,1000,0,"yu",40,0,0,0.075,0.075,0.1,0.1,528.075,579,0.325,0.025
"M3",2000,1000,0,"q900",40,0,0.025,0.025,0.075,0.075,0.25,261.2,206,0.5,0.15
"M3",2000,1000,0,"q950",40,0,0.125,0.25,0.275,0.45,0.725,90.8,57,1.8,0
"M3",2000,1000,0,"q975",40,0,0,0.125,0.25,0.525,0.625,100.45,49,0.975,0
"M3",2000,1000,0,"q990",40,0,0,0,0.025,0.05,0.15,288.525,227,0.275,0
"M3",2000,1000,0.2,"ours",40,0.1,0.35,0.525,0.55,0.675,0.725,74.575,16,2.7,0
"M3",2000,1000,0.2,"yu",40,0.025,0.075,0.075,0.1,0.125,0.275,361.175,413.5,0.75,0.175
"M3",2000,1000,0.2,"q900",40,0.025,0.2,0.4,0.525,0.6,0.75,85.6,28,1.775,0.2
"M3",2000,1000,0.2,"q950",40,0.225,0.625,0.8,0.925,1,1,11.75,8,2.975,0
"M3",2000,1000,0.2,"q975",40,0.05,0.275,0.6,0.675,0.75,0.95,35.7,16.5,2.2,0
"M3",2000,1000,0.2,"q990",40,0,0,0.025,0.125,0.325,0.55,148.7,82.5,0.675,0
"M3",2000,1000,0.25,"ours",40,0.175,0.45,0.5,0.55,0.65,0.85,62.675,19,2.75,0.025
"M3",2000,1000,0.25,"yu",40,0.025,0.15,0.225,0.225,0.275,0.4,309.575,155,0.85,0.15
"M3",2000,1000,0.25,"q900",40,0.125,0.3,0.375,0.375,0.65,0.775,70.7,35,2.175,0.2
"M3",2000,1000,0.25,"q950",40,0.3,0.625,0.75,0.875,0.95,0.975,15.95,6,3.1,0
"M3",2000,1000,0.25,"q975",40,0.1,0.45,0.75,0.825,0.925,0.95,35.35,11.5,2.5,0.025
"M3",2000,1000,0.25,"q990",40,0.025,0.025,0.125,0.275,0.475,0.775,81.425,54.5,0.85,0.05
"M3",2000,1000,0.3,"ours",40,0.25,0.475,0.525,0.625,0.725,0.775,79.3,12.5,2.9,0
"M3",2000,1000,0.3,"yu",40,0,0.125,0.175,0.175,0.275,0.375,268.65,222,0.825,0.1
"M3",2000,1000,0.3,"q900",40,0.1,0.3,0.6,0.725,0.85,0.975,26.375,15,2.45,0.325
"M3",2000,1000,0.3,"q950",40,0.35,0.825,0.95,1,1,1,7.55,5.5,3.3,0
"M3",2000,1000,0.3,"q975",40,0.05,0.4,0.625,0.75,0.8,0.95,27.725,14,2.4,0
"M3",2000,1000,0.3,"q990",40,0,0.05,0.15,0.275,0.475,0.6,120,57.5,1.025,0
"M3",2000,1000,0.4,"ours",40,0.45,0.675,0.8,0.8,0.825,0.85,42.4,5.5,3.425,0
"M3",2000,1000,0.4,"yu",40,0.05,0.2,0.275,0.325,0.4,0.5,226.675,92,1.325,0.225
"M3",2000,1000,0.4,"q900",40,0.325,0.75,0.925,0.95,0.975,1,10.2,5,3.075,0.325
"M3",2000,1000,0.4,"q950",40,0.625,0.95,1,1,1,1,5.25,4,3.6,0.025
"M3",2000,1000,0.4,"q975",40,0.25,0.675,0.925,0.975,0.975,1,9.95,8,3,0.05
"M3",2000,1000,0.4,"q990",40,0.025,0.075,0.275,0.425,0.6,0.75,63.45,39,1.025,0
"M3",2000,1000,0.5,"ours",40,0.725,0.85,0.975,0.975,0.975,0.975,15.2,4,3.7,0
"M3",2000,1000,0.5,"yu",40,0.1,0.35,0.5,0.575,0.675,0.725,90.175,21.5,1.875,0.55
"M3",2000,1000,0.5,"q900",40,0.6,0.975,0.975,0.975,0.975,1,5.9,4,3.5,0.375
"M3",2000,1000,0.5,"q950",40,0.9,1,1,1,1,1,4.125,4,3.9,0
"M3",2000,1000,0.5,"q975",40,0.45,1,1,1,1,1,5.05,5,3.375,0.05
"M3",2000,1000,0.5,"q990",40,0.075,0.3,0.525,0.675,0.85,0.975,27.025,18,1.625,0.05
"M3",2000,2000,0,"ours",40,0,0.025,0.05,0.075,0.075,0.125,505.2,369.5,1.025,0
"M3",2000,2000,0,"yu",40,0,0,0,0,0.025,0.025,910.425,848.5,0.175,0.05
"M3",2000,2000,0,"q900",40,0,0,0,0,0.025,0.125,656.525,495.5,0.325,0.1
"M3",2000,2000,0,"q950",40,0,0.05,0.075,0.175,0.275,0.45,196.1,119.5,1.425,0
"M3",2000,2000,0,"q975",40,0,0,0.05,0.1,0.2,0.275,284.975,234.5,0.725,0
"M3",2000,2000,0,"q990",40,0,0,0,0,0,0.05,592.875,437,0.15,0.025
"M3",2000,2000,0.2,"ours",40,0.025,0.15,0.2,0.25,0.3,0.575,317.45,73,1.95,0
"M3",2000,2000,0.2,"yu",40,0,0.125,0.125,0.15,0.225,0.25,589.3,519.5,0.55,0.025
"M3",2000,2000,0.2,"q900",40,0.1,0.175,0.3,0.425,0.5,0.625,151.875,47.5,1.6,0.1
"M3",2000,2000,0.2,"q950",40,0.2,0.55,0.75,0.85,0.925,0.95,19.725,8,2.775,0
"M3",2000,2000,0.2,"q975",40,0.075,0.25,0.5,0.575,0.65,0.8,60.525,21,2,0
"M3",2000,2000,0.2,"q990",40,0,0,0,0,0.075,0.45,215.425,103,0.525,0
"M3",2000,2000,0.25,"ours",40,0.125,0.225,0.3,0.425,0.5,0.65,217.775,48.5,2.275,0
"M3",2000,2000,0.25,"yu",40,0.025,0.075,0.1,0.125,0.175,0.25,634.325,609.5,0.725,0.15
"M3",2000,2000,0.25,"q900",40,0.025,0.2,0.275,0.375,0.475,0.65,129.025,54,1.75,0.25
"M3",2000,2000,0.25,"q950",40,0.175,0.625,0.75,0.8,0.825,0.975,20.075,7,2.85,0
"M3",2000,2000,0.25,"q975",40,0.05,0.225,0.425,0.55,0.675,0.85,50.2,26,1.775,0.025
"M3",2000,2000,0.25,"q990",40,0,0,0.025,0.025,0.025,0.25,212.925,162,0.45,0.025
"M3",2000,2000,0.3,"ours",40,0.175,0.525,0.625,0.675,0.775,0.825,57.775,9,2.875,0.025
"M3",2000,2000,0.3,"yu",40,0.025,0.075,0.125,0.125,0.125,0.15,706.85,734.5,0.7,0.05
"M3",2000,2000,0.3,"q900",40,0.025,0.3,0.475,0.55,0.6,0.8,57.7,26.5,2.125,0.45
"M3",2000,2000,0.3,"q950",40,0.275,0.775,0.875,0.9,0.975,0.975,13.1,5.5,3.15,0
"M3",2000,2000,0.3,"q975",40,0.025,0.225,0.65,0.825,0.9,0.975,23.725,17,2.275,0
"M3",2000,2000,0.3,"q990",40,0,0,0,0.05,0.15,0.525,175.05,93,0.525,0
"M3",2000,2000,0.4,"ours",40,0.35,0.675,0.75,0.775,0.8,0.9,89.35,6,3.2,0
"M3",2000,2000,0.4,"yu",40,0.025,0.2,0.35,0.4,0.475,0.6,246.2,65.5,1.575,0.325
"M3",2000,2000,0.4,"q900",40,0.2,0.525,0.675,0.7,0.775,0.825,56.25,9,2.7,0.375
"M3",2000,2000,0.4,"q950",40,0.5,0.85,0.875,0.925,0.95,1,9.35,4.5,3.4,0.05
"M3",2000,2000,0.4,"q975",40,0.2,0.575,0.725,0.85,0.9,0.975,20.975,10,2.7,0.025
"M3",2000,2000,0.4,"q990",40,0.025,0.025,0.15,0.225,0.45,0.725,138.275,58.5,0.85,0
"M3",2000,2000,0.5,"ours",40,0.775,0.9,1,1,1,1,5.325,4,3.75,0
"M3",2000,2000,0.5,"yu",40,0.075,0.375,0.475,0.575,0.625,0.7,141.05,24.5,1.725,0.425
"M3",2000,2000,0.5,"q900",40,0.4,0.8,0.925,1,1,1,7.425,5,3.225,0.425
"M3",2000,2000,0.5,"q950",40,0.9,1,1,1,1,1,4.125,4,3.9,0.025
"M3",2000,2000,0.5,"q975",40,0.425,0.8,1,1,1,1,6.75,5,3.25,0.025
"M3",2000,2000,0.5,"q990",40,0,0.1,0.35,0.475,0.6,0.875,58.25,31,1.15,0.05
"M3",5000,200,0,"ours",40,0.4,0.675,0.775,0.825,0.925,0.975,18.4,6,3.05,0.025
"M3",5000,200,0,"yu",40,0.025,0.025,0.2,0.225,0.325,0.55,88.35,82,0.6,0.55
"M3",5000,200,0,"q900",40,0.5,0.875,0.95,1,1,1,6.825,4.5,3.375,0.125
"M3",5000,200,0,"q950",40,0.925,1,1,1,1,1,4.075,4,3.925,0.025
"M3",5000,200,0,"q975",40,0.875,0.975,1,1,1,1,4.4,4,3.875,0
"M3",5000,200,0,"q990",40,0.275,0.775,0.925,0.975,0.975,0.975,10.65,6,2.925,0.075
"M3",5000,200,0.2,"ours",40,0.75,0.95,0.95,0.975,1,1,5.625,4,3.725,0
"M3",5000,200,0.2,"yu",40,0.15,0.275,0.45,0.65,0.775,0.9,35.025,23.5,1.925,0.275
"M3",5000,200,0.2,"q900",40,0.775,0.95,1,1,1,1,4.675,4,3.775,0.15
"M3",5000,200,0.2,"q950",40,1,1,1,1,1,1,4,4,4,0
"M3",5000,200,0.2,"q975",40,1,1,1,1,1,1,4,4,4,0
"M3",5000,200,0.2,"q990",40,0.75,1,1,1,1,1,4.4,4,3.675,0
"M3",5000,200,0.25,"ours",40,0.775,0.95,0.975,0.975,1,1,5.2,4,3.775,0.025
"M3",5000,200,0.25,"yu",40,0.2,0.35,0.5,0.6,0.75,0.975,32.5,21.5,2.075,0.225
"M3",5000,200,0.25,"q900",40,0.8,0.975,1,1,1,1,4.6,4,3.8,0.15
"M3",5000,200,0.25,"q950",40,1,1,1,1,1,1,4,4,4,0
"M3",5000,200,0.25,"q975",40,0.975,1,1,1,1,1,4.025,4,3.975,0.025
"M3",5000,200,0.25,"q990",40,0.75,0.975,0.975,1,1,1,4.85,4,3.75,0
"M3",5000,200,0.3,"ours",40,0.875,1,1,1,1,1,4.375,4,3.85,0
"M3",5000,200,0.3,"yu",40,0.275,0.5,0.65,0.725,0.875,0.95,26.15,10.5,2.175,0.275
"M3",5000,200,0.3,"q900",40,0.925,1,1,1,1,1,4.125,4,3.925,0.05
"M3",5000,200,0.3,"q950",40,1,1,1,1,1,1,4,4,4,0
"M3",5000,200,0.3,"q975",40,1,1,1,1,1,1,4,4,4,0
"M3",5000,200,0.3,"q990",40,0.875,1,1,1,1,1,4.25,4,3.875,0
"M3",5000,200,0.4,"ours",40,0.975,0.975,0.975,0.975,0.975,0.975,8.325,4,3.975,0
"M3",5000,200,0.4,"yu",40,0.35,0.65,0.75,0.825,0.925,0.975,18.25,6.5,2.575,0.475
"M3",5000,200,0.4,"q900",40,0.825,1,1,1,1,1,4.2,4,3.8,0.2
"M3",5000,200,0.4,"q950",40,1,1,1,1,1,1,4,4,4,0
"M3",5000,200,0.4,"q975",40,1,1,1,1,1,1,4,4,4,0
"M3",5000,200,0.4,"q990",40,0.85,1,1,1,1,1,4.175,4,3.85,0.025
"M3",5000,200,0.5,"ours",40,1,1,1,1,1,1,4,4,4,0
"M3",5000,200,0.5,"yu",40,0.35,0.9,0.975,1,1,1,6.575,5,3.15,0.8
"M3",5000,200,0.5,"q900",40,0.85,1,1,1,1,1,4.2,4,3.85,0.15
"M3",5000,200,0.5,"q950",40,1,1,1,1,1,1,4,4,4,0
"M3",5000,200,0.5,"q975",40,1,1,1,1,1,1,4,4,4,0
"M3",5000,200,0.5,"q990",40,0.925,1,1,1,1,1,4.075,4,3.925,0.025
"M3",5000,500,0,"ours",40,0.125,0.4,0.55,0.6,0.725,0.85,52.45,19.5,2.65,0
"M3",5000,500,0,"yu",40,0,0.05,0.1,0.125,0.15,0.375,166.825,152.5,0.725,0.325
"M3",5000,500,0,"q900",40,0.15,0.575,0.625,0.75,0.925,0.975,19.65,7.5,2.825,0.125
"M3",5000,500,0,"q950",40,0.9,1,1,1,1,1,4.175,4,3.9,0
"M3",5000,500,0,"q975",40,0.625,0.925,1,1,1,1,5.175,4,3.625,0
"M3",5000,500,0,"q990",40,0.1,0.425,0.8,0.825,0.925,1,18.475,12,2.375,0.025
"M3",5000,500,0.2,"ours",40,0.625,0.85,0.875,0.925,0.95,1,9.55,4,3.625,0
"M3",5000,500,0.2,"yu",40,0.075,0.2,0.3,0.375,0.525,0.7,115.15,42.5,1.5,0.25
"M3",5000,500,0.2,"q900",40,0.8,0.925,0.975,1,1,1,5.1,4,3.8,0.125
"M3",5000,500,0.2,"q950",40,1,1,1,1,1,1,4,4,4,0
"M3",5000,500,0.2,"q975",40,0.975,1,1,1,1,1,4.025,4,3.975,0
"M3",5000,500,0.2,"q990",40,0.325,0.925,1,1,1,1,6.275,5,3.2,0
"M3",5000,500,0.25,"ours",40,0.775,0.9,0.9,0.9,0.9,1,10.4,4,3.75,0
"M3",5000,500,0.25,"yu",40,0.125,0.3,0.5,0.55,0.625,0.75,69.9,21,1.775,0.2
"M3",5000,500,0.25,"q900",40,0.825,1,1,1,1,1,4.325,4,3.8,0.175
"M3",5000,500,0.25,"q950",40,1,1,1,1,1,1,4,4,4,0
"M3",5000,500,0.25,"q975",40,0.975,1,1,1,1,1,4.05,4,3.975,0
"M3",5000,500,0.25,"q990",40,0.5,0.95,0.975,1,1,1,5.65,4.5,3.475,0
"M3",5000,500,0.3,"ours",40,0.925,0.95,0.975,0.975,1,1,5.1,4,3.925,0
"M3",5000,500,0.3,"yu",40,0.2,0.325,0.5,0.525,0.575,0.85,58.05,20.5,1.95,0.325
"M3",5000,500,0.3,"q900",40,0.875,1,1,1,1,1,4.175,4,3.875,0.125
"M3",5000,500,0.3,"q950",40,1,1,1,1,1,1,4,4,4,0
"M3",5000,500,0.3,"q975",40,1,1,1,1,1,1,4,4,4,0
"M3",5000,500,0.3,"q990",40,0.65,0.875,0.975,0.975,0.975,1,6.525,4,3.65,0
"M3",5000,500,0.4,"ours",40,0.975,0.975,0.975,0.975,1,1,4.925,4,3.975,0
"M3",5000,500,0.4,"yu",40,0.375,0.75,0.925,0.925,0.95,1,11.55,5,3.125,0.225
"M3",5000,500,0.4,"q900",40,0.775,1,1,1,1,1,4.225,4,3.775,0.225
"M3",5000,500,0.4,"q950",40,1,1,1,1,1,1,4,4,4,0
"M3",5000,500,0.4,"q975",40,1,1,1,1,1,1,4,4,4,0
"M3",5000,500,0.4,"q990",40,0.775,0.975,1,1,1,1,4.475,4,3.775,0.025
"M3",5000,500,0.5,"ours",40,1,1,1,1,1,1,4,4,4,0
"M3",5000,500,0.5,"yu",40,0.3,0.825,0.9,0.9,0.925,1,11.525,5,2.95,0.725
"M3",5000,500,0.5,"q900",40,0.8,1,1,1,1,1,4.25,4,3.8,0.2
"M3",5000,500,0.5,"q950",40,1,1,1,1,1,1,4,4,4,0
"M3",5000,500,0.5,"q975",40,1,1,1,1,1,1,4,4,4,0
"M3",5000,500,0.5,"q990",40,0.875,1,1,1,1,1,4.15,4,3.875,0
"M3",5000,1000,0,"ours",40,0.125,0.4,0.525,0.6,0.7,0.775,105.65,18.5,2.55,0
"M3",5000,1000,0,"yu",40,0,0.075,0.075,0.075,0.1,0.125,380.225,372,0.525,0.075
"M3",5000,1000,0,"q900",40,0.3,0.625,0.775,0.875,0.975,0.975,15.45,6,2.9,0.1
"M3",5000,1000,0,"q950",40,0.875,1,1,1,1,1,4.375,4,3.875,0
"M3",5000,1000,0,"q975",40,0.6,0.975,0.975,0.975,1,1,5.825,4,3.575,0
"M3",5000,1000,0,"q990",40,0,0.3,0.6,0.675,0.75,0.8,54.4,15,2.05,0
"M3",5000,1000,0.2,"ours",40,0.575,0.825,0.925,0.925,0.925,0.975,18.025,4,3.575,0
"M3",5000,1000,0.2,"yu",40,0.05,0.2,0.3,0.325,0.4,0.5,176.6,101.5,1.425,0.15
"M3",5000,1000,0.2,"q900",40,0.775,0.95,0.975,0.975,1,1,5.25,4,3.775,0.025
"M3",5000,1000,0.2,"q950",40,0.975,1,1,1,1,1,4.025,4,3.975,0
"M3",5000,1000,0.2,"q975",40,0.875,1,1,1,1,1,4.225,4,3.875,0
"M3",5000,1000,0.2,"q990",40,0.225,0.725,0.925,0.95,0.975,1,10.45,7,2.925,0
"M3",5000,1000,0.25,"ours",40,0.725,0.9,0.9,0.95,0.975,0.975,10.925,4,3.65,0
"M3",5000,1000,0.25,"yu",40,0.25,0.3,0.375,0.45,0.575,0.675,105.775,41,1.775,0.125
"M3",5000,1000,0.25,"q900",40,0.825,0.975,0.975,1,1,1,4.8,4,3.825,0.1
"M3",5000,1000,0.25,"q950",40,1,1,1,1,1,1,4,4,4,0
"M3",5000,1000,0.25,"q975",40,1,1,1,1,1,1,4,4,4,0
"M3",5000,1000,0.25,"q990",40,0.35,0.9,0.95,0.975,0.975,0.975,10.325,5,3.15,0
"M3",5000,1000,0.3,"ours",40,0.825,0.925,0.925,0.975,0.975,0.975,12.625,4,3.775,0
"M3",5000,1000,0.3,"yu",40,0.2,0.4,0.475,0.575,0.7,0.775,91.175,22.5,2.1,0.175
"M3",5000,1000,0.3,"q900",40,0.9,1,1,1,1,1,4.1,4,3.9,0.1
"M3",5000,1000,0.3,"q950",40,1,1,1,1,1,1,4,4,4,0
"M3",5000,1000,0.3,"q975",40,1,1,1,1,1,1,4,4,4,0
"M3",5000,1000,0.3,"q990",40,0.5,0.9,0.95,0.975,1,1,6.9,4.5,3.5,0
"M3",5000,1000,0.4,"ours",40,0.95,0.975,1,1,1,1,4.35,4,3.925,0
"M3",5000,1000,0.4,"yu",40,0.175,0.5,0.575,0.575,0.675,0.75,107.4,11,2.175,0.35
"M3",5000,1000,0.4,"q900",40,0.875,1,1,1,1,1,4.175,4,3.875,0.125
"M3",5000,1000,0.4,"q950",40,1,1,1,1,1,1,4,4,4,0
"M3",5000,1000,0.4,"q975",40,0.975,1,1,1,1,1,4.025,4,3.975,0
"M3",5000,1000,0.4,"q990",40,0.6,0.975,1,1,1,1,4.925,4,3.55,0.025
"M3",5000,1000,0.5,"ours",40,1,1,1,1,1,1,4,4,4,0
"M3",5000,1000,0.5,"yu",40,0.3,0.725,0.75,0.775,0.8,0.85,59.15,6,2.775,0.55
"M3",5000,1000,0.5,"q900",40,0.825,1,1,1,1,1,4.175,4,3.825,0.175
"M3",5000,1000,0.5,"q950",40,1,1,1,1,1,1,4,4,4,0
"M3",5000,1000,0.5,"q975",40,1,1,1,1,1,1,4,4,4,0
"M3",5000,1000,0.5,"q990",40,0.775,0.975,1,1,1,1,4.45,4,3.75,0.05
"M3",5000,2000,0,"ours",40,0.125,0.3,0.45,0.5,0.55,0.55,211.4,34,2.45,0
"M3",5000,2000,0,"yu",40,0,0,0,0,0.1,0.15,755.75,684.5,0.475,0.05
"M3",5000,2000,0,"q900",40,0.15,0.45,0.65,0.75,0.825,0.85,73,12.5,2.55,0.025
"M3",5000,2000,0,"q950",40,0.8,0.925,0.975,0.975,0.975,1,6.575,4,3.775,0
"M3",5000,2000,0,"q975",40,0.35,0.8,0.9,0.925,0.975,1,9.4,5,3.2,0
"M3",5000,2000,0,"q990",40,0.025,0.15,0.3,0.5,0.675,0.875,55.4,31,1.5,0
"M3",5000,2000,0.2,"ours",40,0.625,0.8,0.875,0.925,0.925,0.925,18.075,4,3.6,0
"M3",5000,2000,0.2,"yu",40,0.125,0.25,0.3,0.325,0.475,0.55,287.5,69.5,1.475,0.025
"M3",5000,2000,0.2,"q900",40,0.725,0.975,0.975,1,1,1,4.925,4,3.675,0.05
"M3",5000,2000,0.2,"q950",40,1,1,1,1,1,1,4,4,4,0
"M3",5000,2000,0.2,"q975",40,0.95,1,1,1,1,1,4.1,4,3.95,0
"M3",5000,2000,0.2,"q990",40,0.125,0.675,0.8,0.875,0.9,0.975,15.575,6,2.625,0
"M3",5000,2000,0.25,"ours",40,0.675,0.8,0.85,0.875,0.9,0.9,88,4,3.625,0
"M3",5000,2000,0.25,"yu",40,0.15,0.2,0.225,0.25,0.4,0.4,431.725,312,1.125,0.25
"M3",5000,2000,0.25,"q900",40,0.7,0.95,0.95,0.95,1,1,6.075,4,3.675,0.125
"M3",5000,2000,0.25,"q950",40,1,1,1,1,1,1,4,4,4,0
"M3",5000,2000,0.25,"q975",40,0.9,0.975,1,1,1,1,4.35,4,3.9,0
"M3",5000,2000,0.25,"q990",40,0.3,0.8,0.875,0.9,0.95,0.975,13.275,7,3.15,0
"M3",5000,2000,0.3,"ours",40,0.85,0.925,0.975,0.975,0.975,0.975,23.45,4,3.825,0
"M3",5000,2000,0.3,"yu",40,0.175,0.325,0.375,0.375,0.475,0.6,278.05,56,1.775,0.1
"M3",5000,2000,0.3,"q900",40,0.825,0.975,1,1,1,1,4.4,4,3.825,0.075
"M3",5000,2000,0.3,"q950",40,0.975,1,1,1,1,1,4.025,4,3.975,0
"M3",5000,2000,0.3,"q975",40,0.925,1,1,1,1,1,4.075,4,3.925,0.025
"M3",5000,2000,0.3,"q990",40,0.275,0.775,0.9,0.925,1,1,9.65,6,3.075,0
"M3",5000,2000,0.4,"ours",40,0.95,1,1,1,1,1,4.075,4,3.95,0
"M3",5000,2000,0.4,"yu",40,0.325,0.65,0.7,0.725,0.8,0.85,58.45,5.5,2.7,0.3
"M3",5000,2000,0.4,"q900",40,0.925,1,1,1,1,1,4.175,4,3.925,0.075
"M3",5000,2000,0.4,"q950",40,0.975,1,1,1,1,1,4.025,4,3.975,0.025
"M3",5000,2000,0.4,"q975",40,1,1,1,1,1,1,4,4,4,0
"M3",5000,2000,0.4,"q990",40,0.525,0.95,0.975,0.975,0.975,0.975,7.775,4,3.425,0
"M3",5000,2000,0.5,"ours",40,1,1,1,1,1,1,4,4,4,0
"M3",5000,2000,0.5,"yu",40,0.325,0.675,0.75,0.775,0.775,0.9,27.4,6,2.8,0.525
"M3",5000,2000,0.5,"q900",40,0.8,1,1,1,1,1,4.275,4,3.8,0.2
"M3",5000,2000,0.5,"q950",40,1,1,1,1,1,1,4,4,4,0
"M3",5000,2000,0.5,"q975",40,1,1,1,1,1,1,4,4,4,0
"M3",5000,2000,0.5,"q990",40,0.8,1,1,1,1,1,4.2,4,3.8,0.025
"M4",1000,200,0,"ours",40,0,0,0.075,0.125,0.225,0.375,110.075,119.5,0.8,0
"M4",1000,200,0,"yu",40,0,0,0,0,0.1,0.225,129.85,142.5,0.25,0.1
"M4",1000,200,0,"q900",40,0,0,0.025,0.075,0.15,0.575,100.175,88.5,0.65,0.15
"M4",1000,200,0,"q950",40,0,0.075,0.125,0.2,0.45,0.8,65.95,55,0.9,0.025
"M4",1000,200,0,"q975",40,0,0,0.05,0.125,0.325,0.65,80.625,72,0.65,0
"M4",1000,200,0,"q990",40,0,0,0,0.025,0.075,0.3,121.25,122.5,0.25,0.025
"M4",1000,200,0.2,"ours",40,0,0.075,0.175,0.225,0.3,0.475,96.975,106.5,1.375,0
"M4",1000,200,0.2,"yu",40,0,0,0.05,0.075,0.2,0.5,98.125,101,0.4,0.225
"M4",1000,200,0.2,"q900",40,0,0.025,0.125,0.225,0.375,0.75,75.05,72.5,1.125,0.175
"M4",1000,200,0.2,"q950",40,0,0.075,0.275,0.475,0.625,0.925,47.475,32.5,1.475,0.025
"M4",1000,200,0.2,"q975",40,0,0,0.075,0.1,0.425,0.675,75.4,64.5,1.05,0.075
"M4",1000,200,0.2,"q990",40,0,0,0,0.025,0.125,0.45,110.325,105.5,0.35,0.1
"M4",1000,200,0.25,"ours",40,0.05,0.075,0.175,0.35,0.475,0.55,82.375,68,1.9,0
"M4",1000,200,0.25,"yu",40,0.025,0.025,0.05,0.175,0.25,0.5,92.275,100,0.825,0.125
"M4",1000,200,0.25,"q900",40,0.025,0.125,0.3,0.4,0.475,0.75,62.25,58,1.1,0.425
"M4",1000,200,0.25,"q950",40,0.025,0.25,0.45,0.55,0.775,0.925,37.375,24,1.725,0.05
"M4",1000,200,0.25,"q975",40,0,0.125,0.2,0.35,0.575,0.875,55.1,42.5,1,0.025
"M4",1000,200,0.25,"q990",40,0,0,0.025,0.125,0.175,0.475,102.75,102.5,0.4,0.15
"M4",1000,200,0.3,"ours",40,0.025,0.125,0.2,0.4,0.525,0.675,72.15,49.5,1.75,0
"M4",1000,200,0.3,"yu",40,0.025,0.025,0.05,0.15,0.225,0.6,94.425,96,0.65,0.275
"M4",1000,200,0.3,"q900",40,0.025,0.15,0.275,0.5,0.65,0.875,51.375,32.5,1.45,0.375
"M4",1000,200,0.3,"q950",40,0.075,0.325,0.475,0.65,0.875,0.95,29.85,21,1.95,0.1
"M4",1000,200,0.3,"q975",40,0,0.05,0.275,0.45,0.675,0.925,45.1,33.5,1.3,0.025
"M4",1000,200,0.3,"q990",40,0,0,0.075,0.175,0.325,0.675,83.35,73,0.425,0.1
"M4",1000,200,0.4,"ours",40,0.05,0.2,0.45,0.5,0.65,0.8,52.725,27,2.2,0
"M4",1000,200,0.4,"yu",40,0,0.025,0.1,0.125,0.175,0.55,92.15,90.5,0.45,0.275
"M4",1000,200,0.4,"q900",40,0.075,0.325,0.575,0.725,0.875,0.95,26,16.5,2,0.475
"M4",1000,200,0.4,"q950",40,0.1,0.45,0.7,0.875,0.9,1,17.8,11.5,2.575,0.075
"M4",1000,200,0.4,"q975",40,0.025,0.15,0.5,0.725,0.85,0.925,33.45,20,1.825,0
"M4",1000,200,0.4,"q990",40,0,0,0.075,0.25,0.55,0.8,59.05,47.5,0.45,0.025
"M4",1000,200,0.5,"ours",40,0.15,0.4,0.625,0.675,0.825,0.875,35.725,13.5,2.725,0.025
"M4",1000,200,0.5,"yu",40,0,0.125,0.35,0.475,0.525,0.75,60.8,34.5,1.375,0.625
"M4",1000,200,0.5,"q900",40,0.1,0.675,0.9,0.925,0.95,1,11.725,7,2.6,0.675
"M4",1000,200,0.5,"q950",40,0.25,0.65,0.825,0.875,1,1,12.4,7,3.025,0.025
"M4",1000,200,0.5,"q975",40,0.1,0.4,0.65,0.725,0.85,0.95,26.025,13,2.2,0.025
"M4",1000,200,0.5,"q990",40,0,0.025,0.2,0.325,0.55,0.875,57.35,43.5,0.8,0.05
"M4",1000,500,0,"ours",40,0,0,0,0,0.025,0.05,344.3,361,0.4,0
"M4",1000,500,0,"yu",40,0,0,0,0,0,0.05,294.275,309,0.15,0.1
"M4",1000,500,0,"q900",40,0,0,0,0,0,0.075,242.425,207.5,0.3,0.05
"M4",1000,500,0,"q950",40,0,0,0,0.025,0.1,0.275,179.6,185,0.625,0
"M4",1000,500,0,"q975",40,0,0,0,0,0,0.075,266.575,272,0.225,0
"M4",1000,500,0,"q990",40,0,0,0,0,0.025,0.075,290.6,309.5,0.1,0.025
"M4",1000,500,0.2,"ours",40,0,0.05,0.1,0.15,0.2,0.325,198.225,184.5,1.325,0.025
"M4",1000,500,0.2,"yu",40,0,0,0.05,0.1,0.125,0.3,228.975,224.5,0.475,0.05
"M4",1000,500,0.2,"q900",40,0,0,0.075,0.125,0.225,0.4,178.75,125,0.625,0.225
"M4",1000,500,0.2,"q950",40,0,0.1,0.15,0.25,0.45,0.725,102.775,53.5,1.1,0
"M4",1000,500,0.2,"q975",40,0,0.025,0.025,0.125,0.225,0.4,144.5,143,0.45,0
"M4",1000,500,0.2,"q990",40,0,0,0,0,0,0.1,255.025,237.5,0.075,0
"M4",1000,500,0.25,"ours",40,0,0.075,0.175,0.275,0.3,0.475,145.475,127,1.325,0
"M4",1000,500,0.25,"yu",40,0,0,0.025,0.05,0.1,0.225,216.325,193.5,0.4,0.15
"M4",1000,500,0.25,"q900",40,0,0.05,0.125,0.175,0.325,0.425,167.225,133,1.025,0.175
"M4",1000,500,0.25,"q950",40,0,0.075,0.25,0.325,0.425,0.65,99.8,72,1.45,0
"M4",1000,500,0.25,"q975",40,0,0.025,0.15,0.25,0.4,0.6,116,76,0.75,0.025
"M4",1000,500,0.25,"q990",40,0,0,0,0,0.025,0.15,223.9,212.5,0.15,0.05
"M4",1000,500,0.3,"ours",40,0.025,0.1,0.125,0.15,0.275,0.375,190.475,172.5,1.325,0
"M4",1000,500,0.3,"yu",40,0,0,0,0.05,0.1,0.175,237.975,225,0.275,0.225
"M4",1000,500,0.3,"q900",40,0,0.075,0.125,0.2,0.3,0.525,119.675,93,1.1,0.375
"M4",1000,500,0.3,"q950",40,0,0.075,0.25,0.325,0.575,0.775,68.7,39.5,1.5,0
"M4",1000,500,0.3,"q975",40,0,0,0.05,0.175,0.325,0.7,115.125,62.5,0.75,0
"M4",1000,500,0.3,"q990",40,0,0,0,0,0.025,0.25,206.9,187.5,0.1,0.05
"M4",1000,500,0.4,"ours",40,0,0.15,0.25,0.375,0.475,0.55,135.025,78,2,0
"M4",1000,500,0.4,"yu",40,0,0.025,0.05,0.1,0.225,0.375,180.975,149,0.625,0.275
"M4",1000,500,0.4,"q900",40,0.075,0.2,0.325,0.4,0.55,0.675,83.65,46,1.7,0.25
"M4",1000,500,0.4,"q950",40,0.05,0.275,0.475,0.675,0.775,0.85,43.625,21.5,2,0.05
"M4",1000,500,0.4,"q975",40,0,0.05,0.225,0.325,0.5,0.8,71.575,51,1.05,0
"M4",1000,500,0.4,"q990",40,0,0,0,0,0.05,0.375,159.675,137,0.05,0
"M4",1000,500,0.5,"ours",40,0.175,0.375,0.55,0.6,0.6,0.725,88.6,19.5,2.65,0
"M4",1000,500,0.5,"yu",40,0.025,0.125,0.225,0.325,0.325,0.525,144.7,94,0.825,0.45
"M4",1000,500,0.5,"q900",40,0.075,0.325,0.7,0.75,0.825,0.975,27.05,13,2.2,0.575
"M4",1000,500,0.5,"q950",40,0.075,0.6,0.775,0.9,0.925,1,15.225,9,2.55,0.075
"M4",1000,500,0.5,"q975",40,0,0.175,0.525,0.625,0.8,0.9,39.225,19.5,1.575,0.1
"M4",1000,500,0.5,"q990",40,0,0,0.075,0.15,0.325,0.6,120.025,75,0.625,0.05
"M4",1000,1000,0,"ours",40,0,0,0,0,0,0,560.9,617,0.35,0.1
"M4",1000,1000,0,"yu",40,0,0,0,0,0,0.075,598.1,616,0.025,0.075
"M4",1000,1000,0,"q900",40,0,0,0,0,0,0.025,522.825,476,0.2,0.05
"M4",1000,1000,0,"q950",40,0,0,0,0,0.025,0.075,390.675,322,0.25,0
"M4",1000,1000,0,"q975",40,0,0,0,0,0,0.05,497.45,451.5,0.1,0.025
"M4",1000,1000,0,"q990",40,0,0,0,0,0,0,659.275,692.5,0.025,0.025
"M4",1000,1000,0.2,"ours",40,0,0.075,0.075,0.1,0.1,0.175,432.775,420.5,0.95,0
"M4",1000,1000,0.2,"yu",40,0,0,0.025,0.05,0.075,0.075,525.625,523,0.25,0.15
"M4",1000,1000,0.2,"q900",40,0,0,0.025,0.05,0.075,0.225,305.975,256.5,0.425,0.125
"M4",1000,1000,0.2,"q950",40,0,0,0,0.05,0.125,0.375,185.175,125.5,0.825,0
"M4",1000,1000,0.2,"q975",40,0,0,0,0,0.025,0.125,338.775,322.5,0.325,0
"M4",1000,1000,0.2,"q990",40,0,0,0,0,0,0,469.45,438,0.05,0
"M4",1000,1000,0.25,"ours",40,0,0.025,0.025,0.025,0.025,0.15,388.8,335,1.1,0
"M4",1000,1000,0.25,"yu",40,0,0,0,0,0.025,0.15,433.175,440,0.325,0.075
"M4",1000,1000,0.25,"q900",40,0,0.025,0.025,0.025,0.075,0.1,327,274.5,0.55,0.25
"M4",1000,1000,0.25,"q950",40,0,0,0.1,0.15,0.15,0.4,165.05,109,0.9,0
"M4",1000,1000,0.25,"q975",40,0,0,0.025,0.025,0.075,0.3,223.7,151.5,0.55,0
"M4",1000,1000,0.25,"q990",40,0,0,0,0,0,0.025,439.35,437.5,0.1,0.05
"M4",1000,1000,0.3,"ours",40,0,0.075,0.125,0.15,0.15,0.3,298.2,206.5,1.225,0
"M4",1000,1000,0.3,"yu",40,0,0,0,0,0.05,0.05,454.825,448,0.275,0.2
"M4",1000,1000,0.3,"q900",40,0,0.025,0.025,0.125,0.175,0.275,266.575,202,0.75,0.275
"M4",1000,1000,0.3,"q950",40,0.025,0.075,0.175,0.275,0.425,0.575,144.875,61.5,1.2,0
"M4",1000,1000,0.3,"q975",40,0,0.025,0.025,0.025,0.175,0.325,209.45,148.5,0.35,0
"M4",1000,1000,0.3,"q990",40,0,0,0,0,0,0.025,436.35,401,0.075,0
"M4",1000,1000,0.4,"ours",40,0,0.025,0.1,0.175,0.2,0.3,283.45,205,1.5,0
"M4",1000,1000,0.4,"yu",40,0,0.025,0.05,0.1,0.125,0.175,343.8,264,0.45,0.175
"M4",1000,1000,0.4,"q900",40,0,0,0.05,0.175,0.375,0.575,142.7,62.5,1.25,0.275
"M4",1000,1000,0.4,"q950",40,0,0.075,0.175,0.375,0.625,0.775,86.125,37.5,1.475,0.025
"M4",1000,1000,0.4,"q975",40,0,0.025,0.075,0.175,0.225,0.4,140.05,113,0.775,0
"M4",1000,1000,0.4,"q990",40,0,0,0,0,0,0.1,397.625,368,0.075,0
"M4",1000,1000,0.5,"ours",40,0.075,0.225,0.3,0.5,0.575,0.65,144.5,33.5,2.2,0
"M4",1000,1000,0.5,"yu",40,0,0.075,0.1,0.1,0.175,0.3,332.675,243.5,0.575,0.325
"M4",1000,1000,0.5,"q900",40,0,0.125,0.3,0.4,0.575,0.75,81.1,37,1.8,0.625
"M4",1000,1000,0.5,"q950",40,0.025,0.25,0.575,0.675,0.7,0.85,39.875,19.5,2,0.125
"M4",1000,1000,0.5,"q975",40,0,0.025,0.1,0.125,0.3,0.6,104.75,87.5,1.1,0.05
"M4",1000,1000,0.5,"q990",40,0,0,0,0,0.075,0.1,299.325,290.5,0.1,0
"M4",1000,2000,0,"ours",40,0,0,0,0,0,0,1260.15,1255.5,0.1,0
"M4",1000,2000,0,"yu",40,0,0,0,0,0,0,1201.85,1166,0,0.025
"M4",1000,2000,0,"q900",40,0,0,0,0,0,0,1044.725,1028.5,0.1,0.05
"M4",1000,2000,0,"q950",40,0,0,0,0,0,0.025,800.85,581,0.15,0
"M4",1000,2000,0,"q975",40,0,0,0,0,0,0,764.575,676.5,0.1,0
"M4",1000,2000,0,"q990",40,0,0,0,0,0,0,1268.725,1257,0.025,0
"M4",1000,2000,0.2,"ours",40,0,0,0,0,0.025,0.05,997.625,1005,0.575,0
"M4",1000,2000,0.2,"yu",40,0,0,0.025,0.025,0.025,0.025,1078.425,1065,0.1,0.05
"M4",1000,2000,0.2,"q900",40,0,0,0,0,0,0.025,735.575,620.5,0.325,0.1
"M4",1000,2000,0.2,"q950",40,0,0.025,0.025,0.025,0.05,0.15,410.875,270.5,0.65,0
"M4",1000,2000,0.2,"q975",40,0,0,0.025,0.05,0.05,0.075,572.45,511,0.25,0
"M4",1000,2000,0.2,"q990",40,0,0,0,0,0,0,950.975,892.5,0.05,0.025
"M4",1000,2000,0.25,"ours",40,0,0.025,0.025,0.025,0.075,0.175,657.1,567,0.8,0
"M4",1000,2000,0.25,"yu",40,0,0,0.025,0.025,0.075,0.125,943.425,1084.5,0.25,0.05
"M4",1000,2000,0.25,"q900",40,0,0,0,0,0,0.125,619.75,488.5,0.4,0.2
"M4",1000,2000,0.25,"q950",40,0,0,0,0.05,0.125,0.225,369.275,210,0.55,0
"M4",1000,2000,0.25,"q975",40,0,0,0,0,0.025,0.1,605.275,429.5,0.15,0.025
"M4",1000,2000,0.25,"q990",40,0,0,0,0,0,0,875.05,710.5,0.05,0
"M4",1000,2000,0.3,"ours",40,0,0,0.025,0.05,0.075,0.1,674.525,512.5,1.2,0
"M4",1000,2000,0.3,"yu",40,0,0,0.025,0.025,0.025,0.05,943.275,930.5,0.325,0.075
"M4",1000,2000,0.3,"q900",40,0,0,0,0.05,0.15,0.275,470.2,289.5,0.775,0.25
"M4",1000,2000,0.3,"q950",40,0,0.05,0.05,0.1,0.2,0.375,346.425,188,0.95,0.025
"M4",1000,2000,0.3,"q975",40,0,0,0,0,0.05,0.25,482.4,394,0.275,0
"M4",1000,2000,0.3,"q990",40,0,0,0,0,0,0,969.65,928,0.025,0.025
"M4",1000,2000,0.4,"ours",40,0,0.05,0.05,0.05,0.1,0.225,581.475,367,1.375,0
"M4",1000,2000,0.4,"yu",40,0,0.025,0.025,0.075,0.1,0.175,683.525,706,0.4,0.05
"M4",1000,2000,0.4,"q900",40,0,0,0.025,0.1,0.175,0.35,394.75,204,0.825,0.3
"M4",1000,2000,0.4,"q950",40,0,0.1,0.125,0.2,0.375,0.625,241.725,76.5,1.175,0
"M4",1000,2000,0.4,"q975",40,0,0,0.025,0.05,0.1,0.375,261.85,135.5,0.45,0.025
"M4",1000,2000,0.4,"q990",40,0,0,0,0,0,0,598.75,413.5,0.075,0.05
"M4",1000,2000,0.5,"ours",40,0.075,0.275,0.3,0.375,0.475,0.575,262,54,2.1,0
"M4",1000,2000,0.5,"yu",40,0,0.075,0.1,0.175,0.175,0.325,549.975,283.5,0.65,0.2
"M4",1000,2000,0.5,"q900",40,0.05,0.25,0.35,0.425,0.5,0.65,134.825,52.5,1.75,0.275
"M4",1000,2000,0.5,"q950",40,0.025,0.075,0.225,0.4,0.725,0.85,51.675,35.5,1.675,0.025
"M4",1000,2000,0.5,"q975",40,0,0.05,0.1,0.125,0.175,0.375,204.95,144.5,0.85,0.075
"M4",1000,2000,0.5,"q990",40,0,0.025,0.025,0.025,0.075,0.15,498.2,437,0.35,0
"M4",2000,200,0,"ours",40,0.025,0.05,0.2,0.35,0.475,0.8,63.175,52.5,1.725,0.075
"M4",2000,200,0,"yu",40,0,0,0.05,0.05,0.175,0.475,104.1,103,0.525,0.25
"M4",2000,200,0,"q900",40,0,0.1,0.15,0.275,0.525,0.75,64.175,48.5,1.325,0.125
"M4",2000,200,0,"q950",40,0.05,0.275,0.65,0.725,0.825,0.95,26.425,14.5,2.1,0.075
"M4",2000,200,0,"q975",40,0.025,0.225,0.3,0.45,0.725,0.9,42.825,32.5,1.525,0.075
"M4",2000,200,0,"q990",40,0,0,0.025,0.2,0.375,0.675,82.6,74,0.65,0.125
"M4",2000,200,0.2,"ours",40,0.075,0.3,0.45,0.5,0.65,0.8,50.475,28.5,2.225,0.025
"M4",2000,200,0.2,"yu",40,0,0.075,0.2,0.2,0.325,0.575,85.3,79.5,0.8,0.225
"M4",2000,200,0.2,"q900",40,0,0.175,0.525,0.675,0.8,0.95,32.475,18,2.05,0.5
"M4",2000,200,0.2,"q950",40,0.125,0.7,0.9,0.95,0.975,0.975,12.325,8.5,2.85,0.075
"M4",2000,200,0.2,"q975",40,0.05,0.425,0.725,0.875,0.975,1,16.725,12,2.425,0.125
"M4",2000,200,0.2,"q990",40,0,0.025,0.1,0.375,0.575,0.925,53,40,1.1,0.05
"M4",2000,200,0.25,"ours",40,0.225,0.45,0.525,0.6,0.775,0.925,34,17.5,2.75,0.025
"M4",2000,200,0.25,"yu",40,0.025,0.125,0.275,0.35,0.475,0.675,71.55,65,0.825,0.175
"M4",2000,200,0.25,"q900",40,0.225,0.6,0.775,0.85,0.95,0.975,16.45,7,2.875,0.175
"M4",2000,200,0.25,"q950",40,0.4,0.875,0.95,1,1,1,7,5,3.35,0.025
"M4",2000,200,0.25,"q975",40,0.1,0.65,0.875,0.925,0.975,1,12.5,7,2.675,0.025
"M4",2000,200,0.25,"q990",40,0,0.075,0.3,0.475,0.775,0.875,44.2,31.5,1.375,0.05
"M4",2000,200,0.3,"ours",40,0.25,0.475,0.625,0.7,0.825,0.9,29.7,11,2.775,0
"M4",2000,200,0.3,"yu",40,0.1,0.275,0.375,0.4,0.55,0.725,59.8,43,1.375,0.275
"M4",2000,200,0.3,"q900",40,0.175,0.65,0.825,0.875,0.95,0.975,16.7,6.5,2.65,0.4
"M4",2000,200,0.3,"q950",40,0.475,0.875,0.925,0.975,0.975,1,8.325,5,3.375,0.025
"M4",2000,200,0.3,"q975",40,0.125,0.625,0.8,0.9,0.925,1,15.125,9,2.65,0.025
"M4",2000,200,0.3,"q990",40,0,0.1,0.4,0.5,0.725,0.9,41.525,29,1.4,0.1
"M4",2000,200,0.4,"ours",40,0.35,0.65,0.825,0.875,0.9,0.975,16.925,6,3.2,0
"M4",2000,200,0.4,"yu",40,0.05,0.3,0.475,0.525,0.625,0.875,47.25,25,1.5,0.6
"M4",2000,200,0.4,"q900",40,0.425,0.925,1,1,1,1,5.875,5,3.275,0.375
"M4",2000,200,0.4,"q950",40,0.75,0.975,1,1,1,1,4.7,4,3.75,0.025
"M4",2000,200,0.4,"q975",40,0.375,0.875,0.975,1,1,1,6.975,5,3.25,0.025
"M4",2000,200,0.4,"q990",40,0.025,0.35,0.55,0.6,0.85,0.95,30.275,20,1.925,0.1
"M4",2000,200,0.5,"ours",40,0.575,0.85,0.875,0.95,0.95,0.975,11.125,4,3.525,0
"M4",2000,200,0.5,"yu",40,0.175,0.4,0.55,0.75,0.825,0.925,29.5,15.5,1.85,0.8
"M4",2000,200,0.5,"q900",40,0.475,0.95,0.975,1,1,1,5.55,5,3.4,0.45
"M4",2000,200,0.5,"q950",40,0.9,1,1,1,1,1,4.125,4,3.9,0.05
"M4",2000,200,0.5,"q975",40,0.625,0.925,1,1,1,1,5.275,4,3.6,0.025
"M4",2000,200,0.5,"q990",40,0.05,0.425,0.75,0.875,0.975,1,15.7,12,2.125,0.075
"M4",2000,500,0,"ours",40,0,0.05,0.05,0.125,0.225,0.325,201.425,185.5,1,0
"M4",2000,500,0,"yu",40,0,0,0,0,0,0.1,284.875,299.5,0.175,0.125
"M4",2000,500,0,"q900",40,0,0.025,0.1,0.125,0.15,0.45,141.525,114.5,0.925,0.075
"M4",2000,500,0,"q950",40,0,0.1,0.225,0.3,0.475,0.725,84.325,63.5,1.575,0.05
"M4",2000,500,0,"q975",40,0,0.025,0.15,0.2,0.375,0.675,102.25,61.5,1.25,0.075
"M4",2000,500,0,"q990",40,0,0,0,0.05,0.1,0.225,206.65,185.5,0.15,0
"M4",2000,500,0.2,"ours",40,0.05,0.175,0.35,0.4,0.6,0.65,102.275,39.5,2.125,0
"M4",2000,500,0.2,"yu",40,0,0,0.05,0.075,0.15,0.3,199.525,179,0.35,0.175
"M4",2000,500,0.2,"q900",40,0.025,0.225,0.425,0.45,0.6,0.75,70.4,38,2.05,0.2
"M4",2000,500,0.2,"q950",40,0.125,0.55,0.7,0.775,0.9,1,20.375,10,2.625,0.025
"M4",2000,500,0.2,"q975",40,0.025,0.15,0.35,0.5,0.7,0.9,48.325,32.5,1.8,0.025
"M4",2000,500,0.2,"q990",40,0,0.025,0.075,0.075,0.225,0.4,138.25,136,0.75,0.025
"M4",2000,500,0.25,"ours",40,0.125,0.3,0.375,0.4,0.5,0.675,103.55,44.5,2.425,0
"M4",2000,500,0.25,"yu",40,0.025,0.1,0.2,0.275,0.3,0.375,177.425,175,0.775,0.125
"M4",2000,500,0.25,"q900",40,0.15,0.4,0.525,0.65,0.725,0.825,53.55,13,2.425,0.225
"M4",2000,500,0.25,"q950",40,0.275,0.55,0.825,0.875,0.925,0.95,22.85,8,3.1,0
"M4",2000,500,0.25,"q975",40,0.075,0.35,0.525,0.6,0.775,0.875,42.35,19.5,2.175,0.025
"M4",2000,500,0.25,"q990",40,0,0.025,0.025,0.05,0.125,0.425,134.65,112.5,0.775,0.025
"M4",2000,500,0.3,"ours",40,0.2,0.375,0.525,0.6,0.675,0.75,61.925,16,2.75,0
"M4",2000,500,0.3,"yu",40,0,0.075,0.175,0.25,0.325,0.5,121.875,95,1.05,0.1
"M4",2000,500,0.3,"q900",40,0.125,0.475,0.675,0.675,0.8,0.9,37.925,11,2.475,0.275
"M4",2000,500,0.3,"q950",40,0.35,0.75,0.9,0.95,0.975,1,10.475,6,3.225,0.025
"M4",2000,500,0.3,"q975",40,0.175,0.475,0.65,0.75,0.875,0.95,26.05,11.5,2.625,0
"M4",2000,500,0.3,"q990",40,0,0,0.025,0.2,0.4,0.7,87.625,64,0.7,0.025
"M4",2000,500,0.4,"ours",40,0.225,0.475,0.7,0.725,0.775,0.825,49,12.5,3.1,0
"M4",2000,500,0.4,"yu",40,0.1,0.275,0.4,0.5,0.6,0.675,88.55,34,1.425,0.3
"M4",2000,500,0.4,"q900",40,0.3,0.825,0.9,0.925,0.975,0.975,12.075,5.5,3.2,0.25
"M4",2000,500,0.4,"q950",40,0.6,0.85,0.925,0.975,1,1,7.55,4,3.575,0.1
"M4",2000,500,0.4,"q975",40,0.225,0.725,0.875,0.875,0.925,1,13.475,6,2.925,0.05
"M4",2000,500,0.4,"q990",40,0,0.1,0.325,0.475,0.625,0.875,52.35,32,1.1,0.025
"M4",2000,500,0.5,"ours",40,0.725,0.925,0.925,0.925,0.925,0.975,11.125,4,3.7,0
"M4",2000,500,0.5,"yu",40,0.125,0.3,0.375,0.425,0.625,0.725,79.725,36,1.65,0.4
"M4",2000,500,0.5,"q900",40,0.475,0.975,1,1,1,1,5.5,5,3.25,0.575
"M4",2000,500,0.5,"q950",40,0.9,0.975,1,1,1,1,4.35,4,3.9,0.025
"M4",2000,500,0.5,"q975",40,0.55,0.9,1,1,1,1,5.7,4,3.375,0.025
"M4",2000,500,0.5,"q990",40,0,0.125,0.425,0.525,0.85,0.975,32.625,29,1.375,0.025
"M4",2000,1000,0,"ours",40,0,0,0.05,0.05,0.075,0.075,440.95,404.5,0.95,0
"M4",2000,1000,0,"yu",40,0,0,0,0,0,0.075,517.325,519.5,0.225,0.025
"M4",2000,1000,0,"q900",40,0,0,0,0,0.05,0.175,306.2,218,0.75,0.075
"M4",2000,1000,0,"q950",40,0,0,0.075,0.1,0.3,0.575,166.9,83,1.2,0
"M4",2000,1000,0,"q975",40,0,0,0.025,0.05,0.125,0.275,260.45,158,0.875,0
"M4",2000,1000,0,"q990",40,0,0,0,0,0,0.075,422.425,435,0.275,0
"M4",2000,1000,0.2,"ours",40,0.025,0.1,0.2,0.325,0.375,0.45,168.45,126,1.85,0
"M4",2000,1000,0.2,"yu",40,0,0.025,0.05,0.05,0.05,0.05,464.15,491.5,0.5,0.075
"M4",2000,1000,0.2,"q900",40,0.05,0.15,0.225,0.375,0.5,0.575,146.8,56,1.725,0.2
"M4",2000,1000,0.2,"q950",40,0.075,0.4,0.525,0.625,0.8,0.925,35.975,18,2.425,0
"M4",2000,1000,0.2,"q975",40,0,0.125,0.275,0.325,0.475,0.65,98.9,53.5,1.625,0
"M4",2000,1000,0.2,"q990",40,0,0,0,0,0.075,0.225,264.5,222,0.275,0
"M4",2000,1000,0.25,"ours",40,0.05,0.175,0.325,0.45,0.475,0.625,167.05,69,2.15,0
"M4",2000,1000,0.25,"yu",40,0,0.075,0.075,0.125,0.125,0.225,434.3,483,0.525,0.15
"M4",2000,1000,0.25,"q900",40,0.025,0.175,0.275,0.35,0.5,0.65,96.625,51.5,1.925,0.15
"M4",2000,1000,0.25,"q950",40,0.075,0.475,0.7,0.825,0.9,0.95,26.525,11,2.475,0.025
"M4",2000,1000,0.25,"q975",40,0,0.2,0.425,0.5,0.725,0.9,43,29,1.675,0
"M4",2000,1000,0.25,"q990",40,0,0.025,0.075,0.1,0.175,0.4,166.85,138,0.525,0.05
"M4",2000,1000,0.3,"ours",40,0.075,0.25,0.4,0.525,0.65,0.8,93.05,27.5,2.45,0
"M4",2000,1000,0.3,"yu",40,0.05,0.125,0.175,0.2,0.225,0.275,299.625,297,1.025,0.125
"M4",2000,1000,0.3,"q900",40,0.1,0.35,0.55,0.725,0.8,0.9,53.625,18,2.5,0.1
"M4",2000,1000,0.3,"q950",40,0.2,0.75,0.9,0.925,0.95,1,10.55,6,3.05,0
"M4",2000,1000,0.3,"q975",40,0.025,0.2,0.5,0.6,0.775,0.85,43.875,21.5,2,0.025
"M4",2000,1000,0.3,"q990",40,0,0.025,0.05,0.075,0.2,0.35,181.325,146,0.525,0
"M4",2000,1000,0.4,"ours",40,0.375,0.575,0.675,0.7,0.75,0.825,52.15,7,3.075,0
"M4",2000,1000,0.4,"yu",40,0,0.1,0.125,0.2,0.25,0.375,215.95,121.5,0.85,0.275
"M4",2000,1000,0.4,"q900",40,0.375,0.7,0.8,0.85,0.925,0.95,21.925,5.5,3.15,0.25
"M4",2000,1000,0.4,"q950",40,0.475,0.9,1,1,1,1,5.9,5,3.475,0
"M4",2000,1000,0.4,"q975",40,0.1,0.475,0.8,0.925,1,1,13.65,11,2.5,0.025
"M4",2000,1000,0.4,"q990",40,0,0,0.1,0.25,0.4,0.55,106.475,81.5,0.725,0
"M4",2000,1000,0.5,"ours",40,0.5,0.675,0.75,0.775,0.85,0.9,47.35,4.5,3.475,0
"M4",2000,1000,0.5,"yu",40,0.175,0.225,0.25,0.3,0.35,0.45,255.5,175.5,1.275,0.175
"M4",2000,1000,0.5,"q900",40,0.375,0.925,1,1,1,1,6.275,5,3.325,0.475
"M4",2000,1000,0.5,"q950",40,0.575,0.975,1,1,1,1,4.725,4,3.525,0.1
"M4",2000,1000,0.5,"q975",40,0.2,0.825,0.9,0.925,0.975,0.975,11.675,8,2.9,0.05
"M4",2000,1000,0.5,"q990",40,0,0.075,0.2,0.275,0.475,0.75,76.075,54.5,0.75,0.025
"M4",2000,2000,0,"ours",40,0,0,0.05,0.05,0.075,0.15,698.95,545.5,0.775,0
"M4",2000,2000,0,"yu",40,0,0,0,0,0.025,0.075,908.375,983,0.1,0.05
"M4",2000,2000,0,"q900",40,0,0,0,0.05,0.05,0.1,543.5,418,0.575,0.1
"M4",2000,2000,0,"q950",40,0,0,0.1,0.15,0.275,0.375,277.2,142.5,1.125,0
"M4",2000,2000,0,"q975",40,0,0,0,0,0,0.05,497.425,333,0.675,0
"M4",2000,2000,0,"q990",40,0,0,0,0.025,0.025,0.05,856.4,838.5,0.125,0
"M4",2000,2000,0.2,"ours",40,0.075,0.125,0.15,0.225,0.375,0.45,362.85,176.5,1.925,0
"M4",2000,2000,0.2,"yu",40,0.025,0.025,0.025,0.05,0.05,0.15,847.625,980,0.475,0.05
"M4",2000,2000,0.2,"q900",40,0,0.025,0.175,0.2,0.275,0.425,249.7,141,1.325,0.075
"M4",2000,2000,0.2,"q950",40,0.125,0.225,0.35,0.5,0.625,0.8,68.075,32.5,2.15,0
"M4",2000,2000,0.2,"q975",40,0,0.025,0.15,0.2,0.3,0.6,110.5,79,1,0
"M4",2000,2000,0.2,"q990",40,0,0,0.025,0.05,0.05,0.1,462.55,319,0.15,0.025
"M4",2000,2000,0.25,"ours",40,0.05,0.175,0.25,0.3,0.325,0.375,475.85,234.5,2.05,0
"M4",2000,2000,0.25,"yu",40,0,0.05,0.075,0.075,0.15,0.275,628.225,424,0.6,0.1
"M4",2000,2000,0.25,"q900",40,0.05,0.125,0.2,0.3,0.4,0.6,174.725,68,1.6,0.1
"M4",2000,2000,0.25,"q950",40,0.025,0.3,0.6,0.65,0.7,0.75,95.125,15.5,2.3,0
"M4",2000,2000,0.25,"q975",40,0,0.075,0.2,0.275,0.425,0.525,164.825,81.5,1.325,0
"M4",2000,2000,0.25,"q990",40,0,0,0,0,0,0.125,427.425,353.5,0.325,0.025
"M4",2000,2000,0.3,"ours",40,0.05,0.175,0.275,0.3,0.4,0.525,351.65,89.5,2.2,0
"M4",2000,2000,0.3,"yu",40,0,0.075,0.125,0.125,0.2,0.325,537.875,375.5,0.75,0.125
"M4",2000,2000,0.3,"q900",40,0.075,0.3,0.35,0.375,0.5,0.7,157.05,52,1.9,0.2
"M4",2000,2000,0.3,"q950",40,0.125,0.4,0.65,0.8,0.925,0.925,32.15,13,2.625,0
"M4",2000,2000,0.3,"q975",40,0.05,0.275,0.5,0.525,0.7,0.85,54.425,23.5,1.9,0
"M4",2000,2000,0.3,"q990",40,0,0,0.025,0.05,0.15,0.25,272.9,224.5,0.2,0
"M4",2000,2000,0.4,"ours",40,0.225,0.5,0.7,0.7,0.775,0.775,136,11,2.975,0
"M4",2000,2000,0.4,"yu",40,0.025,0.05,0.075,0.1,0.15,0.275,356.825,215,0.9,0.05
"M4",2000,2000,0.4,"q900",40,0.15,0.5,0.625,0.775,0.8,0.925,58.625,11.5,2.875,0.275
"M4",2000,2000,0.4,"q950",40,0.225,0.675,0.925,0.925,0.925,0.975,17.35,7,3.125,0.025
"M4",2000,2000,0.4,"q975",40,0.125,0.425,0.625,0.7,0.825,0.95,30.525,14.5,2.375,0
"M4",2000,2000,0.4,"q990",40,0,0,0.05,0.1,0.25,0.525,193.8,96,0.475,0
"M4",2000,2000,0.5,"ours",40,0.425,0.5,0.675,0.75,0.775,0.825,64.375,10,3.25,0
"M4",2000,2000,0.5,"yu",40,0.1,0.325,0.425,0.45,0.475,0.5,330.525,116,1.6,0.275
"M4",2000,2000,0.5,"q900",40,0.45,0.85,0.9,0.95,0.95,0.975,15.85,5,3.3,0.45
"M4",2000,2000,0.5,"q950",40,0.7,0.9,0.975,1,1,1,5.55,4,3.675,0
"M4",2000,2000,0.5,"q975",40,0.225,0.525,0.85,0.95,0.95,1,14,9,2.875,0
"M4",2000,2000,0.5,"q990",40,0,0.025,0.1,0.175,0.3,0.625,104.65,76.5,0.575,0
"M4",5000,200,0,"ours",40,0.15,0.4,0.55,0.575,0.725,0.875,38.9,14,2.7,0.025
"M4",5000,200,0,"yu",40,0.025,0.1,0.175,0.275,0.35,0.675,74.775,69.5,0.825,0.15
"M4",5000,200,0,"q900",40,0.425,0.8,0.95,0.975,1,1,7.425,5,3.225,0.05
"M4",5000,200,0,"q950",40,0.775,0.975,1,1,1,1,4.7,4,3.775,0.025
"M4",5000,200,0,"q975",40,0.5,0.925,0.975,0.975,0.975,1,6.875,4.5,3.425,0
"M4",5000,200,0,"q990",40,0.025,0.475,0.65,0.75,0.9,1,21.775,11.5,2.225,0
"M4",5000,200,0.2,"ours",40,0.475,0.65,0.825,0.85,0.875,0.925,20.225,5,3.3,0.05
"M4",5000,200,0.2,"yu",40,0.075,0.225,0.325,0.5,0.65,0.8,50.85,32,1.525,0.25
"M4",5000,200,0.2,"q900",40,0.725,0.925,0.95,0.975,0.975,1,6.375,4,3.7,0.15
"M4",5000,200,0.2,"q950",40,1,1,1,1,1,1,4,4,4,0
"M4",5000,200,0.2,"q975",40,0.875,1,1,1,1,1,4.45,4,3.875,0
"M4",5000,200,0.2,"q990",40,0.375,0.85,0.95,0.975,1,1,7.7,5.5,3.025,0.025
"M4",5000,200,0.25,"ours",40,0.6,0.925,0.975,1,1,1,5.675,4,3.525,0
"M4",5000,200,0.25,"yu",40,0.075,0.35,0.45,0.55,0.6,0.85,42.075,27,1.8,0.2
"M4",5000,200,0.25,"q900",40,0.8,1,1,1,1,1,4.35,4,3.8,0.175
"M4",5000,200,0.25,"q950",40,1,1,1,1,1,1,4,4,4,0
"M4",5000,200,0.25,"q975",40,0.875,1,1,1,1,1,4.2,4,3.875,0
"M4",5000,200,0.25,"q990",40,0.525,0.85,1,1,1,1,6.3,4,3.4,0.05
"M4",5000,200,0.3,"ours",40,0.7,0.975,0.975,0.975,0.975,0.975,7.875,4,3.675,0
"M4",5000,200,0.3,"yu",40,0.15,0.375,0.525,0.65,0.7,0.875,40.225,18.5,2.05,0.425
"M4",5000,200,0.3,"q900",40,0.85,1,1,1,1,1,4.2,4,3.85,0.15
"M4",5000,200,0.3,"q950",40,1,1,1,1,1,1,4,4,4,0
"M4",5000,200,0.3,"q975",40,1,1,1,1,1,1,4,4,4,0
"M4",5000,200,0.3,"q990",40,0.625,0.925,0.95,0.975,0.975,1,6.475,4,3.625,0.05
"M4",5000,200,0.4,"ours",40,0.925,0.975,0.975,0.975,1,1,4.9,4,3.925,0
"M4",5000,200,0.4,"yu",40,0.35,0.75,0.825,0.9,0.925,0.95,15.85,5.5,3,0.3
"M4",5000,200,0.4,"q900",40,0.9,1,1,1,1,1,4.1,4,3.9,0.1
"M4",5000,200,0.4,"q950",40,1,1,1,1,1,1,4,4,4,0
"M4",5000,200,0.4,"q975",40,1,1,1,1,1,1,4,4,4,0
"M4",5000,200,0.4,"q990",40,0.775,0.975,1,1,1,1,4.75,4,3.775,0.025
"M4",5000,200,0.5,"ours",40,1,1,1,1,1,1,4,4,4,0
"M4",5000,200,0.5,"yu",40,0.175,0.8,0.9,0.9,0.925,0.975,13.175,6,2.675,0.8
"M4",5000,200,0.5,"q900",40,0.875,1,1,1,1,1,4.125,4,3.875,0.125
"M4",5000,200,0.5,"q950",40,1,1,1,1,1,1,4,4,4,0
"M4",5000,200,0.5,"q975",40,1,1,1,1,1,1,4,4,4,0
"M4",5000,200,0.5,"q990",40,0.7,1,1,1,1,1,4.45,4,3.7,0.075
"M4",5000,500,0,"ours",40,0.075,0.225,0.3,0.4,0.45,0.6,120.1,70,2.1,0.025
"M4",5000,500,0,"yu",40,0,0.025,0.05,0.1,0.1,0.225,223.05,230,0.55,0.15
"M4",5000,500,0,"q900",40,0.3,0.7,0.825,0.9,0.9,0.975,16.65,6,3.075,0.025
"M4",5000,500,0,"q950",40,0.65,0.95,0.975,0.975,0.975,0.975,8.325,4,3.625,0
"M4",5000,500,0,"q975",40,0.275,0.65,0.875,0.925,0.95,0.975,14.225,6,3.025,0
"M4",5000,500,0,"q990",40,0.025,0.175,0.45,0.625,0.75,0.875,46.05,24,1.775,0.025
"M4",5000,500,0.2,"ours",40,0.375,0.7,0.775,0.875,0.875,0.925,21.125,5.5,3.275,0
"M4",5000,500,0.2,"yu",40,0,0.1,0.2,0.275,0.325,0.45,151,128.5,1.1,0.075
"M4",5000,500,0.2,"q900",40,0.75,0.975,1,1,1,1,4.625,4,3.75,0.075
"M4",5000,500,0.2,"q950",40,1,1,1,1,1,1,4,4,4,0
"M4",5000,500,0.2,"q975",40,0.7,1,1,1,1,1,4.4,4,3.7,0
"M4",5000,500,0.2,"q990",40,0.075,0.65,0.825,0.925,0.95,0.95,16.325,8,2.575,0
"M4",5000,500,0.25,"ours",40,0.55,0.8,0.9,0.95,0.95,0.975,12.9,4,3.5,0
"M4",5000,500,0.25,"yu",40,0.15,0.25,0.375,0.425,0.45,0.65,103.775,58.5,1.6,0.275
"M4",5000,500,0.25,"q900",40,0.85,0.975,1,1,1,1,4.5,4,3.85,0.1
"M4",5000,500,0.25,"q950",40,0.975,1,1,1,1,1,4.025,4,3.975,0
"M4",5000,500,0.25,"q975",40,0.925,1,1,1,1,1,4.1,4,3.925,0
"M4",5000,500,0.25,"q990",40,0.15,0.75,0.925,0.95,1,1,9.725,7.5,2.775,0
"M4",5000,500,0.3,"ours",40,0.725,0.85,0.925,0.95,0.975,0.975,9.175,4,3.65,0
"M4",5000,500,0.3,"yu",40,0.175,0.325,0.375,0.475,0.5,0.525,107.675,63.5,1.625,0.2
"M4",5000,500,0.3,"q900",40,0.775,1,1,1,1,1,4.3,4,3.775,0.2
"M4",5000,500,0.3,"q950",40,1,1,1,1,1,1,4,4,4,0
"M4",5000,500,0.3,"q975",40,0.95,1,1,1,1,1,4.05,4,3.95,0
"M4",5000,500,0.3,"q990",40,0.25,0.825,0.925,0.95,1,1,8.625,5,3.1,0.025
"M4",5000,500,0.4,"ours",40,0.85,0.975,0.975,0.975,0.975,1,5.825,4,3.85,0
"M4",5000,500,0.4,"yu",40,0.15,0.45,0.6,0.675,0.8,0.85,49.65,12,2.275,0.25
"M4",5000,500,0.4,"q900",40,0.8,0.975,1,1,1,1,4.525,4,3.8,0.175
"M4",5000,500,0.4,"q950",40,1,1,1,1,1,1,4,4,4,0
"M4",5000,500,0.4,"q975",40,1,1,1,1,1,1,4,4,4,0
"M4",5000,500,0.4,"q990",40,0.575,0.875,0.975,0.975,1,1,6.1,4,3.5,0
"M4",5000,500,0.5,"ours",40,0.975,0.975,1,1,1,1,4.4,4,3.975,0
"M4",5000,500,0.5,"yu",40,0.25,0.6,0.825,0.85,0.875,0.925,28.775,7,2.65,0.5
"M4",5000,500,0.5,"q900",40,0.875,1,1,1,1,1,4.125,4,3.875,0.125
"M4",5000,500,0.5,"q950",40,1,1,1,1,1,1,4,4,4,0
"M4",5000,500,0.5,"q975",40,1,1,1,1,1,1,4,4,4,0
"M4",5000,500,0.5,"q990",40,0.825,1,1,1,1,1,4.325,4,3.825,0.05
"M4",5000,1000,0,"ours",40,0.025,0.15,0.275,0.375,0.525,0.7,130.7,48.5,2.125,0
"M4",5000,1000,0,"yu",40,0,0.025,0.025,0.05,0.1,0.2,384.4,325,0.5,0.025
"M4",5000,1000,0,"q900",40,0.1,0.45,0.6,0.725,0.85,0.925,39.575,12.5,2.425,0.025
"M4",5000,1000,0,"q950",40,0.55,0.9,0.975,0.975,1,1,6.45,4,3.525,0
"M4",5000,1000,0,"q975",40,0.15,0.625,0.775,0.875,0.925,1,14.95,9,2.725,0
"M4",5000,1000,0,"q990",40,0,0.075,0.275,0.45,0.55,0.7,99.3,37.5,1.225,0
"M4",5000,1000,0.2,"ours",40,0.3,0.525,0.675,0.725,0.725,0.825,45.825,8,3.125,0.025
"M4",5000,1000,0.2,"yu",40,0.025,0.1,0.2,0.25,0.275,0.475,204.775,103,1.075,0.1
"M4",5000,1000,0.2,"q900",40,0.775,1,1,1,1,1,4.65,4,3.775,0.1
"M4",5000,1000,0.2,"q950",40,0.95,1,1,1,1,1,4.05,4,3.95,0
"M4",5000,1000,0.2,"q975",40,0.875,0.975,0.975,1,1,1,4.65,4,3.875,0
"M4",5000,1000,0.2,"q990",40,0.05,0.475,0.775,0.8,0.85,0.95,24.6,11,2.125,0
"M4",5000,1000,0.25,"ours",40,0.525,0.85,0.85,0.875,0.875,0.9,52.025,4,3.45,0.025
"M4",5000,1000,0.25,"yu",40,0.1,0.225,0.325,0.4,0.475,0.625,106.7,57,1.675,0.05
"M4",5000,1000,0.25,"q900",40,0.9,1,1,1,1,1,4.125,4,3.875,0.05
"M4",5000,1000,0.25,"q950",40,0.975,1,1,1,1,1,4.025,4,3.975,0
"M4",5000,1000,0.25,"q975",40,0.775,0.975,1,1,1,1,4.475,4,3.775,0
"M4",5000,1000,0.25,"q990",40,0.1,0.5,0.85,0.925,1,1,13.2,10.5,2.55,0
"M4",5000,1000,0.3,"ours",40,0.6,0.825,0.9,0.9,0.925,0.95,15.4,4,3.475,0
"M4",5000,1000,0.3,"yu",40,0.125,0.175,0.225,0.25,0.325,0.525,195.225,94.5,1.575,0.2
"M4",5000,1000,0.3,"q900",40,0.75,1,1,1,1,1,4.25,4,3.75,0.2
"M4",5000,1000,0.3,"q950",40,1,1,1,1,1,1,4,4,4,0
"M4",5000,1000,0.3,"q975",40,0.95,1,1,1,1,1,4.05,4,3.95,0.025
"M4",5000,1000,0.3,"q990",40,0.15,0.725,0.85,0.975,1,1,10.15,6.5,2.975,0.025
"M4",5000,1000,0.4,"ours",40,0.9,0.925,0.975,1,1,1,5.025,4,3.9,0.025
"M4",5000,1000,0.4,"yu",40,0.25,0.55,0.6,0.675,0.675,0.725,82.8,7.5,2.275,0.3
"M4",5000,1000,0.4,"q900",40,0.875,1,1,1,1,1,4.175,4,3.875,0.125
"M4",5000,1000,0.4,"q950",40,1,1,1,1,1,1,4,4,4,0
"M4",5000,1000,0.4,"q975",40,0.975,1,1,1,1,1,4.05,4,3.975,0
"M4",5000,1000,0.4,"q990",40,0.45,0.925,0.975,1,1,1,6.025,5,3.375,0.025
"M4",5000,1000,0.5,"ours",40,0.95,1,1,1,1,1,4.05,4,3.95,0
"M4",5000,1000,0.5,"yu",40,0.4,0.65,0.7,0.825,0.85,0.9,30.475,5,2.75,0.35
"M4",5000,1000,0.5,"q900",40,0.825,1,1,1,1,1,4.2,4,3.825,0.175
"M4",5000,1000,0.5,"q950",40,1,1,1,1,1,1,4,4,4,0
"M4",5000,1000,0.5,"q975",40,1,1,1,1,1,1,4,4,4,0
"M4",5000,1000,0.5,"q990",40,0.425,1,1,1,1,1,5.225,5,3.375,0.025
"M4",5000,2000,0,"ours",40,0.025,0.1,0.125,0.15,0.3,0.4,463.75,164,1.925,0.025
"M4",5000,2000,0,"yu",40,0,0,0.025,0.025,0.025,0.05,793.75,692.5,0.25,0.05
"M4",5000,2000,0,"q900",40,0.025,0.325,0.45,0.6,0.7,0.8,84.85,25.5,2.275,0.05
"M4",5000,2000,0,"q950",40,0.35,0.85,0.875,0.9,0.95,1,10.4,5.5,3.3,0
"M4",5000,2000,0,"q975",40,0.1,0.55,0.7,0.8,0.85,0.875,46.525,10,2.575,0
"M4",5000,2000,0,"q990",40,0,0.1,0.15,0.225,0.4,0.65,134.275,66,1.075,0.025
"M4",5000,2000,0.2,"ours",40,0.35,0.6,0.675,0.7,0.8,0.825,105.075,6.5,3.075,0
"M4",5000,2000,0.2,"yu",40,0.025,0.075,0.15,0.2,0.25,0.35,571.75,279,0.875,0.05
"M4",5000,2000,0.2,"q900",40,0.625,0.825,0.95,0.95,0.975,1,8.7,4,3.575,0.1
"M4",5000,2000,0.2,"q950",40,0.9,0.975,1,1,1,1,4.3,4,3.9,0
"M4",5000,2000,0.2,"q975",40,0.725,0.925,0.95,0.95,0.975,1,6.725,4,3.725,0
"M4",5000,2000,0.2,"q990",40,0.05,0.375,0.575,0.65,0.75,0.9,41.4,17,2.4,0
"M4",5000,2000,0.25,"ours",40,0.4,0.6,0.7,0.725,0.775,0.875,72.325,7.5,3.275,0
"M4",5000,2000,0.25,"yu",40,0.025,0.15,0.2,0.275,0.275,0.375,351.375,207.5,0.925,0.125
"M4",5000,2000,0.25,"q900",40,0.75,0.925,0.95,0.975,1,1,6.325,4,3.75,0.025
"M4",5000,2000,0.25,"q950",40,0.9,1,1,1,1,1,4.275,4,3.9,0
"M4",5000,2000,0.25,"q975",40,0.625,0.9,0.95,0.95,0.975,1,7.5,4,3.625,0
"M4",5000,2000,0.25,"q990",40,0.1,0.3,0.625,0.7,0.825,0.85,39.3,14.5,2.275,0
"M4",5000,2000,0.3,"ours",40,0.625,0.75,0.775,0.825,0.85,0.875,40.525,4,3.525,0
"M4",5000,2000,0.3,"yu",40,0.05,0.25,0.3,0.35,0.375,0.425,279.7,163,1.45,0.075
"M4",5000,2000,0.3,"q900",40,0.9,1,1,1,1,1,4.15,4,3.9,0.05
"M4",5000,2000,0.3,"q950",40,1,1,1,1,1,1,4,4,4,0
"M4",5000,2000,0.3,"q975",40,0.825,1,1,1,1,1,4.325,4,3.825,0
"M4",5000,2000,0.3,"q990",40,0.175,0.575,0.8,0.925,1,1,12.55,8.5,2.725,0.05
"M4",5000,2000,0.4,"ours",40,0.825,0.925,0.925,0.925,0.95,0.95,64.35,4,3.775,0
"M4",5000,2000,0.4,"yu",40,0.225,0.4,0.525,0.6,0.675,0.725,174.65,18,2.125,0.15
"M4",5000,2000,0.4,"q900",40,0.8,1,1,1,1,1,4.225,4,3.8,0.2
"M4",5000,2000,0.4,"q950",40,0.975,1,1,1,1,1,4.025,4,3.975,0.025
"M4",5000,2000,0.4,"q975",40,0.925,1,1,1,1,1,4.1,4,3.925,0
"M4",5000,2000,0.4,"q990",40,0.25,0.75,0.95,0.975,1,1,8.95,6,2.925,0
"M4",5000,2000,0.5,"ours",40,0.95,1,1,1,1,1,4.1,4,3.95,0
"M4",5000,2000,0.5,"yu",40,0.325,0.5,0.65,0.65,0.75,0.875,62.15,10.5,2.6,0.225
"M4",5000,2000,0.5,"q900",40,0.9,1,1,1,1,1,4.125,4,3.9,0.1
"M4",5000,2000,0.5,"q950",40,1,1,1,1,1,1,4,4,4,0
"M4",5000,2000,0.5,"q975",40,1,1,1,1,1,1,4,4,4,0
"M4",5000,2000,0.5,"q990",40,0.55,0.925,0.975,0.975,0.975,0.975,8.2,4,3.5,0.025
