"covariate","score","rank_base","rank_agg_med","freq_top20","below_fam05","below_mrg05","below_mrg01"
"h12_0942",1.17836359600567,1,144.5,0.05,FALSE,TRUE,TRUE
"h06_0011",1.17947205332971,2,4.5,0.05,FALSE,TRUE,TRUE
"h12_0048",1.18010649745832,3,92,0,FALSE,TRUE,TRUE
"h18_0619",1.18063473326164,4,1,0,FALSE,TRUE,TRUE
"h06_0002",1.1807689677717,5,228.5,0,FALSE,TRUE,TRUE
"h12_0053",1.18089086907202,6,36,0,FALSE,TRUE,TRUE
"h06_0652",1.18091548745026,7,67,0,FALSE,TRUE,TRUE
"h18_0953",1.18122232652054,8,44,0.05,FALSE,TRUE,TRUE
"h12_0602",1.18209859848344,9,6,0.05,FALSE,TRUE,TRUE
"h18_0987",1.18228604807434,10,20.5,0,FALSE,TRUE,TRUE
"h12_0711",1.18250585870375,11,169.5,0,FALSE,TRUE,TRUE
"h12_0899",1.18280680073629,12,3,0,FALSE,TRUE,TRUE
"h06_0001",1.18299566161146,13,115,0,FALSE,TRUE,TRUE
"h06_0928",1.18305002649443,14,35,0,FALSE,TRUE,TRUE
"h12_0089",1.18329251841704,15,87.5,0,FALSE,TRUE,TRUE
"h12_0483",1.18357286960779,16,16,0.1,FALSE,TRUE,TRUE
"h06_0348",1.1836092005038,17,13,0.05,FALSE,TRUE,TRUE
"h12_0334",1.18374306675482,18,264.5,0,FALSE,TRUE,TRUE
"h06_0732",1.18389950369201,19,334,0.05,FALSE,TRUE,TRUE
"h06_0280",1.18424488457727,20,163.5,0,FALSE,TRUE,TRUE
"h12_0724",1.18437271147793,21,611.5,0,FALSE,TRUE,TRUE
"h18_0839",1.18442688572446,22,22,0.05,FALSE,TRUE,TRUE
"h18_0523",1.18463188440636,23,30,0.05,FALSE,TRUE,TRUE
"h06_0463",1.18472713657746,24,310,0,FALSE,TRUE,TRUE
"h06_0265",1.18487741811705,25,147,0,FALSE,TRUE,TRUE
"h12_0499",1.18491621136562,26,127,0,FALSE,TRUE,TRUE
"h12_0336",1.18498180427725,27,9,0.05,FALSE,TRUE,TRUE
"h12_0521",1.18498202835544,28,19,0,FALSE,TRUE,TRUE
"h12_0471",1.18501805561667,29,4.5,0,FALSE,TRUE,TRUE
"h06_0706",1.18511301826463,30,96,0,FALSE,TRUE,TRUE
"h06_0044",1.18513990044827,31,37,0,FALSE,TRUE,TRUE
"h18_0750",1.185146202333,32,24,0.1,FALSE,TRUE,TRUE
"h18_0753",1.18535190702884,33,39,0.05,FALSE,TRUE,FALSE
"h06_0826",1.18536388388178,34,154,0,FALSE,TRUE,FALSE
"h18_0375",1.18548848632275,35,11,0.05,FALSE,TRUE,FALSE
"h18_0275",1.18549492667522,36,32,0,FALSE,TRUE,FALSE
"h06_0161",1.1856576462239,37,99,0.05,FALSE,TRUE,FALSE
"h12_0444",1.18565873966541,38,12,0,FALSE,TRUE,FALSE
"h18_0868",1.18567408355278,39,10,0,FALSE,TRUE,FALSE
"h18_0097",1.18570226140794,40,575,0,FALSE,TRUE,FALSE
"h06_0980",1.18576645999512,41,85,0,FALSE,TRUE,FALSE
"h12_0548",1.18579654868719,42,107,0.05,FALSE,TRUE,FALSE
"h06_0514",1.18582718609746,43,20.5,0,FALSE,TRUE,FALSE
"h18_0762",1.18607658048308,44,213.5,0,FALSE,TRUE,FALSE
"h18_0563",1.18630136973329,45,16,0,FALSE,TRUE,FALSE
"h12_0241",1.18632776105083,46,151.5,0,FALSE,TRUE,FALSE
"h18_0060",1.18638677349972,47,72,0.05,FALSE,TRUE,FALSE
"h18_0464",1.18639537498434,48,41.5,0.05,FALSE,TRUE,FALSE
"h12_0870",1.18645862623619,49,34,0.1,FALSE,TRUE,FALSE
"h18_0485",1.18651387994049,50,90.5,0,FALSE,TRUE,FALSE
"h12_0303",1.18652742794564,51,231,0.05,FALSE,TRUE,FALSE
"h12_0362",1.18669411708348,52,521,0.05,FALSE,TRUE,FALSE
"h06_0287",1.18681849066756,53,394,0,FALSE,TRUE,FALSE
"h12_0060",1.18681926916603,54,81,0,FALSE,TRUE,FALSE
"h06_0740",1.18686366493046,55,49,0.05,FALSE,TRUE,FALSE
"h18_0673",1.18696123751323,56,712.5,0,FALSE,TRUE,FALSE
"h18_0030",1.18700774295568,57,28.5,0.05,FALSE,TRUE,FALSE
"h06_0456",1.18702224381313,58,251.5,0,FALSE,TRUE,FALSE
"h06_0695",1.1870947214322,59,179.5,0.05,FALSE,TRUE,FALSE
"h12_0669",1.18714160663151,60,644,0,FALSE,TRUE,FALSE
"h06_0225",1.18727183798335,61,33,0.05,FALSE,TRUE,FALSE
"h06_0145",1.18733300688555,62,1416,0,FALSE,TRUE,FALSE
"h06_0296",1.18745578566524,63,330,0.05,FALSE,TRUE,FALSE
"h12_0189",1.18748013988972,64,26,0,FALSE,TRUE,FALSE
"h18_0305",1.18748686548205,65,844,0,FALSE,TRUE,FALSE
"h06_0196",1.18754132462508,66,28.5,0,FALSE,TRUE,FALSE
"h12_0596",1.18758006229748,67,916.5,0.05,FALSE,TRUE,FALSE
"h06_0162",1.18763104920461,68,69,0,FALSE,TRUE,FALSE
"h06_0089",1.18764137566678,69,367,0,FALSE,TRUE,FALSE
"h06_0891",1.1877144776534,70,106,0,FALSE,TRUE,FALSE
"h12_0025",1.18771977250015,71,233,0,FALSE,TRUE,FALSE
"h18_0572",1.18774025067956,72,1332.5,0,FALSE,TRUE,FALSE
"h18_0865",1.18774136506571,73,27,0,FALSE,TRUE,FALSE
"h06_0314",1.18777849828504,74,281.5,0,FALSE,TRUE,FALSE
"h12_0934",1.18782303733454,75,142.5,0,FALSE,TRUE,FALSE
"h18_0137",1.1878474122228,76,222,0,FALSE,TRUE,FALSE
"h12_0398",1.18785379164494,77,48,0,FALSE,TRUE,FALSE
"h18_0655",1.18791869554853,78,64,0,FALSE,TRUE,FALSE
"h12_0221",1.1879261919077,79,253.5,0,FALSE,TRUE,FALSE
"h12_0720",1.18805285015423,80,613.5,0,FALSE,TRUE,FALSE
"h12_0704",1.18808131095817,81,598,0,FALSE,TRUE,FALSE
"h06_0693",1.18810718731294,82,56,0,FALSE,TRUE,FALSE
"h06_0353",1.18814169042951,83,58,0,FALSE,TRUE,FALSE
"h06_0713",1.18816559595247,84,260.5,0,FALSE,TRUE,FALSE
"h12_0331",1.18819130558912,85,40,0,FALSE,TRUE,FALSE
"h18_0770",1.18819408315917,86,41.5,0,FALSE,TRUE,FALSE
"h06_0758",1.18822656255964,87,8,0,FALSE,TRUE,FALSE
"h06_0769",1.1882564565819,88,932,0.05,FALSE,TRUE,FALSE
"h06_0048",1.18826493742489,89,477,0.05,FALSE,TRUE,FALSE
"h06_0829",1.1882754447377,90,187,0,FALSE,TRUE,FALSE
"h18_0650",1.18833034034899,91,195.5,0,FALSE,TRUE,FALSE
"h12_0478",1.18833927426279,92,295,0.05,FALSE,TRUE,FALSE
"h06_0156",1.18837205694039,93,59.5,0,FALSE,TRUE,FALSE
"h12_0569",1.18840277653764,94,158.5,0.05,FALSE,TRUE,FALSE
"h18_0984",1.18843017093556,95,2142,0,FALSE,TRUE,FALSE
"h06_0281",1.18844971687122,96,916.5,0,FALSE,TRUE,FALSE
"h06_0912",1.1884863738848,97,72,0,FALSE,TRUE,FALSE
"h06_0832",1.18849014510099,98,137,0,FALSE,TRUE,FALSE
"h18_0308",1.18849490822843,99,819.5,0,FALSE,TRUE,FALSE
"h12_0528",1.18849524496571,100,375.5,0,FALSE,TRUE,FALSE
"h12_0250",1.18854195759572,101,473,0,FALSE,TRUE,FALSE
"h06_0965",1.18856909444754,102,311.5,0,FALSE,TRUE,FALSE
"h12_0760",1.18860740639832,103,76,0,FALSE,TRUE,FALSE
"h18_0468",1.18862121949679,104,104.5,0,FALSE,TRUE,FALSE
"h06_0192",1.18868543356706,105,172.5,0,FALSE,TRUE,FALSE
"h18_0867",1.18875344490221,106,14,0,FALSE,TRUE,FALSE
"h12_0046",1.18880173665306,107,25,0.05,FALSE,TRUE,FALSE
"h12_0564",1.18885214431968,108,53.5,0,FALSE,TRUE,FALSE
"h06_0542",1.18888736986212,109,87.5,0,FALSE,TRUE,FALSE
"h12_1003",1.18891267300147,110,256.5,0.05,FALSE,TRUE,FALSE
"h12_0045",1.18896327933807,111,268,0,FALSE,TRUE,FALSE
"h18_0113",1.18896965212565,112,72,0,FALSE,TRUE,FALSE
"h12_0150",1.1889981705282,113,864.5,0,FALSE,TRUE,FALSE
"h12_0839",1.18901659403671,114,279.5,0.05,FALSE,TRUE,FALSE
"h18_0818",1.18903000053301,115,594,0,FALSE,TRUE,FALSE
"h06_0147",1.18904924677601,116,1450.5,0,FALSE,TRUE,FALSE
"h18_0001",1.18905136897744,117,120.5,0.05,FALSE,TRUE,FALSE
"h06_0712",1.18907343510396,118,61,0,FALSE,TRUE,FALSE
"h12_0577",1.18907355870678,119,328,0,FALSE,TRUE,FALSE
"h18_0064",1.1891448432344,120,167,0.05,FALSE,TRUE,FALSE
"h18_0631",1.18916616627133,121,69,0,FALSE,TRUE,FALSE
"h18_0565",1.18924305859132,122,1913,0,FALSE,TRUE,FALSE
"h12_0933",1.18924453659,123,65,0,FALSE,TRUE,FALSE
"h06_0257",1.18924868822844,124,220,0,FALSE,TRUE,FALSE
"h12_0101",1.18926743254752,125,1037,0,FALSE,TRUE,FALSE
"h18_0840",1.18930267933365,126,66,0,FALSE,TRUE,FALSE
"h12_0815",1.18931681256484,127,386,0,FALSE,TRUE,FALSE
"h12_0061",1.18933144305159,128,750.5,0,FALSE,TRUE,FALSE
"h12_0719",1.1893486976081,129,272.5,0,FALSE,TRUE,FALSE
"h06_0766",1.18936614472349,130,69,0,FALSE,TRUE,FALSE
"h06_0171",1.18937156081666,131,146,0,FALSE,TRUE,FALSE
"h06_0451",1.189413800946,132,112,0.05,FALSE,TRUE,FALSE
"h12_0833",1.18942787449005,133,318.5,0,FALSE,TRUE,FALSE
"h18_0334",1.1894360757858,134,2,0,FALSE,TRUE,FALSE
"h12_0947",1.18948101192464,135,303.5,0,FALSE,TRUE,FALSE
"h12_0914",1.18948926007065,136,1540,0,FALSE,TRUE,FALSE
"h12_0357",1.18952212843416,137,158.5,0.05,FALSE,TRUE,FALSE
"h18_0444",1.18965401795598,138,80,0,FALSE,TRUE,FALSE
"h12_0065",1.1896702978123,139,320.5,0,FALSE,TRUE,FALSE
"h06_0047",1.18968755449699,140,120.5,0,FALSE,TRUE,FALSE
"h18_0111",1.18969712220173,141,45.5,0,FALSE,TRUE,FALSE
"h06_0895",1.18969865962867,142,1383.5,0.05,FALSE,TRUE,FALSE
"h12_0921",1.1897105290074,143,667,0,FALSE,TRUE,FALSE
"h18_0932",1.18974075631132,144,1316,0,FALSE,TRUE,FALSE
"h12_0123",1.18976103192193,145,234.5,0,FALSE,TRUE,FALSE
"h18_0714",1.18978490675536,146,504,0,FALSE,TRUE,FALSE
"h18_0819",1.18981446378375,147,74,0,FALSE,TRUE,FALSE
"h18_0966",1.18986376379266,148,176.5,0,FALSE,TRUE,FALSE
"h06_0992",1.18987693765033,149,133.5,0,FALSE,TRUE,FALSE
"h12_0242",1.1899931115852,150,394,0,FALSE,TRUE,FALSE
"h18_0336",1.189994834231,151,113.5,0.05,FALSE,TRUE,FALSE
"h18_0279",1.19001020487028,152,82,0.05,FALSE,TRUE,FALSE
"h12_0372",1.19007377152752,153,83.5,0.05,FALSE,TRUE,FALSE
"h18_0830",1.19010374520147,154,155,0,FALSE,TRUE,FALSE
"h06_0498",1.19012689530977,155,45.5,0,FALSE,FALSE,FALSE
"h06_0116",1.19016763702639,156,108,0,FALSE,FALSE,FALSE
"h06_0827",1.19020821406416,157,355,0,FALSE,FALSE,FALSE
"h12_1017",1.19021069524133,158,89,0,FALSE,FALSE,FALSE
"h18_0283",1.19021257927828,159,624,0,FALSE,FALSE,FALSE
"h06_0787",1.19022803435801,160,167,0,FALSE,FALSE,FALSE
"h18_0022",1.19027388596226,161,1117,0,FALSE,FALSE,FALSE
"h12_0492",1.19029952224591,162,43,0,FALSE,FALSE,FALSE
"h06_0627",1.19038497344294,163,791,0,FALSE,FALSE,FALSE
"h12_0328",1.19038511545221,164,1087,0,FALSE,FALSE,FALSE
"h18_0234",1.19038725879616,165,531,0,FALSE,FALSE,FALSE
"h18_0435",1.19038977942522,166,260.5,0.1,FALSE,FALSE,FALSE
"h12_0424",1.19044060946549,167,248,0.05,FALSE,FALSE,FALSE
"h12_0240",1.19049701117947,168,1274.5,0,FALSE,FALSE,FALSE
"h18_0611",1.19053403497429,169,962,0,FALSE,FALSE,FALSE
"h06_0103",1.19055147962068,170,165,0,FALSE,FALSE,FALSE
"h06_0900",1.19057276029037,171,566,0,FALSE,FALSE,FALSE
"h18_0436",1.19057688033526,172,482,0,FALSE,FALSE,FALSE
"h12_0764",1.19057961561917,173,156.5,0,FALSE,FALSE,FALSE
"h06_0127",1.19059433596425,174,444,0,FALSE,FALSE,FALSE
"h18_0232",1.19061155474115,175,101,0.05,FALSE,FALSE,FALSE
"h12_0640",1.190615469456,176,213.5,0,FALSE,FALSE,FALSE
"h18_0913",1.19061811690362,177,113.5,0,FALSE,FALSE,FALSE
"h06_0875",1.19063167944488,178,1292.5,0,FALSE,FALSE,FALSE
"h06_0690",1.19068123793562,179,260.5,0,FALSE,FALSE,FALSE
"h06_0307",1.19071788407301,180,283,0,FALSE,FALSE,FALSE
"h18_0184",1.19072468649114,181,1894,0,FALSE,FALSE,FALSE
"h12_0879",1.19072491352978,182,484.5,0.05,FALSE,FALSE,FALSE
"h12_0671",1.1907444754016,183,436.5,0,FALSE,FALSE,FALSE
"h06_0441",1.19077359854284,184,62.5,0.05,FALSE,FALSE,FALSE
"h18_1014",1.19078729716765,185,185,0,FALSE,FALSE,FALSE
"h06_0603",1.19079981489672,186,285.5,0,FALSE,FALSE,FALSE
"h12_0450",1.19080218138578,187,465,0,FALSE,FALSE,FALSE
"h12_0796",1.19081170447608,188,218.5,0,FALSE,FALSE,FALSE
"h18_0858",1.19081791297557,189,891.5,0,FALSE,FALSE,FALSE
"h06_0717",1.19086532147545,190,200,0,FALSE,FALSE,FALSE
"h18_0980",1.19086579325512,191,122,0,FALSE,FALSE,FALSE
"h06_0033",1.19086865527315,192,31,0,FALSE,FALSE,FALSE
"h06_0036",1.19087743030985,193,77,0,FALSE,FALSE,FALSE
"h06_0841",1.19088347944146,194,75,0,FALSE,FALSE,FALSE
"h18_0869",1.19089980187594,195,202,0.05,FALSE,FALSE,FALSE
"h06_0462",1.19091901843488,196,104.5,0.05,FALSE,FALSE,FALSE
"h06_0343",1.19092290592017,197,101,0,FALSE,FALSE,FALSE
"h06_0711",1.19092776303968,198,1294.5,0,FALSE,FALSE,FALSE
"h18_0968",1.19093762855673,199,117.5,0,FALSE,FALSE,FALSE
"h06_0337",1.19093928767474,200,256.5,0,FALSE,FALSE,FALSE
"h06_0027",1.190939962163,201,250,0,FALSE,FALSE,FALSE
"h12_0708",1.19094755005121,202,348.5,0,FALSE,FALSE,FALSE
"h06_0687",1.19096742183109,203,681,0.05,FALSE,FALSE,FALSE
"h06_0898",1.19096904605782,204,93.5,0,FALSE,FALSE,FALSE
"h12_0282",1.1910198281012,205,479,0,FALSE,FALSE,FALSE
"h18_0056",1.1910543235483,206,372,0,FALSE,FALSE,FALSE
"h12_0311",1.19106434405297,207,156.5,0.05,FALSE,FALSE,FALSE
"h06_0747",1.19107472816354,208,1361.5,0,FALSE,FALSE,FALSE
"h06_0955",1.1910891648608,209,378.5,0,FALSE,FALSE,FALSE
"h06_0381",1.19114597325247,210,209.5,0.05,FALSE,FALSE,FALSE
"h18_0892",1.19117931724512,211,1013.5,0,FALSE,FALSE,FALSE
"h06_0212",1.19118951232266,212,342,0,FALSE,FALSE,FALSE
"h06_0957",1.19121986870768,213,174,0,FALSE,FALSE,FALSE
"h18_0081",1.19122078456504,214,129.5,0,FALSE,FALSE,FALSE
"h18_0062",1.19125914548831,215,352,0,FALSE,FALSE,FALSE
"h12_0801",1.19126011126241,216,140.5,0.1,FALSE,FALSE,FALSE
"h18_0326",1.19126746963416,217,1000.5,0,FALSE,FALSE,FALSE
"h12_0583",1.19126748178905,218,50,0.05,FALSE,FALSE,FALSE
"h06_0141",1.1912717203831,219,131.5,0,FALSE,FALSE,FALSE
"h12_0916",1.19127730349903,220,133.5,0,FALSE,FALSE,FALSE
"h06_0853",1.19127954725154,221,51.5,0.05,FALSE,FALSE,FALSE
"h06_0030",1.1912795576782,222,804,0.05,FALSE,FALSE,FALSE
"h18_0181",1.19128581035343,223,268,0.05,FALSE,FALSE,FALSE
"h06_0515",1.19129298438344,224,59.5,0,FALSE,FALSE,FALSE
"h06_0786",1.19131732445421,225,773.5,0,FALSE,FALSE,FALSE
"h12_0403",1.19133846852589,226,239,0,FALSE,FALSE,FALSE
"h12_0149",1.19133989119165,227,444,0,FALSE,FALSE,FALSE
"h12_0926",1.19134669184418,228,1266,0,FALSE,FALSE,FALSE
"h06_0016",1.19135670754158,229,856,0,FALSE,FALSE,FALSE
"h12_0270",1.19136083115758,230,78.5,0.05,FALSE,FALSE,FALSE
"h18_0356",1.19137866649616,231,930.5,0,FALSE,FALSE,FALSE
"h12_0798",1.19138572331759,232,197.5,0,FALSE,FALSE,FALSE
"h12_0507",1.1913919377569,233,388,0,FALSE,FALSE,FALSE
"h18_0532",1.19140141472574,234,149,0,FALSE,FALSE,FALSE
"h06_0008",1.19142955236218,235,150,0,FALSE,FALSE,FALSE
"h06_0746",1.19143337686644,236,331,0,FALSE,FALSE,FALSE
"h12_0851",1.19144442710481,237,248,0,FALSE,FALSE,FALSE
"h18_0158",1.19146887928586,238,890,0,FALSE,FALSE,FALSE
"h18_0277",1.19150465671683,239,1116,0,FALSE,FALSE,FALSE
"h06_0692",1.19150987389895,240,414,0.05,FALSE,FALSE,FALSE
"h18_0733",1.1915100160164,241,263,0,FALSE,FALSE,FALSE
"h12_0420",1.19152926414664,242,366,0,FALSE,FALSE,FALSE
"h06_0380",1.19154094568379,243,1463.5,0,FALSE,FALSE,FALSE
"h06_0815",1.19155498206321,244,207,0.05,FALSE,FALSE,FALSE
"h12_0313",1.1915741749015,245,498.5,0,FALSE,FALSE,FALSE
"h06_0022",1.19158382118425,246,345,0,FALSE,FALSE,FALSE
"h12_0922",1.19158961621297,247,754.5,0,FALSE,FALSE,FALSE
"h06_0476",1.19159195909437,248,181,0,FALSE,FALSE,FALSE
"h12_0451",1.191604460951,249,256.5,0,FALSE,FALSE,FALSE
"h06_0104",1.19161885325735,250,160,0,FALSE,FALSE,FALSE
"h12_0816",1.19161983400664,251,715,0,FALSE,FALSE,FALSE
"h18_0366",1.19162487561581,252,1198.5,0,FALSE,FALSE,FALSE
"h12_0202",1.19162724274758,253,1568.5,0.05,FALSE,FALSE,FALSE
"h12_0781",1.19163103348196,254,162,0,FALSE,FALSE,FALSE
"h06_0373",1.1916536209723,255,1474.5,0,FALSE,FALSE,FALSE
"h12_0446",1.19165993871889,256,135,0.1,FALSE,FALSE,FALSE
"h18_0557",1.19166482531551,257,655.5,0,FALSE,FALSE,FALSE
"h06_0901",1.19166579159149,258,207,0,FALSE,FALSE,FALSE
"h12_0696",1.19169873393262,259,544.5,0,FALSE,FALSE,FALSE
"h12_0361",1.19170245995216,260,1120.5,0,FALSE,FALSE,FALSE
"h12_0176",1.19170708405314,261,241,0,FALSE,FALSE,FALSE
"h12_0658",1.19170935093095,262,632.5,0,FALSE,FALSE,FALSE
"h06_0604",1.19171747196503,263,1347.5,0,FALSE,FALSE,FALSE
"h06_0620",1.19172335780302,264,557,0,FALSE,FALSE,FALSE
"h18_0509",1.19172680730995,265,175,0,FALSE,FALSE,FALSE
"h12_0842",1.19174594071604,266,486.5,0,FALSE,FALSE,FALSE
"h18_0645",1.19177568644464,267,1085.5,0,FALSE,FALSE,FALSE
"h06_0329",1.1917882914749,268,1202.5,0,FALSE,FALSE,FALSE
"h18_0602",1.19179322375547,269,176.5,0,FALSE,FALSE,FALSE
"h18_0053",1.19179563036422,270,183.5,0,FALSE,FALSE,FALSE
"h12_0160",1.19180162944738,271,381,0,FALSE,FALSE,FALSE
"h12_0169",1.19180852254854,272,738,0,FALSE,FALSE,FALSE
"h06_0813",1.19183655137737,273,199,0,FALSE,FALSE,FALSE
"h12_0579",1.19183762586282,274,378.5,0,FALSE,FALSE,FALSE
"h18_0908",1.19184011338545,275,195.5,0,FALSE,FALSE,FALSE
"h06_0190",1.1918758573262,276,661,0,FALSE,FALSE,FALSE
"h12_0348",1.19188647245426,277,1619.5,0,FALSE,FALSE,FALSE
"h06_0320",1.19189072195165,278,202,0,FALSE,FALSE,FALSE
"h06_0062",1.19190555013728,279,140.5,0,FALSE,FALSE,FALSE
"h12_0910",1.19190695867431,280,368,0,FALSE,FALSE,FALSE
"h12_0935",1.19194686601038,281,236,0,FALSE,FALSE,FALSE
"h06_0584",1.19196353755044,282,97,0,FALSE,FALSE,FALSE
"h18_0107",1.19196452586802,283,221,0,FALSE,FALSE,FALSE
"h18_0848",1.19197267251043,284,190.5,0,FALSE,FALSE,FALSE
"h06_0744",1.19199290773359,285,103,0,FALSE,FALSE,FALSE
"h12_0514",1.19200156689627,286,629.5,0,FALSE,FALSE,FALSE
"h06_0291",1.19203146535374,287,1172,0,FALSE,FALSE,FALSE
"h12_0289",1.19203190447167,288,111,0,FALSE,FALSE,FALSE
"h06_0227",1.19208192951655,289,1699,0,FALSE,FALSE,FALSE
"h18_0899",1.19208562387289,290,179.5,0,FALSE,FALSE,FALSE
"h18_0193",1.19209530450421,291,461,0,FALSE,FALSE,FALSE
"h12_0143",1.1921043257223,292,95,0,FALSE,FALSE,FALSE
"h06_0362",1.19211391798086,293,1134.5,0,FALSE,FALSE,FALSE
"h06_0101",1.19212598691772,294,698,0,FALSE,FALSE,FALSE
"h12_0888",1.19212748175363,295,153,0,FALSE,FALSE,FALSE
"h18_0253",1.1921316494364,296,787.5,0,FALSE,FALSE,FALSE
"h06_0426",1.19214292758429,297,682,0,FALSE,FALSE,FALSE
"h06_0736",1.19220665105031,298,537.5,0,FALSE,FALSE,FALSE
"h12_0586",1.19221351882016,299,447,0,FALSE,FALSE,FALSE
"h06_0488",1.1922263915163,300,375.5,0,FALSE,FALSE,FALSE
"h06_0499",1.19223800316919,301,978.5,0.05,FALSE,FALSE,FALSE
"h18_0579",1.19227496750043,302,205,0,FALSE,FALSE,FALSE
"h06_0003",1.19230400981109,303,1364,0,FALSE,FALSE,FALSE
"h18_0728",1.19230604566939,304,1057.5,0,FALSE,FALSE,FALSE
"h12_0339",1.19232728099829,305,126,0,FALSE,FALSE,FALSE
"h06_0491",1.19233877107058,306,55,0.05,FALSE,FALSE,FALSE
"h18_0357",1.19233888197148,307,123.5,0,FALSE,FALSE,FALSE
"h12_0008",1.19234631821299,308,211,0,FALSE,FALSE,FALSE
"h06_0635",1.19234943744237,309,197.5,0,FALSE,FALSE,FALSE
"h18_0939",1.19235714227912,310,216.5,0,FALSE,FALSE,FALSE
"h06_0224",1.19237333426831,311,664,0,FALSE,FALSE,FALSE
"h12_0438",1.19237421006609,312,404.5,0,FALSE,FALSE,FALSE
"h06_0425",1.19240825665671,313,553,0,FALSE,FALSE,FALSE
"h06_0874",1.19241603257511,314,325.5,0,FALSE,FALSE,FALSE
"h18_0742",1.19253201461053,315,607.5,0.05,FALSE,FALSE,FALSE
"h18_0550",1.19254319485219,316,171,0.05,FALSE,FALSE,FALSE
"h06_0844",1.19255983141066,317,148,0,FALSE,FALSE,FALSE
"h12_0550",1.19256051566545,318,471,0,FALSE,FALSE,FALSE
"h06_0659",1.19256277562613,319,223.5,0,FALSE,FALSE,FALSE
"h06_0688",1.19256935223502,320,2394,0.05,FALSE,FALSE,FALSE
"h06_0404",1.19257926617857,321,802,0.05,FALSE,FALSE,FALSE
"h06_0990",1.19259185758559,322,1632,0,FALSE,FALSE,FALSE
"h06_0382",1.19261283275951,323,389.5,0,FALSE,FALSE,FALSE
"h18_0843",1.19262224916469,324,128,0,FALSE,FALSE,FALSE
"h06_0093",1.19262734997392,325,93.5,0,FALSE,FALSE,FALSE
"h18_0191",1.19263275344287,326,228.5,0,FALSE,FALSE,FALSE
"h12_0841",1.19263481140131,327,350,0.05,FALSE,FALSE,FALSE
"h06_0833",1.19264397735158,328,1732,0.05,FALSE,FALSE,FALSE
"h12_0063",1.19265215468505,329,246,0,FALSE,FALSE,FALSE
"h12_0484",1.19265486816502,330,446,0,FALSE,FALSE,FALSE
"h18_0073",1.1926601619308,331,733,0.05,FALSE,FALSE,FALSE
"h18_0207",1.19266092913144,332,568,0,FALSE,FALSE,FALSE
"h06_0356",1.19267369088421,333,313,0,FALSE,FALSE,FALSE
"h06_0926",1.19267743530937,334,1355,0,FALSE,FALSE,FALSE
"h06_0772",1.19268157822402,335,232,0.05,FALSE,FALSE,FALSE
"h18_0370",1.19270002306245,336,341,0,FALSE,FALSE,FALSE
"h06_0136",1.19271344770233,337,16,0,FALSE,FALSE,FALSE
"h12_0912",1.19271630074794,338,1053,0,FALSE,FALSE,FALSE
"h12_0893",1.19271917918543,339,688,0,FALSE,FALSE,FALSE
"h06_0731",1.19272852488973,340,869,0,FALSE,FALSE,FALSE
"h18_0748",1.19274347022743,341,2127.5,0,FALSE,FALSE,FALSE
"h06_0359",1.19275816275277,342,315,0,FALSE,FALSE,FALSE
"h18_0787",1.19277445367991,343,268,0.05,FALSE,FALSE,FALSE
"h12_0116",1.19278480218029,344,237,0.05,FALSE,FALSE,FALSE
"h12_0836",1.19279646893864,345,234.5,0,FALSE,FALSE,FALSE
"h06_0938",1.1927965635275,346,98,0.05,FALSE,FALSE,FALSE
"h18_0549",1.1928158116109,347,418,0,FALSE,FALSE,FALSE
"h18_0963",1.19281869777502,348,240,0,FALSE,FALSE,FALSE
"h06_0602",1.19281919499346,349,746,0,FALSE,FALSE,FALSE
"h06_0801",1.19283958689786,350,421,0.05,FALSE,FALSE,FALSE
"h18_0329",1.19286742837398,351,383,0,FALSE,FALSE,FALSE
"h06_0495",1.19288036526977,352,242.5,0,FALSE,FALSE,FALSE
"h18_0863",1.19288534494211,353,244.5,0.05,FALSE,FALSE,FALSE
"h06_0945",1.19288580100089,354,486.5,0,FALSE,FALSE,FALSE
"h18_0383",1.19289208596356,355,248,0,FALSE,FALSE,FALSE
"h18_0063",1.19289212073151,356,1236.5,0,FALSE,FALSE,FALSE
"h18_0102",1.19291645505596,357,616,0.05,FALSE,FALSE,FALSE
"h06_0510",1.19291650403062,358,1363,0,FALSE,FALSE,FALSE
"h18_0744",1.19294784528575,359,434,0,FALSE,FALSE,FALSE
"h06_0730",1.19295219991801,360,256.5,0,FALSE,FALSE,FALSE
"h06_0589",1.19297484386647,361,456,0.1,FALSE,FALSE,FALSE
"h18_0235",1.19298430822776,362,402.5,0,FALSE,FALSE,FALSE
"h12_0687",1.19298968251506,363,275,0,FALSE,FALSE,FALSE
"h06_0579",1.19300095882664,364,226.5,0.05,FALSE,FALSE,FALSE
"h06_0838",1.19301903860131,365,138.5,0,FALSE,FALSE,FALSE
"h12_0379",1.19302651302615,366,862.5,0,FALSE,FALSE,FALSE
"h18_0491",1.1930538039864,367,320.5,0,FALSE,FALSE,FALSE
"h18_0288",1.19306211040421,368,357,0,FALSE,FALSE,FALSE
"h18_1005",1.19306431306674,369,242.5,0,FALSE,FALSE,FALSE
"h18_0955",1.1931009726442,370,272.5,0.05,FALSE,FALSE,FALSE
"h18_0132",1.19310971394559,371,480,0,FALSE,FALSE,FALSE
"h18_0759",1.19312434868585,372,337,0,FALSE,FALSE,FALSE
"h18_0106",1.19313540413022,373,1048,0,FALSE,FALSE,FALSE
"h18_0573",1.19320102299395,374,543,0,FALSE,FALSE,FALSE
"h06_0599",1.19321255589184,375,900.5,0.05,FALSE,FALSE,FALSE
"h18_0641",1.19323249480401,376,1848,0,FALSE,FALSE,FALSE
"h06_0013",1.19323328959802,377,62.5,0,FALSE,FALSE,FALSE
"h12_0479",1.19323350844098,378,885,0,FALSE,FALSE,FALSE
"h12_0950",1.19326367128442,379,467.5,0,FALSE,FALSE,FALSE
"h06_0830",1.19330435270732,380,281.5,0,FALSE,FALSE,FALSE
"h18_0167",1.19331775163712,381,289,0,FALSE,FALSE,FALSE
"h12_0287",1.19334638843832,382,1503,0,FALSE,FALSE,FALSE
"h06_0798",1.19335292666554,383,1756,0.05,FALSE,FALSE,FALSE
"h06_0823",1.19335390062568,384,268,0,FALSE,FALSE,FALSE
"h12_0786",1.1933601652891,385,914,0,FALSE,FALSE,FALSE
"h12_0650",1.19337242700714,386,284,0,FALSE,FALSE,FALSE
"h12_0819",1.19338494285679,387,285.5,0.05,FALSE,FALSE,FALSE
"h12_0944",1.19339663423169,388,1505.5,0,FALSE,FALSE,FALSE
"h18_0252",1.19340248132487,389,287,0,FALSE,FALSE,FALSE
"h06_0300",1.19342822405723,390,333,0,FALSE,FALSE,FALSE
"h06_0222",1.19344577993332,391,728,0,FALSE,FALSE,FALSE
"h18_0456",1.19345545949433,392,831.5,0,FALSE,FALSE,FALSE
"h18_0410",1.19345951810487,393,290.5,0,FALSE,FALSE,FALSE
"h18_0768",1.19348935232989,394,473,0,FALSE,FALSE,FALSE
"h18_0746",1.19348952810658,395,292,0,FALSE,FALSE,FALSE
"h18_0722",1.19350218073562,396,1357,0,FALSE,FALSE,FALSE
"h18_0156",1.19354037326436,397,1321,0,FALSE,FALSE,FALSE
"h12_0385",1.19354886653351,398,302,0,FALSE,FALSE,FALSE
"h18_0044",1.19356233977423,399,293.5,0.05,FALSE,FALSE,FALSE
"h12_0266",1.1935663981651,400,1479.5,0,FALSE,FALSE,FALSE
"h18_0988",1.19357213863448,401,335,0,FALSE,FALSE,FALSE
"h06_0608",1.19358666420896,402,296.5,0,FALSE,FALSE,FALSE
"h06_0686",1.19358924471835,403,298,0,FALSE,FALSE,FALSE
"h18_0654",1.19358939090366,404,661,0,FALSE,FALSE,FALSE
"h12_0525",1.1936001088574,405,797.5,0,FALSE,FALSE,FALSE
"h12_0110",1.19360429656538,406,552,0.15,FALSE,FALSE,FALSE
"h18_0345",1.19362509764087,407,1101.5,0,FALSE,FALSE,FALSE
"h06_0617",1.19363776314213,408,348.5,0.05,FALSE,FALSE,FALSE
"h18_0682",1.19365381429727,409,303.5,0,FALSE,FALSE,FALSE
"h12_0952",1.19365919560803,410,305,0,FALSE,FALSE,FALSE
"h12_0540",1.19366418041281,411,988,0,FALSE,FALSE,FALSE
"h18_0153",1.19366597838804,412,968,0,FALSE,FALSE,FALSE
"h18_0725",1.19366778533819,413,525,0.05,FALSE,FALSE,FALSE
"h06_0862",1.19367085193667,414,317,0,FALSE,FALSE,FALSE
"h12_0988",1.19367608176105,415,1591,0,FALSE,FALSE,FALSE
"h12_0074",1.1937081980562,416,314,0,FALSE,FALSE,FALSE
"h12_0800",1.19372908156138,417,424,0.05,FALSE,FALSE,FALSE
"h06_0235",1.19373198571827,418,991.5,0,FALSE,FALSE,FALSE
"h18_0499",1.1937339451584,419,703,0,FALSE,FALSE,FALSE
"h06_0442",1.19373870417001,420,398,0,FALSE,FALSE,FALSE
"h06_0111",1.19374047267423,421,2068.5,0.05,FALSE,FALSE,FALSE
"h06_0964",1.19374250360062,422,1177.5,0,FALSE,FALSE,FALSE
"h18_1021",1.19374366761422,423,318.5,0.05,FALSE,FALSE,FALSE
"h06_0324",1.19375579527212,424,253.5,0,FALSE,FALSE,FALSE
"h06_0073",1.19376270190654,425,562.5,0,FALSE,FALSE,FALSE
"h06_0974",1.19376584134399,426,324,0,FALSE,FALSE,FALSE
"h12_0238",1.19378179046595,427,420,0,FALSE,FALSE,FALSE
"h06_0293",1.19378497835856,428,492,0,FALSE,FALSE,FALSE
"h18_1006",1.19378504520887,429,762,0,FALSE,FALSE,FALSE
"h12_0500",1.19378824591755,430,1476.5,0,FALSE,FALSE,FALSE
"h12_0455",1.19381877129008,431,307.5,0.05,FALSE,FALSE,FALSE
"h06_0185",1.19384541283869,432,529,0,FALSE,FALSE,FALSE
"h12_0875",1.19388922252394,433,1798,0,FALSE,FALSE,FALSE
"h18_0621",1.19390086592679,434,178,0.05,FALSE,FALSE,FALSE
"h12_0384",1.19395501357183,435,109,0,FALSE,FALSE,FALSE
"h18_0854",1.19396531045183,436,558,0,FALSE,FALSE,FALSE
"h06_0154",1.19396651683086,437,1271.5,0,FALSE,FALSE,FALSE
"h18_1016",1.19396704465001,438,369,0,FALSE,FALSE,FALSE
"h06_0258",1.19396740429081,439,354,0,FALSE,FALSE,FALSE
"h18_0790",1.19398640071479,440,904.5,0.05,FALSE,FALSE,FALSE
"h18_0993",1.19399076719545,441,745,0,FALSE,FALSE,FALSE
"h18_0350",1.19399259666196,442,514,0,FALSE,FALSE,FALSE
"h12_1014",1.19399780738551,443,616,0.05,FALSE,FALSE,FALSE
"h06_0179",1.19401973256682,444,101,0.05,FALSE,FALSE,FALSE
"h12_0095",1.19402086780192,445,435,0,FALSE,FALSE,FALSE
"h18_0352",1.19405057710183,446,373.5,0,FALSE,FALSE,FALSE
"h12_0272",1.19405418175682,447,935,0,FALSE,FALSE,FALSE
"h18_0799",1.19405594373842,448,1507,0,FALSE,FALSE,FALSE
"h12_0692",1.19405703922494,449,2155,0.05,FALSE,FALSE,FALSE
"h12_0694",1.19407361044948,450,18,0,FALSE,FALSE,FALSE
"h18_0707",1.19408199056695,451,396.5,0,FALSE,FALSE,FALSE
"h18_0836",1.19410021704881,452,385,0,FALSE,FALSE,FALSE
"h18_0905",1.19415236400081,453,230,0,FALSE,FALSE,FALSE
"h18_0428",1.19416190813103,454,473,0,FALSE,FALSE,FALSE
"h18_0562",1.19416564053381,455,161,0,FALSE,FALSE,FALSE
"h12_0170",1.19416665517546,456,804,0,FALSE,FALSE,FALSE
"h06_0803",1.1941718205623,457,343,0,FALSE,FALSE,FALSE
"h12_0461",1.19417209403385,458,1326.5,0,FALSE,FALSE,FALSE
"h12_0549",1.19417430002509,459,361.5,0,FALSE,FALSE,FALSE
"h06_0937",1.19418798496373,460,1898.5,0,FALSE,FALSE,FALSE
"h06_1007",1.19419429562304,461,1198.5,0,FALSE,FALSE,FALSE
"h18_0472",1.19421433682451,462,1302.5,0,FALSE,FALSE,FALSE
"h06_0569",1.19422776798094,463,686,0,FALSE,FALSE,FALSE
"h12_0184",1.19423002203761,464,1277,0,FALSE,FALSE,FALSE
"h12_0410",1.19423266268733,465,1577,0,FALSE,FALSE,FALSE
"h18_0885",1.1942614709679,466,1082.5,0,FALSE,FALSE,FALSE
"h06_0228",1.19428237365559,467,1433.5,0,FALSE,FALSE,FALSE
"h18_0197",1.19428511358486,468,848.5,0,FALSE,FALSE,FALSE
"h18_0661",1.19429465251176,469,2021,0,FALSE,FALSE,FALSE
"h06_0934",1.19430303450677,470,1498,0,FALSE,FALSE,FALSE
"h18_0325",1.19431703488192,471,2736,0,FALSE,FALSE,FALSE
"h12_0237",1.19433221672315,472,643,0,FALSE,FALSE,FALSE
"h12_0791",1.194333733381,473,489,0,FALSE,FALSE,FALSE
"h06_0724",1.19433682358148,474,415,0,FALSE,FALSE,FALSE
"h18_0780",1.1943507241432,475,1224,0.05,FALSE,FALSE,FALSE
"h12_0580",1.19435193171347,476,218.5,0,FALSE,FALSE,FALSE
"h12_0457",1.19435257995258,477,517.5,0.05,FALSE,FALSE,FALSE
"h12_0804",1.19437242603928,478,301,0,FALSE,FALSE,FALSE
"h12_0173",1.19438448857394,479,209.5,0,FALSE,FALSE,FALSE
"h18_0967",1.19445917392051,480,476,0,FALSE,FALSE,FALSE
"h18_0708",1.19447368855301,481,387,0.05,FALSE,FALSE,FALSE
"h12_0977",1.19447464551125,482,1094,0,FALSE,FALSE,FALSE
"h18_0344",1.19449018095287,483,359.5,0,FALSE,FALSE,FALSE
"h12_0332",1.19450855827062,484,629.5,0,FALSE,FALSE,FALSE
"h12_0134",1.19450900095823,485,555,0,FALSE,FALSE,FALSE
"h06_0266",1.19451744177068,486,475,0,FALSE,FALSE,FALSE
"h06_0478",1.19453324678043,487,244.5,0,FALSE,FALSE,FALSE
"h12_0891",1.19454246410346,488,1852,0,FALSE,FALSE,FALSE
"h12_0253",1.19457431068196,489,741.5,0,FALSE,FALSE,FALSE
"h06_1011",1.19458675455872,490,356,0,FALSE,FALSE,FALSE
"h12_0629",1.19459788993852,491,524,0.05,FALSE,FALSE,FALSE
"h18_0919",1.19460066025165,492,163.5,0,FALSE,FALSE,FALSE
"h06_0931",1.19460089813959,493,223.5,0,FALSE,FALSE,FALSE
"h18_0672",1.19462137398447,494,370.5,0,FALSE,FALSE,FALSE
"h06_0267",1.1946236747718,495,271,0,FALSE,FALSE,FALSE
"h18_0677",1.19463258773024,496,564.5,0,FALSE,FALSE,FALSE
"h12_0296",1.19464907519656,497,840,0,FALSE,FALSE,FALSE
"h06_0472",1.1946583352402,498,846.5,0,FALSE,FALSE,FALSE
"h18_0785",1.19466349551066,499,378.5,0,FALSE,FALSE,FALSE
"h18_0292",1.1946983165339,500,1505.5,0,FALSE,FALSE,FALSE
"h12_0960",1.19470085524016,501,1099,0,FALSE,FALSE,FALSE
"h06_0991",1.1947084232531,502,438.5,0,FALSE,FALSE,FALSE
"h06_0550",1.19472033457266,503,626,0,FALSE,FALSE,FALSE
"h18_0627",1.19472244984627,504,192.5,0,FALSE,FALSE,FALSE
"h06_0802",1.19472386880725,505,57,0,FALSE,FALSE,FALSE
"h12_0076",1.19473374337196,506,549.5,0,FALSE,FALSE,FALSE
"h06_0135",1.19473596913863,507,325.5,0,FALSE,FALSE,FALSE
"h12_0739",1.19473723911291,508,589.5,0,FALSE,FALSE,FALSE
"h12_0884",1.19474398806828,509,710,0.05,FALSE,FALSE,FALSE
"h18_0307",1.19474605155932,510,850.5,0,FALSE,FALSE,FALSE
"h12_0140",1.19475029834218,511,53.5,0.05,FALSE,FALSE,FALSE
"h12_0982",1.19475219709012,512,384,0,FALSE,FALSE,FALSE
"h06_0401",1.19475681079488,513,458.5,0.05,FALSE,FALSE,FALSE
"h18_0756",1.19475771394326,514,974,0,FALSE,FALSE,FALSE
"h18_0534",1.19476210783725,515,1146,0,FALSE,FALSE,FALSE
"h06_0052",1.19476992235935,516,726.5,0.05,FALSE,FALSE,FALSE
"h12_0223",1.19478916451249,517,316,0,FALSE,FALSE,FALSE
"h12_0367",1.19480313259401,518,508.5,0,FALSE,FALSE,FALSE
"h18_0612",1.19480443039897,519,540,0,FALSE,FALSE,FALSE
"h06_0672",1.1948115563445,520,307.5,0.05,FALSE,FALSE,FALSE
"h12_0456",1.1948299697474,521,340,0.05,FALSE,FALSE,FALSE
"h12_0273",1.19483542695372,522,1009.5,0,FALSE,FALSE,FALSE
"h06_0889",1.19483945912302,523,400.5,0,FALSE,FALSE,FALSE
"h12_0700",1.19484030760516,524,1326.5,0,FALSE,FALSE,FALSE
"h12_0028",1.19485342420747,525,1400.5,0,FALSE,FALSE,FALSE
"h06_0725",1.19485642330152,526,278,0,FALSE,FALSE,FALSE
"h12_0529",1.19486785171049,527,569.5,0,FALSE,FALSE,FALSE
"h12_0054",1.19488026812003,528,1061.5,0,FALSE,FALSE,FALSE
"h06_0536",1.19488114942231,529,406.5,0,FALSE,FALSE,FALSE
"h06_0546",1.19488596452517,530,151.5,0,FALSE,FALSE,FALSE
"h12_0945",1.19489483111096,531,691.5,0.05,FALSE,FALSE,FALSE
"h12_0699",1.19489808200537,532,1552,0,FALSE,FALSE,FALSE
"h12_0943",1.19493478388098,533,361.5,0,FALSE,FALSE,FALSE
"h06_0394",1.19493518803412,534,536,0.05,FALSE,FALSE,FALSE
"h06_0299",1.19493536460363,535,1173,0,FALSE,FALSE,FALSE
"h12_0889",1.19494557274619,536,429.5,0,FALSE,FALSE,FALSE
"h18_0453",1.19494879077654,537,2528.5,0,FALSE,FALSE,FALSE
"h18_0098",1.19497117403884,538,351,0.05,FALSE,FALSE,FALSE
"h18_0105",1.19502002314043,539,413,0,FALSE,FALSE,FALSE
"h06_1017",1.19503715551824,540,777.5,0.05,FALSE,FALSE,FALSE
"h18_0530",1.19504302360694,541,416,0.05,FALSE,FALSE,FALSE
"h18_0808",1.19504694869621,542,498.5,0,FALSE,FALSE,FALSE
"h18_1013",1.19504814302584,543,417,0,FALSE,FALSE,FALSE
"h06_0350",1.19506450360415,544,460,0,FALSE,FALSE,FALSE
"h12_0098",1.19508428136181,545,1042.5,0,FALSE,FALSE,FALSE
"h18_0800",1.19508658866739,546,508.5,0,FALSE,FALSE,FALSE
"h06_0665",1.1950906077613,547,609.5,0,FALSE,FALSE,FALSE
"h12_0047",1.19509203006532,548,2196,0,FALSE,FALSE,FALSE
"h06_0282",1.19509418350254,549,1142,0,FALSE,FALSE,FALSE
"h18_0872",1.19510892680997,550,527,0.05,FALSE,FALSE,FALSE
"h06_0429",1.19512121206782,551,790,0,FALSE,FALSE,FALSE
"h12_0318",1.19512721203599,552,1694.5,0,FALSE,FALSE,FALSE
"h18_0148",1.19513031206995,553,423,0,FALSE,FALSE,FALSE
"h18_0400",1.1951505393123,554,1722,0,FALSE,FALSE,FALSE
"h06_0637",1.19515435368821,555,1092,0,FALSE,FALSE,FALSE
"h06_0374",1.19516249720268,556,975,0.05,FALSE,FALSE,FALSE
"h12_0475",1.19516321129893,557,451,0,FALSE,FALSE,FALSE
"h12_0465",1.19516714326335,558,432,0,FALSE,FALSE,FALSE
"h06_0338",1.19517650833155,559,410.5,0,FALSE,FALSE,FALSE
"h18_0364",1.19518025019239,560,589.5,0,FALSE,FALSE,FALSE
"h18_0705",1.19518313490341,561,1193,0,FALSE,FALSE,FALSE
"h12_0763",1.1951939574782,562,23,0,FALSE,FALSE,FALSE
"h12_0187",1.19519606295983,563,365,0,FALSE,FALSE,FALSE
"h12_0691",1.19520713337946,564,807,0,FALSE,FALSE,FALSE
"h06_0021",1.19520756119194,565,438.5,0.05,FALSE,FALSE,FALSE
"h12_0560",1.19521004424959,566,1996,0,FALSE,FALSE,FALSE
"h18_0178",1.19521291806465,567,853.5,0,FALSE,FALSE,FALSE
"h12_0748",1.19521552374786,568,442,0,FALSE,FALSE,FALSE
"h12_0973",1.19521835662906,569,572,0.05,FALSE,FALSE,FALSE
"h18_0812",1.19522792625767,570,260.5,0,FALSE,FALSE,FALSE
"h06_0568",1.19524140208931,571,7,0,FALSE,FALSE,FALSE
"h12_0319",1.19524613502136,572,448,0,FALSE,FALSE,FALSE
"h06_0855",1.19525096133219,573,1321,0.05,FALSE,FALSE,FALSE
"h18_0895",1.19526068085773,574,862.5,0,FALSE,FALSE,FALSE
"h12_0585",1.19526315073965,575,194,0,FALSE,FALSE,FALSE
"h12_0858",1.19527023214601,576,1435,0,FALSE,FALSE,FALSE
"h06_0090",1.19527216279179,577,1637,0,FALSE,FALSE,FALSE
"h06_0605",1.19527421121341,578,215,0,FALSE,FALSE,FALSE
"h18_0216",1.19528960757924,579,1174.5,0,FALSE,FALSE,FALSE
"h18_0911",1.1952902178778,580,527,0,FALSE,FALSE,FALSE
"h06_0370",1.1952915822208,581,457,0.05,FALSE,FALSE,FALSE
"h12_0638",1.19531389273444,582,378.5,0.05,FALSE,FALSE,FALSE
"h18_0264",1.19532203096401,583,811.5,0,FALSE,FALSE,FALSE
"h06_0469",1.19533394665019,584,451,0,FALSE,FALSE,FALSE
"h18_0824",1.19535648827025,585,1378,0,FALSE,FALSE,FALSE
"h06_1023",1.19536473829506,586,2043,0,FALSE,FALSE,FALSE
"h12_0297",1.19536478986023,587,2038,0.05,FALSE,FALSE,FALSE
"h18_0323",1.19537424925031,588,478,0,FALSE,FALSE,FALSE
"h12_0782",1.19539360831247,589,767.5,0,FALSE,FALSE,FALSE
"h18_0862",1.19539454778441,590,2447.5,0,FALSE,FALSE,FALSE
"h12_0971",1.19540711698653,591,544.5,0,FALSE,FALSE,FALSE
"h06_0513",1.19541004097077,592,1729.5,0,FALSE,FALSE,FALSE
"h12_0571",1.19543298328717,593,857,0,FALSE,FALSE,FALSE
"h12_0936",1.19543631829852,594,859,0,FALSE,FALSE,FALSE
"h18_0774",1.19543736245672,595,533,0,FALSE,FALSE,FALSE
"h12_0625",1.19543756782215,596,358,0,FALSE,FALSE,FALSE
"h12_0868",1.19546429983149,597,216.5,0.05,FALSE,FALSE,FALSE
"h06_0042",1.1954692922019,598,1344.5,0,FALSE,FALSE,FALSE
"h06_0673",1.19547165493233,599,515.5,0,FALSE,FALSE,FALSE
"h12_0246",1.19549233627416,600,718.5,0,FALSE,FALSE,FALSE
"h18_0938",1.19549588534556,601,373.5,0.05,FALSE,FALSE,FALSE
"h06_0983",1.19549706644914,602,238,0.05,FALSE,FALSE,FALSE
"h18_0214",1.19549909121827,603,602,0,FALSE,FALSE,FALSE
"h18_0775",1.19550126448363,604,1952,0,FALSE,FALSE,FALSE
"h12_0137",1.19551244802345,605,1326.5,0,FALSE,FALSE,FALSE
"h12_0195",1.19551563757059,606,190.5,0,FALSE,FALSE,FALSE
"h06_0340",1.19551891701523,607,498.5,0,FALSE,FALSE,FALSE
"h18_0006",1.19551966263106,608,131.5,0,FALSE,FALSE,FALSE
"h12_0096",1.19552516460664,609,488,0.05,FALSE,FALSE,FALSE
"h06_0708",1.19554351723083,610,512.5,0,FALSE,FALSE,FALSE
"h06_0303",1.19554815516013,611,463.5,0,FALSE,FALSE,FALSE
"h12_0797",1.19555461646758,612,1609,0,FALSE,FALSE,FALSE
"h12_0561",1.19557281940947,613,1137,0,FALSE,FALSE,FALSE
"h18_0997",1.19557436807563,614,490.5,0,FALSE,FALSE,FALSE
"h18_0793",1.19557469117197,615,733,0,FALSE,FALSE,FALSE
"h18_0880",1.19558285677274,616,1190.5,0.05,FALSE,FALSE,FALSE
"h06_0436",1.19559146410831,617,663,0,FALSE,FALSE,FALSE
"h06_0239",1.19559669458281,618,970,0,FALSE,FALSE,FALSE
"h12_0606",1.19559977161046,619,494.5,0.1,FALSE,FALSE,FALSE
"h06_0055",1.19560000628319,620,498.5,0,FALSE,FALSE,FALSE
"h18_0266",1.19561163366899,621,1472,0.05,FALSE,FALSE,FALSE
"h12_0991",1.19561400856198,622,1585,0,FALSE,FALSE,FALSE
"h12_0378",1.19561727065552,623,83.5,0,FALSE,FALSE,FALSE
"h06_0918",1.19562208907229,624,935,0,FALSE,FALSE,FALSE
"h12_0670",1.1956514936083,625,724,0,FALSE,FALSE,FALSE
"h18_0448",1.19566969045231,626,1045,0,FALSE,FALSE,FALSE
"h18_0173",1.19567839407657,627,336,0.05,FALSE,FALSE,FALSE
"h18_0391",1.19568182044303,628,1542,0,FALSE,FALSE,FALSE
"h18_0467",1.19568744949547,629,307.5,0,FALSE,FALSE,FALSE
"h06_0309",1.19568856705471,630,508.5,0,FALSE,FALSE,FALSE
"h18_0104",1.19568903487408,631,1948,0,FALSE,FALSE,FALSE
"h12_0254",1.19569166156949,632,466,0,FALSE,FALSE,FALSE
"h12_0445",1.19569530884076,633,1613,0,FALSE,FALSE,FALSE
"h06_0487",1.19570415568701,634,1066.5,0,FALSE,FALSE,FALSE
"h18_0701",1.19570934919185,635,517.5,0,FALSE,FALSE,FALSE
"h06_0642",1.19571962169606,636,1452.5,0,FALSE,FALSE,FALSE
"h06_0795",1.19573652434669,637,1095.5,0,FALSE,FALSE,FALSE
"h12_0822",1.195737157993,638,858,0,FALSE,FALSE,FALSE
"h18_0437",1.19574010753677,639,2289,0,FALSE,FALSE,FALSE
"h12_0133",1.19574505645029,640,512.5,0,FALSE,FALSE,FALSE
"h06_0330",1.195759962002,641,1667.5,0,FALSE,FALSE,FALSE
"h06_1018",1.19576109814935,642,855,0,FALSE,FALSE,FALSE
"h12_0249",1.19577092028006,643,1608,0,FALSE,FALSE,FALSE
"h18_0903",1.19577599301964,644,436.5,0,FALSE,FALSE,FALSE
"h18_0817",1.1957794938298,645,1115,0,FALSE,FALSE,FALSE
"h18_0548",1.19578077332407,646,521,0,FALSE,FALSE,FALSE
"h18_0972",1.19578078846781,647,957,0,FALSE,FALSE,FALSE
"h12_0880",1.19581766748157,648,687,0.05,FALSE,FALSE,FALSE
"h12_0824",1.19583056895204,649,338.5,0,FALSE,FALSE,FALSE
"h18_0411",1.19583090431057,650,1674,0,FALSE,FALSE,FALSE
"h06_0081",1.19583341375603,651,86,0,FALSE,FALSE,FALSE
"h18_0543",1.19583496523419,652,555,0,FALSE,FALSE,FALSE
"h06_0219",1.19583973850927,653,577,0,FALSE,FALSE,FALSE
"h18_0300",1.19584277740507,654,1443.5,0,FALSE,FALSE,FALSE
"h12_0489",1.19584890885167,655,1746.5,0.05,FALSE,FALSE,FALSE
"h06_0416",1.19585851928043,656,2276.5,0,FALSE,FALSE,FALSE
"h12_0029",1.19586512916055,657,38,0,FALSE,FALSE,FALSE
"h12_1013",1.19586854806348,658,1228.5,0.05,FALSE,FALSE,FALSE
"h12_0747",1.19588279965075,659,279.5,0,FALSE,FALSE,FALSE
"h12_0864",1.19588543520192,660,274,0,FALSE,FALSE,FALSE
"h12_0545",1.19590600496939,661,1022.5,0,FALSE,FALSE,FALSE
"h06_0503",1.19591206482028,662,1517,0,FALSE,FALSE,FALSE
"h18_0138",1.19592489633331,663,946,0,FALSE,FALSE,FALSE
"h18_0752",1.19593278857745,664,639,0,FALSE,FALSE,FALSE
"h18_0931",1.19594448021891,665,540,0,FALSE,FALSE,FALSE
"h18_0157",1.19595592405988,666,1841.5,0,FALSE,FALSE,FALSE
"h18_0069",1.19596416291583,667,619,0,FALSE,FALSE,FALSE
"h18_0634",1.19596801578822,668,1408,0,FALSE,FALSE,FALSE
"h18_0359",1.19597576199475,669,1680.5,0,FALSE,FALSE,FALSE
"h12_0057",1.19597842201066,670,927.5,0.05,FALSE,FALSE,FALSE
"h18_0589",1.1959875452249,671,547,0,FALSE,FALSE,FALSE
"h12_0657",1.19599682713921,672,1350,0,FALSE,FALSE,FALSE
"h18_0745",1.19600040762315,673,1546.5,0,FALSE,FALSE,FALSE
"h12_0498",1.19600899637379,674,546,0,FALSE,FALSE,FALSE
"h12_0265",1.19600962200192,675,1171,0,FALSE,FALSE,FALSE
"h12_0544",1.1960120910936,676,1788,0,FALSE,FALSE,FALSE
"h06_0091",1.19603146354988,677,207,0,FALSE,FALSE,FALSE
"h18_0710",1.19603167234668,678,1759.5,0,FALSE,FALSE,FALSE
"h06_0885",1.19604255262177,679,427.5,0,FALSE,FALSE,FALSE
"h12_0391",1.19606170627308,680,1227,0,FALSE,FALSE,FALSE
"h12_0064",1.19606635980426,681,864.5,0.05,FALSE,FALSE,FALSE
"h18_0469",1.19606970588425,682,1573,0,FALSE,FALSE,FALSE
"h18_0675",1.19608286213324,683,1046,0.05,FALSE,FALSE,FALSE
"h06_0524",1.19608465656436,684,1215,0,FALSE,FALSE,FALSE
"h18_0956",1.19608818249713,685,991.5,0,FALSE,FALSE,FALSE
"h12_0626",1.19609452268835,686,1030,0,FALSE,FALSE,FALSE
"h18_0890",1.19611010673333,687,277,0,FALSE,FALSE,FALSE
"h06_0178",1.19611093414633,688,604.5,0,FALSE,FALSE,FALSE
"h12_0152",1.1961109535543,689,511,0,FALSE,FALSE,FALSE
"h06_0506",1.19611123553357,690,909,0,FALSE,FALSE,FALSE
"h12_0778",1.19612597506047,691,2171,0,FALSE,FALSE,FALSE
"h06_0837",1.19613559449244,692,714,0,FALSE,FALSE,FALSE
"h12_0194",1.19615185724912,693,2748.5,0,FALSE,FALSE,FALSE
"h18_0096",1.19615553797822,694,958.5,0,FALSE,FALSE,FALSE
"h12_0079",1.19616792890705,695,117.5,0,FALSE,FALSE,FALSE
"h06_0981",1.19617906303697,696,409,0,FALSE,FALSE,FALSE
"h12_0158",1.19618692341693,697,432,0,FALSE,FALSE,FALSE
"h12_0848",1.1961886473811,698,288,0,FALSE,FALSE,FALSE
"h06_0075",1.19619299526426,699,1032.5,0,FALSE,FALSE,FALSE
"h18_0373",1.19620268516196,700,1900.5,0.05,FALSE,FALSE,FALSE
"h06_0452",1.19620398438536,701,866.5,0,FALSE,FALSE,FALSE
"h06_0181",1.19620789805235,702,204,0.05,FALSE,FALSE,FALSE
"h18_0202",1.19621195488903,703,567,0,FALSE,FALSE,FALSE
"h12_0001",1.19621288979245,704,1515.5,0,FALSE,FALSE,FALSE
"h12_0100",1.19621817256138,705,296.5,0,FALSE,FALSE,FALSE
"h12_0448",1.1962241229376,706,469.5,0,FALSE,FALSE,FALSE
"h18_0535",1.1962250538276,707,1611.5,0,FALSE,FALSE,FALSE
"h18_0414",1.19623635236912,708,749,0,FALSE,FALSE,FALSE
"h12_0077",1.19624597669475,709,540,0,FALSE,FALSE,FALSE
"h18_0314",1.19626510972611,710,2300,0,FALSE,FALSE,FALSE
"h12_0795",1.19627847437661,711,747.5,0,FALSE,FALSE,FALSE
"h18_0160",1.19630325552448,712,836.5,0,FALSE,FALSE,FALSE
"h06_0349",1.19630881987332,713,560.5,0,FALSE,FALSE,FALSE
"h12_0951",1.19631478868261,714,1452.5,0,FALSE,FALSE,FALSE
"h12_0493",1.19631663215381,715,770,0,FALSE,FALSE,FALSE
"h12_0686",1.19632087459374,716,674.5,0.05,FALSE,FALSE,FALSE
"h18_0539",1.19632822680094,717,1402.5,0,FALSE,FALSE,FALSE
"h12_0086",1.19634000478594,718,2906,0,FALSE,FALSE,FALSE
"h06_0765",1.1963412424101,719,698,0,FALSE,FALSE,FALSE
"h12_0915",1.19635026418429,720,1757.5,0,FALSE,FALSE,FALSE
"h06_0392",1.19635611262473,721,1054,0,FALSE,FALSE,FALSE
"h06_0906",1.196367183451,722,1007.5,0,FALSE,FALSE,FALSE
"h18_0614",1.1963678012355,723,927.5,0,FALSE,FALSE,FALSE
"h18_0941",1.19637800025717,724,1812.5,0,FALSE,FALSE,FALSE
"h12_0712",1.19638729850661,725,571,0.1,FALSE,FALSE,FALSE
"h12_0088",1.19639540969491,726,776,0,FALSE,FALSE,FALSE
"h18_0876",1.1964013945202,727,772,0,FALSE,FALSE,FALSE
"h06_0252",1.19640615910174,728,1336,0,FALSE,FALSE,FALSE
"h18_0907",1.19641440848447,729,1210,0,FALSE,FALSE,FALSE
"h06_0630",1.19641897564687,730,598,0,FALSE,FALSE,FALSE
"h06_0601",1.19643070575435,731,1652,0,FALSE,FALSE,FALSE
"h18_0291",1.19643800639709,732,562.5,0,FALSE,FALSE,FALSE
"h18_0700",1.19643917428559,733,846.5,0.05,FALSE,FALSE,FALSE
"h06_0892",1.19644472789631,734,958.5,0,FALSE,FALSE,FALSE
"h12_0853",1.19644642902864,735,1927.5,0,FALSE,FALSE,FALSE
"h18_0409",1.19644702924098,736,622,0.05,FALSE,FALSE,FALSE
"h18_0237",1.19644740200173,737,1499.5,0,FALSE,FALSE,FALSE
"h06_0638",1.19645414162101,738,2092.5,0,FALSE,FALSE,FALSE
"h18_0506",1.19645554901694,739,1042.5,0,FALSE,FALSE,FALSE
"h12_0342",1.1964561786983,740,970,0,FALSE,FALSE,FALSE
"h18_0430",1.19645647119927,741,1417,0,FALSE,FALSE,FALSE
"h12_0487",1.19645822717248,742,125,0,FALSE,FALSE,FALSE
"h12_0735",1.19646480257704,743,923,0.05,FALSE,FALSE,FALSE
"h12_0672",1.19647110615716,744,1704,0,FALSE,FALSE,FALSE
"h18_0182",1.19647246862848,745,1466,0,FALSE,FALSE,FALSE
"h12_0812",1.1964795621529,746,620,0.05,FALSE,FALSE,FALSE
"h18_1011",1.19648340489399,747,743.5,0,FALSE,FALSE,FALSE
"h06_0821",1.19649088636499,748,2001.5,0,FALSE,FALSE,FALSE
"h12_0496",1.19649872755887,749,625,0,FALSE,FALSE,FALSE
"h06_0648",1.19650936302324,750,458.5,0,FALSE,FALSE,FALSE
"h06_0432",1.19651282383339,751,322.5,0.05,FALSE,FALSE,FALSE
"h18_0934",1.19652350287009,752,1388.5,0,FALSE,FALSE,FALSE
"h12_0975",1.19652624165998,753,537.5,0.05,FALSE,FALSE,FALSE
"h06_0646",1.19653061679612,754,616,0.05,FALSE,FALSE,FALSE
"h12_0615",1.19653479800071,755,741.5,0.05,FALSE,FALSE,FALSE
"h12_0239",1.19655620808439,756,669.5,0.05,FALSE,FALSE,FALSE
"h06_0804",1.19657833995214,757,1122,0,FALSE,FALSE,FALSE
"h18_0133",1.19658382453903,758,883,0.05,FALSE,FALSE,FALSE
"h18_0695",1.19658538017448,759,453,0,FALSE,FALSE,FALSE
"h18_0662",1.19659180247541,760,1639,0,FALSE,FALSE,FALSE
"h18_0524",1.19659360248368,761,1820,0,FALSE,FALSE,FALSE
"h12_0312",1.19660076234064,762,2163,0,FALSE,FALSE,FALSE
"h06_0743",1.19660083980818,763,584.5,0,FALSE,FALSE,FALSE
"h18_0077",1.19660621612378,764,482,0,FALSE,FALSE,FALSE
"h18_1023",1.19660739554342,765,1567,0,FALSE,FALSE,FALSE
"h18_0594",1.19660982274502,766,1236.5,0,FALSE,FALSE,FALSE
"h12_0027",1.19661848067205,767,327,0,FALSE,FALSE,FALSE
"h06_0609",1.19662232036449,768,463.5,0,FALSE,FALSE,FALSE
"h12_0022",1.19662613845802,769,925.5,0,FALSE,FALSE,FALSE
"h06_0836",1.19663962060763,770,631,0,FALSE,FALSE,FALSE
"h12_0953",1.19665633270747,771,1425.5,0,FALSE,FALSE,FALSE
"h18_0982",1.19665950233883,772,606,0.05,FALSE,FALSE,FALSE
"h12_0518",1.19667351698398,773,780.5,0.05,FALSE,FALSE,FALSE
"h06_0131",1.19668984893418,774,743.5,0,FALSE,FALSE,FALSE
"h06_0606",1.19669792650352,775,2419,0,FALSE,FALSE,FALSE
"h12_0856",1.19669984458671,776,1160.5,0,FALSE,FALSE,FALSE
"h06_0939",1.19670394616512,777,187,0,FALSE,FALSE,FALSE
"h18_0362",1.19671406409785,778,432,0,FALSE,FALSE,FALSE
"h18_0007",1.19672184315824,779,667,0,FALSE,FALSE,FALSE
"h18_0392",1.19673470706839,780,648.5,0,FALSE,FALSE,FALSE
"h18_0971",1.19673870081636,781,1238,0,FALSE,FALSE,FALSE
"h06_0083",1.19674617694764,782,1106,0,FALSE,FALSE,FALSE
"h18_0694",1.19675290048702,783,652,0.05,FALSE,FALSE,FALSE
"h06_0998",1.19675376480879,784,1697,0,FALSE,FALSE,FALSE
"h06_0375",1.19675410560773,785,739.5,0.05,FALSE,FALSE,FALSE
"h18_0010",1.19677299727719,786,1538,0,FALSE,FALSE,FALSE
"h12_0300",1.19678540531102,787,770,0.05,FALSE,FALSE,FALSE
"h18_0703",1.19678824281392,788,1030,0.05,FALSE,FALSE,FALSE
"h12_0261",1.19678960878634,789,1073.5,0,FALSE,FALSE,FALSE
"h18_0998",1.19679232560055,790,1754,0,FALSE,FALSE,FALSE
"h06_0015",1.19680609414277,791,710,0,FALSE,FALSE,FALSE
"h18_0517",1.19680889855461,792,871,0,FALSE,FALSE,FALSE
"h18_0578",1.19680933080386,793,669.5,0.05,FALSE,FALSE,FALSE
"h12_0522",1.19681237084862,794,972.5,0.05,FALSE,FALSE,FALSE
"h12_0680",1.19682163609536,795,1438,0,FALSE,FALSE,FALSE
"h06_0878",1.19682255475484,796,1379.5,0,FALSE,FALSE,FALSE
"h12_0252",1.19682551689878,797,542,0,FALSE,FALSE,FALSE
"h18_0302",1.19688239654152,798,598,0.05,FALSE,FALSE,FALSE
"h06_0812",1.19688637365637,799,652,0,FALSE,FALSE,FALSE
"h18_0889",1.19690100279854,800,1072,0,FALSE,FALSE,FALSE
"h18_0459",1.1969094708935,801,729,0.05,FALSE,FALSE,FALSE
"h06_0020",1.19691231908854,802,1300.5,0,FALSE,FALSE,FALSE
"h12_0006",1.19692876116393,803,1775,0,FALSE,FALSE,FALSE
"h18_0964",1.19693393411924,804,2874,0,FALSE,FALSE,FALSE
"h06_0677",1.19693738984565,805,268,0,FALSE,FALSE,FALSE
"h12_0428",1.1969595636685,806,680,0,FALSE,FALSE,FALSE
"h18_0243",1.19696769479817,807,1114,0.05,FALSE,FALSE,FALSE
"h12_0395",1.19698157611636,808,584.5,0.05,FALSE,FALSE,FALSE
"h12_0275",1.19698334245515,809,683,0,FALSE,FALSE,FALSE
"h06_0760",1.19698387874443,810,799,0,FALSE,FALSE,FALSE
"h12_0302",1.19698860304362,811,685,0,FALSE,FALSE,FALSE
"h06_0715",1.1969903182555,812,641.5,0.05,FALSE,FALSE,FALSE
"h18_0737",1.19700155343406,813,1120.5,0,FALSE,FALSE,FALSE
"h12_0181",1.19700361945739,814,2219,0,FALSE,FALSE,FALSE
"h06_0611",1.19701230915108,815,1407,0,FALSE,FALSE,FALSE
"h18_0522",1.19701622167395,816,634,0,FALSE,FALSE,FALSE
"h18_0755",1.19701806383159,817,655.5,0,FALSE,FALSE,FALSE
"h06_0114",1.19702798683632,818,831.5,0,FALSE,FALSE,FALSE
"h18_0477",1.19702802941567,819,1215,0,FALSE,FALSE,FALSE
"h18_0192",1.19703542924059,820,591.5,0,FALSE,FALSE,FALSE
"h06_0468",1.19704768467725,821,1202.5,0,FALSE,FALSE,FALSE
"h18_0003",1.19704895552096,822,1042.5,0,FALSE,FALSE,FALSE
"h18_0122",1.19705977665951,823,694,0,FALSE,FALSE,FALSE
"h06_0413",1.19706946297248,824,695.5,0,FALSE,FALSE,FALSE
"h12_0621",1.19707114842885,825,1290,0.05,FALSE,FALSE,FALSE
"h18_0739",1.19707237203706,826,1366,0,FALSE,FALSE,FALSE
"h18_1000",1.19709018490601,827,635.5,0,FALSE,FALSE,FALSE
"h18_0376",1.19709053818446,828,708,0,FALSE,FALSE,FALSE
"h06_0860",1.19709602015139,829,183.5,0.05,FALSE,FALSE,FALSE
"h06_0313",1.19709735332648,830,1250,0,FALSE,FALSE,FALSE
"h06_0384",1.19710264845732,831,794,0,FALSE,FALSE,FALSE
"h18_0628",1.19710446069371,832,582.5,0,FALSE,FALSE,FALSE
"h12_0293",1.19710627230508,833,775,0.05,FALSE,FALSE,FALSE
"h12_0360",1.19710676625249,834,300,0,FALSE,FALSE,FALSE
"h06_0059",1.19711005760629,835,2583,0,FALSE,FALSE,FALSE
"h12_0955",1.19711271142584,836,1129,0,FALSE,FALSE,FALSE
"h06_0644",1.19711567503829,837,712.5,0.05,FALSE,FALSE,FALSE
"h12_0007",1.19711983530165,838,1916,0.05,FALSE,FALSE,FALSE
"h12_0766",1.19711997225561,839,902.5,0,FALSE,FALSE,FALSE
"h06_0195",1.19712942786793,840,1300.5,0,FALSE,FALSE,FALSE
"h06_0842",1.1971341375926,841,338.5,0.05,FALSE,FALSE,FALSE
"h12_0059",1.19713458450298,842,1261,0,FALSE,FALSE,FALSE
"h18_0900",1.19714007146458,843,346,0,FALSE,FALSE,FALSE
"h18_0820",1.19715271556781,844,718.5,0.05,FALSE,FALSE,FALSE
"h12_0746",1.19715419642997,845,937.5,0,FALSE,FALSE,FALSE
"h12_0731",1.19715515952797,846,1318,0,FALSE,FALSE,FALSE
"h18_0520",1.1971580593045,847,1129,0,FALSE,FALSE,FALSE
"h06_0238",1.1971624093677,848,2564.5,0,FALSE,FALSE,FALSE
"h06_0471",1.19717093608496,849,569.5,0,FALSE,FALSE,FALSE
"h18_0316",1.19717651842755,850,2030.5,0.05,FALSE,FALSE,FALSE
"h18_0813",1.19718224369279,851,1279,0,FALSE,FALSE,FALSE
"h18_0587",1.19718604936733,852,933,0,FALSE,FALSE,FALSE
"h06_0220",1.19718942776908,853,868,0,FALSE,FALSE,FALSE
"h12_0837",1.197193936707,854,167,0,FALSE,FALSE,FALSE
"h18_0187",1.19719562507258,855,449,0,FALSE,FALSE,FALSE
"h18_0035",1.19719600165105,856,893.5,0,FALSE,FALSE,FALSE
"h12_0106",1.19720351513418,857,730.5,0,FALSE,FALSE,FALSE
"h12_0610",1.19720451327475,858,942.5,0,FALSE,FALSE,FALSE
"h06_0046",1.19721516845619,859,276,0.05,FALSE,FALSE,FALSE
"h18_0699",1.19721794116942,860,1124,0,FALSE,FALSE,FALSE
"h12_0390",1.19722459749998,861,655.5,0.05,FALSE,FALSE,FALSE
"h12_0776",1.19722526191304,862,404.5,0,FALSE,FALSE,FALSE
"h12_0754",1.19723247847703,863,1415,0,FALSE,FALSE,FALSE
"h12_0470",1.19724142228079,864,202,0,FALSE,FALSE,FALSE
"h12_1007",1.19725258079901,865,997,0,FALSE,FALSE,FALSE
"h18_0251",1.19727286915115,866,667,0,FALSE,FALSE,FALSE
"h06_0919",1.1972739158953,867,767.5,0,FALSE,FALSE,FALSE
"h06_0043",1.19727887725289,868,503,0,FALSE,FALSE,FALSE
"h12_0055",1.19728500208182,869,391.5,0,FALSE,FALSE,FALSE
"h18_0321",1.19728616495404,870,1585,0,FALSE,FALSE,FALSE
"h18_0424",1.19728628310968,871,47,0.05,FALSE,FALSE,FALSE
"h06_0943",1.19728949322733,872,655.5,0,FALSE,FALSE,FALSE
"h12_0974",1.19730636324525,873,1076.5,0,FALSE,FALSE,FALSE
"h12_1008",1.19731345505855,874,1141,0,FALSE,FALSE,FALSE
"h18_0194",1.19731507208598,875,980,0,FALSE,FALSE,FALSE
"h18_0859",1.19732721035611,876,1671.5,0,FALSE,FALSE,FALSE
"h18_0497",1.19733165829555,877,752.5,0,FALSE,FALSE,FALSE
"h06_0890",1.19733330125346,878,1222.5,0,FALSE,FALSE,FALSE
"h06_0771",1.19733565149673,879,785.5,0,FALSE,FALSE,FALSE
"h06_1001",1.19734610383156,880,999,0,FALSE,FALSE,FALSE
"h06_0780",1.1973461827544,881,2152,0,FALSE,FALSE,FALSE
"h12_0556",1.19734955514215,882,739.5,0,FALSE,FALSE,FALSE
"h18_0527",1.19735630182573,883,758,0,FALSE,FALSE,FALSE
"h12_0267",1.19737774188536,884,722,0,FALSE,FALSE,FALSE
"h12_0701",1.1973816897326,885,1318,0,FALSE,FALSE,FALSE
"h12_0863",1.19738439223916,886,1159,0,FALSE,FALSE,FALSE
"h06_0666",1.19739114745647,887,764,0,FALSE,FALSE,FALSE
"h12_0467",1.19740654496268,888,1943,0,FALSE,FALSE,FALSE
"h12_0017",1.19743063755571,889,1568.5,0,FALSE,FALSE,FALSE
"h18_0975",1.19743585446969,890,766,0,FALSE,FALSE,FALSE
"h18_0095",1.1974471229224,891,1978.5,0,FALSE,FALSE,FALSE
"h18_0821",1.1974508495605,892,1028,0,FALSE,FALSE,FALSE
"h06_0947",1.19745516119742,893,498.5,0.15,FALSE,FALSE,FALSE
"h06_0582",1.19745655233328,894,1617,0,FALSE,FALSE,FALSE
"h06_0661",1.19746127344323,895,142.5,0,FALSE,FALSE,FALSE
"h06_0099",1.19746167940263,896,1882.5,0,FALSE,FALSE,FALSE
"h06_0954",1.19746196920796,897,505,0,FALSE,FALSE,FALSE
"h12_0341",1.19746710958552,898,422,0,FALSE,FALSE,FALSE
"h18_0809",1.19746993009862,899,716.5,0,FALSE,FALSE,FALSE
"h12_0382",1.1974823309236,900,494.5,0,FALSE,FALSE,FALSE
"h12_0643",1.19748556602312,901,1518,0,FALSE,FALSE,FALSE
"h18_0378",1.19748693196489,902,138.5,0.05,FALSE,FALSE,FALSE
"h12_0210",1.19749853987729,903,2336,0,FALSE,FALSE,FALSE
"h06_0580",1.19749984374896,904,759.5,0,FALSE,FALSE,FALSE
"h18_0927",1.1975029044803,905,1447.5,0,FALSE,FALSE,FALSE
"h18_0886",1.19751005489332,906,817,0,FALSE,FALSE,FALSE
"h12_0402",1.19751365991171,907,1827.5,0,FALSE,FALSE,FALSE
"h06_0679",1.19751790113146,908,966,0,FALSE,FALSE,FALSE
"h18_0794",1.19754345109961,909,1532.5,0,FALSE,FALSE,FALSE
"h12_0502",1.19755065457627,910,2442.5,0,FALSE,FALSE,FALSE
"h12_0381",1.19755331916707,911,1750,0,FALSE,FALSE,FALSE
"h12_0775",1.19755864927145,912,652,0,FALSE,FALSE,FALSE
"h12_0512",1.19758786745042,913,2303.5,0.05,FALSE,FALSE,FALSE
"h18_0171",1.19758920628818,914,789,0,FALSE,FALSE,FALSE
"h18_0398",1.19760452657341,915,1180,0,FALSE,FALSE,FALSE
"h06_0846",1.19760593781007,916,690,0,FALSE,FALSE,FALSE
"h12_0447",1.1976121337073,917,2257.5,0,FALSE,FALSE,FALSE
"h06_0581",1.19761697491093,918,1474.5,0,FALSE,FALSE,FALSE
"h06_0004",1.19761780015564,919,1106,0,FALSE,FALSE,FALSE
"h12_0779",1.19762443924915,920,1093,0.05,FALSE,FALSE,FALSE
"h06_0511",1.19763127377437,921,882,0,FALSE,FALSE,FALSE
"h06_0806",1.19763996768955,922,1543,0,FALSE,FALSE,FALSE
"h12_0619",1.19764004293363,923,1182,0.05,FALSE,FALSE,FALSE
"h12_0546",1.19764129787693,924,918,0,FALSE,FALSE,FALSE
"h18_0126",1.19764330440749,925,800,0,FALSE,FALSE,FALSE
"h18_0781",1.19765039851488,926,1228.5,0.05,FALSE,FALSE,FALSE
"h18_0431",1.19768641713052,927,577,0,FALSE,FALSE,FALSE
"h12_0582",1.19770099178321,928,1680.5,0,FALSE,FALSE,FALSE
"h06_0742",1.19771842470248,929,914,0,FALSE,FALSE,FALSE
"h06_0773",1.19771886906961,930,716.5,0,FALSE,FALSE,FALSE
"h12_1002",1.19771890329139,931,978.5,0,FALSE,FALSE,FALSE
"h18_0566",1.19772444665714,932,1222.5,0,FALSE,FALSE,FALSE
"h12_0850",1.19772967043087,933,1207,0,FALSE,FALSE,FALSE
"h18_0979",1.19773103820815,934,1966,0.05,FALSE,FALSE,FALSE
"h18_0172",1.19775047056276,935,920,0,FALSE,FALSE,FALSE
"h12_0589",1.19775431461476,936,1112,0,FALSE,FALSE,FALSE
"h18_0422",1.19776588128259,937,1421.5,0,FALSE,FALSE,FALSE
"h12_0364",1.19779161066321,938,704,0,FALSE,FALSE,FALSE
"h18_0704",1.19779589371355,939,117.5,0,FALSE,FALSE,FALSE
"h18_0853",1.19781266311368,940,1904.5,0,FALSE,FALSE,FALSE
"h06_0729",1.19781406883549,941,1066.5,0,FALSE,FALSE,FALSE
"h06_0198",1.19782514618661,942,954,0,FALSE,FALSE,FALSE
"h12_0392",1.19783395641397,943,914,0,FALSE,FALSE,FALSE
"h18_0225",1.19783532832449,944,1473,0,FALSE,FALSE,FALSE
"h12_0519",1.19783693106063,945,1180,0,FALSE,FALSE,FALSE
"h12_0998",1.19784302320877,946,850.5,0,FALSE,FALSE,FALSE
"h06_0819",1.19784576407949,947,780.5,0,FALSE,FALSE,FALSE
"h18_0475",1.19784694034044,948,399,0,FALSE,FALSE,FALSE
"h12_0316",1.19784765105737,949,2681,0.05,FALSE,FALSE,FALSE
"h18_0596",1.19785804482189,950,829.5,0,FALSE,FALSE,FALSE
"h18_0088",1.19786352185584,951,994.5,0,FALSE,FALSE,FALSE
"h06_0242",1.19787362938283,952,419,0,FALSE,FALSE,FALSE
"h06_0045",1.1978775017486,953,427.5,0,FALSE,FALSE,FALSE
"h18_0709",1.19788944596037,954,982,0.05,FALSE,FALSE,FALSE
"h18_0640",1.19789249904126,955,826.5,0,FALSE,FALSE,FALSE
"h06_0505",1.1979104973633,956,1337.5,0,FALSE,FALSE,FALSE
"h06_0858",1.1979165036105,957,835,0,FALSE,FALSE,FALSE
"h18_0791",1.19791943673939,958,1019,0.05,FALSE,FALSE,FALSE
"h06_0346",1.19792134005734,959,1683,0,FALSE,FALSE,FALSE
"h12_0653",1.19792166853999,960,838.5,0,FALSE,FALSE,FALSE
"h18_0882",1.19792790610857,961,1636,0.05,FALSE,FALSE,FALSE
"h12_0784",1.19792948684081,962,602,0,FALSE,FALSE,FALSE
"h12_0768",1.1979368204903,963,1284.5,0.05,FALSE,FALSE,FALSE
"h18_0811",1.19794500421811,964,635.5,0,FALSE,FALSE,FALSE
"h12_0216",1.19794634648273,965,860.5,0,FALSE,FALSE,FALSE
"h12_0728",1.1979631058666,966,1440.5,0,FALSE,FALSE,FALSE
"h12_0517",1.19797031938966,967,2159.5,0,FALSE,FALSE,FALSE
"h06_0376",1.19797748171974,968,364,0.05,FALSE,FALSE,FALSE
"h06_0379",1.19797947813753,969,1981.5,0,FALSE,FALSE,FALSE
"h12_0515",1.19798050268724,970,1165.5,0,FALSE,FALSE,FALSE
"h12_0632",1.19798367278423,971,853.5,0,FALSE,FALSE,FALSE
"h06_0770",1.19800770051816,972,1450.5,0,FALSE,FALSE,FALSE
"h06_0464",1.19800953288139,973,782.5,0,FALSE,FALSE,FALSE
"h18_0652",1.19801995341595,974,1005.5,0,FALSE,FALSE,FALSE
"h06_0559",1.19802214752723,975,332,0,FALSE,FALSE,FALSE
"h18_0143",1.19802778801761,976,1546.5,0,FALSE,FALSE,FALSE
"h12_0245",1.1980347888433,977,1160.5,0,FALSE,FALSE,FALSE
"h06_0751",1.19803548084922,978,907.5,0,FALSE,FALSE,FALSE
"h18_0713",1.19804434740632,979,1049,0,FALSE,FALSE,FALSE
"h12_0111",1.19804785254268,980,2419,0,FALSE,FALSE,FALSE
"h06_0494",1.19804901796298,981,1280.5,0,FALSE,FALSE,FALSE
"h12_0213",1.19805814407796,982,1057.5,0.05,FALSE,FALSE,FALSE
"h18_0384",1.19806865551112,983,1803,0.05,FALSE,FALSE,FALSE
"h18_0926",1.19806922482789,984,607.5,0,FALSE,FALSE,FALSE
"h18_0190",1.19807405107025,985,754.5,0,FALSE,FALSE,FALSE
"h18_0078",1.19807548707499,986,1055.5,0,FALSE,FALSE,FALSE
"h18_0434",1.19809429960795,987,866.5,0,FALSE,FALSE,FALSE
"h18_0439",1.19809454642244,988,2291,0,FALSE,FALSE,FALSE
"h12_0642",1.19809969651408,989,51.5,0.05,FALSE,FALSE,FALSE
"h12_0734",1.19810496864306,990,1423.5,0,FALSE,FALSE,FALSE
"h12_0682",1.19810602717281,991,665,0,FALSE,FALSE,FALSE
"h12_0233",1.19810813786911,992,613.5,0.05,FALSE,FALSE,FALSE
"h18_0146",1.19811294263583,993,1418,0,FALSE,FALSE,FALSE
"h18_0340",1.19811541481661,994,2918.5,0,FALSE,FALSE,FALSE
"h12_0697",1.19812052916412,995,2243,0,FALSE,FALSE,FALSE
"h06_0070",1.19812243786777,996,2034,0,FALSE,FALSE,FALSE
"h06_0970",1.19812327536959,997,410.5,0,FALSE,FALSE,FALSE
"h06_0076",1.19812681891492,998,796,0,FALSE,FALSE,FALSE
"h18_0617",1.19813968012345,999,627.5,0,FALSE,FALSE,FALSE
"h18_0396",1.19814302402107,1000,1026.5,0,FALSE,FALSE,FALSE
"h12_0107",1.19814321448119,1001,1180,0,FALSE,FALSE,FALSE
"h18_0711",1.19815258451778,1002,1139.5,0,FALSE,FALSE,FALSE
"h06_0344",1.19815565801824,1003,307.5,0,FALSE,FALSE,FALSE
"h06_1020",1.19815783150833,1004,1930,0,FALSE,FALSE,FALSE
"h06_0310",1.19815846950699,1005,736.5,0,FALSE,FALSE,FALSE
"h12_0598",1.19816054336605,1006,226.5,0,FALSE,FALSE,FALSE
"h12_0118",1.19818868657867,1007,1956,0,FALSE,FALSE,FALSE
"h12_0581",1.19819323851433,1008,1017,0,FALSE,FALSE,FALSE
"h18_0897",1.19819393542271,1009,1860,0,FALSE,FALSE,FALSE
"h06_0861",1.19819536837067,1010,573.5,0,FALSE,FALSE,FALSE
"h18_0591",1.19819538168452,1011,950,0,FALSE,FALSE,FALSE
"h18_0249",1.19821880900259,1012,632.5,0,FALSE,FALSE,FALSE
"h18_0224",1.19823067997156,1013,1581.5,0.05,FALSE,FALSE,FALSE
"h18_0371",1.19824182304958,1014,1986.5,0,FALSE,FALSE,FALSE
"h06_0574",1.19824530592772,1015,123.5,0,FALSE,FALSE,FALSE
"h18_0446",1.19825240293355,1016,893.5,0,FALSE,FALSE,FALSE
"h06_0025",1.19825901279155,1017,1071,0,FALSE,FALSE,FALSE
"h06_0767",1.19826344418785,1018,750.5,0,FALSE,FALSE,FALSE
"h18_0795",1.19826526395932,1019,1024.5,0,FALSE,FALSE,FALSE
"h18_0569",1.1982690400704,1020,898,0.05,FALSE,FALSE,FALSE
"h12_0742",1.19827636657056,1021,2143.5,0,FALSE,FALSE,FALSE
"h18_0441",1.19827726111504,1022,900.5,0,FALSE,FALSE,FALSE
"h12_0464",1.19829008385352,1023,902.5,0,FALSE,FALSE,FALSE
"h06_0722",1.19829135099754,1024,904.5,0,FALSE,FALSE,FALSE
"h12_0990",1.1982926255419,1025,1157.5,0,FALSE,FALSE,FALSE
"h18_0659",1.19829612409254,1026,691.5,0,FALSE,FALSE,FALSE
"h18_0651",1.1982992028821,1027,818,0,FALSE,FALSE,FALSE
"h18_0667",1.19830141987473,1028,828,0,FALSE,FALSE,FALSE
"h06_0237",1.19831615810118,1029,1195.5,0.05,FALSE,FALSE,FALSE
"h06_0122",1.19832708136175,1030,455,0,FALSE,FALSE,FALSE
"h18_0155",1.19832997209272,1031,1005.5,0,FALSE,FALSE,FALSE
"h18_0149",1.198333087214,1032,1292.5,0,FALSE,FALSE,FALSE
"h12_0080",1.19835192726591,1033,676,0.05,FALSE,FALSE,FALSE
"h06_0914",1.19835286015031,1034,429.5,0,FALSE,FALSE,FALSE
"h12_0397",1.19835716533144,1035,1076.5,0,FALSE,FALSE,FALSE
"h18_0878",1.19837874800353,1036,1163,0,FALSE,FALSE,FALSE
"h06_0037",1.19837968965423,1037,1579,0,FALSE,FALSE,FALSE
"h06_0465",1.19837988984558,1038,639,0,FALSE,FALSE,FALSE
"h12_0702",1.19839358230735,1039,924,0.05,FALSE,FALSE,FALSE
"h18_0248",1.19840463657991,1040,1708.5,0,FALSE,FALSE,FALSE
"h12_0989",1.1984069648986,1041,1212.5,0,FALSE,FALSE,FALSE
"h18_0351",1.19841197642184,1042,765,0,FALSE,FALSE,FALSE
"h18_0492",1.19841447350675,1043,929,0,FALSE,FALSE,FALSE
"h06_0703",1.19842416062517,1044,1039,0,FALSE,FALSE,FALSE
"h06_0962",1.19843218297235,1045,594,0,FALSE,FALSE,FALSE
"h18_0822",1.19844223359509,1046,1588,0,FALSE,FALSE,FALSE
"h12_0435",1.19844419393273,1047,1748.5,0.05,FALSE,FALSE,FALSE
"h18_0838",1.19844485469506,1048,836.5,0,FALSE,FALSE,FALSE
"h06_1004",1.19844872650444,1049,939.5,0,FALSE,FALSE,FALSE
"h06_0768",1.19847297554843,1050,1220,0,FALSE,FALSE,FALSE
"h06_0247",1.19847580156944,1051,1967.5,0,FALSE,FALSE,FALSE
"h18_0134",1.19847693489394,1052,1911,0.05,FALSE,FALSE,FALSE
"h06_0501",1.19847850560037,1053,2317,0,FALSE,FALSE,FALSE
"h06_0583",1.19847996956397,1054,2784.5,0.05,FALSE,FALSE,FALSE
"h18_0163",1.19848438152733,1055,609.5,0,FALSE,FALSE,FALSE
"h06_0066",1.19848452583897,1056,844,0,FALSE,FALSE,FALSE
"h18_0727",1.19848773322639,1057,2044,0,FALSE,FALSE,FALSE
"h12_0611",1.19850440639349,1058,950,0,FALSE,FALSE,FALSE
"h06_0989",1.1985104765289,1059,1263.5,0,FALSE,FALSE,FALSE
"h18_0595",1.19851144507281,1060,2413,0,FALSE,FALSE,FALSE
"h12_0780",1.19851163930356,1061,1230.5,0,FALSE,FALSE,FALSE
"h06_0455",1.19851458915903,1062,955.5,0,FALSE,FALSE,FALSE
"h06_0852",1.19852255524515,1063,329,0.05,FALSE,FALSE,FALSE
"h12_0668",1.19852452302414,1064,2676,0,FALSE,FALSE,FALSE
"h12_0818",1.19854643900098,1065,736.5,0,FALSE,FALSE,FALSE
"h18_0970",1.19855512735552,1066,2153,0,FALSE,FALSE,FALSE
"h12_0030",1.19856375153676,1067,1331,0.05,FALSE,FALSE,FALSE
"h12_0344",1.19856668330571,1068,963,0,FALSE,FALSE,FALSE
"h12_0219",1.19857012771223,1069,1198.5,0,FALSE,FALSE,FALSE
"h06_0745",1.19857839116172,1070,1258.5,0,FALSE,FALSE,FALSE
"h12_0829",1.19858043871582,1071,1375,0,FALSE,FALSE,FALSE
"h12_0198",1.19858317684139,1072,1837,0,FALSE,FALSE,FALSE
"h18_0306",1.19858535055899,1073,650,0,FALSE,FALSE,FALSE
"h12_0279",1.19858722455061,1074,947.5,0.05,FALSE,FALSE,FALSE
"h12_0097",1.19858740130745,1075,970,0,FALSE,FALSE,FALSE
"h18_0603",1.19858741168907,1076,1652,0,FALSE,FALSE,FALSE
"h06_0647",1.19859041724207,1077,1347.5,0,FALSE,FALSE,FALSE
"h06_0332",1.19860954838702,1078,1165.5,0,FALSE,FALSE,FALSE
"h12_0439",1.19861273078403,1079,1727.5,0,FALSE,FALSE,FALSE
"h12_0284",1.19862396201958,1080,2070,0,FALSE,FALSE,FALSE
"h06_0902",1.19863989020449,1081,382,0,FALSE,FALSE,FALSE
"h12_0681",1.19864819320919,1082,925.5,0,FALSE,FALSE,FALSE
"h12_0954",1.19865097697964,1083,1242.5,0,FALSE,FALSE,FALSE
"h06_0342",1.19865381301062,1084,2040,0,FALSE,FALSE,FALSE
"h18_0005",1.19865435726554,1085,725,0,FALSE,FALSE,FALSE
"h06_0250",1.19865516950155,1086,1856.5,0,FALSE,FALSE,FALSE
"h06_0967",1.19866879079787,1087,1108,0,FALSE,FALSE,FALSE
"h18_0996",1.19867950928951,1088,391.5,0.05,FALSE,FALSE,FALSE
"h12_0695",1.19868213069721,1089,988,0.05,FALSE,FALSE,FALSE
"h12_0608",1.19868548320558,1090,991.5,0,FALSE,FALSE,FALSE
"h18_0144",1.19868804019491,1091,994.5,0,FALSE,FALSE,FALSE
"h12_0153",1.1986917816777,1092,723,0,FALSE,FALSE,FALSE
"h18_0633",1.19869244970757,1093,997,0,FALSE,FALSE,FALSE
"h06_0151",1.19869493718023,1094,573.5,0,FALSE,FALSE,FALSE
"h06_0985",1.19870866390151,1095,1930,0,FALSE,FALSE,FALSE
"h12_0175",1.19871272050275,1096,172.5,0,FALSE,FALSE,FALSE
"h12_0191",1.19871838968704,1097,1003,0,FALSE,FALSE,FALSE
"h06_0098",1.19872365388736,1098,1156,0,FALSE,FALSE,FALSE
"h12_0049",1.19872426456805,1099,2087.5,0,FALSE,FALSE,FALSE
"h06_0530",1.19873200612457,1100,1358,0,FALSE,FALSE,FALSE
"h06_0633",1.19874336036302,1101,833.5,0,FALSE,FALSE,FALSE
"h18_0310",1.19876273117806,1102,2765.5,0,FALSE,FALSE,FALSE
"h18_0957",1.19876695067444,1103,2752.5,0,FALSE,FALSE,FALSE
"h12_0660",1.19877260295491,1104,792.5,0,FALSE,FALSE,FALSE
"h06_0108",1.19877702692069,1105,1022.5,0.05,FALSE,FALSE,FALSE
"h06_0486",1.198802872017,1106,1013.5,0,FALSE,FALSE,FALSE
"h18_0999",1.19880931856037,1107,251.5,0,FALSE,FALSE,FALSE
"h18_0985",1.19882238183982,1108,1168.5,0,FALSE,FALSE,FALSE
"h12_0967",1.19882512695094,1109,1018,0,FALSE,FALSE,FALSE
"h06_0259",1.19883117435945,1110,1230.5,0,FALSE,FALSE,FALSE
"h12_0736",1.19883394431324,1111,1020,0,FALSE,FALSE,FALSE
"h06_0907",1.19883907847076,1112,1021,0,FALSE,FALSE,FALSE
"h12_0359",1.19884411796462,1113,1423.5,0,FALSE,FALSE,FALSE
"h18_0736",1.19884852241589,1114,2172.5,0,FALSE,FALSE,FALSE
"h12_0155",1.19885857793349,1115,440.5,0,FALSE,FALSE,FALSE
"h12_0733",1.19886190019061,1116,1198.5,0,FALSE,FALSE,FALSE
"h18_0844",1.19887020645828,1117,1674,0,FALSE,FALSE,FALSE
"h12_0442",1.19888557871904,1118,1878,0.05,FALSE,FALSE,FALSE
"h06_0060",1.1988905523363,1119,1732,0,FALSE,FALSE,FALSE
"h18_0130",1.19889895487345,1120,2215,0,FALSE,FALSE,FALSE
"h06_0517",1.19891455004818,1121,1168.5,0,FALSE,FALSE,FALSE
"h18_0542",1.19891513498912,1122,821,0,FALSE,FALSE,FALSE
"h06_0433",1.19892337261393,1123,677,0,FALSE,FALSE,FALSE
"h12_0789",1.19892969436295,1124,1035,0,FALSE,FALSE,FALSE
"h06_0263",1.19893117090919,1125,1185.5,0,FALSE,FALSE,FALSE
"h06_0613",1.19893342296177,1126,871,0,FALSE,FALSE,FALSE
"h18_0176",1.19894349843463,1127,1110,0.05,FALSE,FALSE,FALSE
"h18_0816",1.19894936745384,1128,117.5,0,FALSE,FALSE,FALSE
"h06_0662",1.19896102140012,1129,1677,0,FALSE,FALSE,FALSE
"h12_0280",1.19897024886966,1130,1091,0,FALSE,FALSE,FALSE
"h18_0525",1.19897495695524,1131,792.5,0,FALSE,FALSE,FALSE
"h12_0244",1.19897644034859,1132,1268.5,0,FALSE,FALSE,FALSE
"h06_0269",1.19897753415534,1133,1806,0,FALSE,FALSE,FALSE
"h12_0628",1.19898320978392,1134,311.5,0,FALSE,FALSE,FALSE
"h18_1010",1.19899898506271,1135,2699,0,FALSE,FALSE,FALSE
"h18_0789",1.19900266194152,1136,648.5,0,FALSE,FALSE,FALSE
"h12_0845",1.19900415779075,1137,1050.5,0,FALSE,FALSE,FALSE
"h12_0477",1.19900768617453,1138,2028,0,FALSE,FALSE,FALSE
"h06_0074",1.19902082054458,1139,1712,0,FALSE,FALSE,FALSE
"h06_0600",1.19902337968725,1140,661,0,FALSE,FALSE,FALSE
"h06_0450",1.19903521121741,1141,1268.5,0,FALSE,FALSE,FALSE
"h18_0011",1.19904580727443,1142,1055.5,0,FALSE,FALSE,FALSE
"h18_0734",1.1990510810948,1143,1621.5,0,FALSE,FALSE,FALSE
"h12_0164",1.19905923541305,1144,1059,0,FALSE,FALSE,FALSE
"h06_0372",1.19905926915373,1145,873,0,FALSE,FALSE,FALSE
"h06_0775",1.19906071531254,1146,1177.5,0,FALSE,FALSE,FALSE
"h06_0764",1.19907450701556,1147,1119,0,FALSE,FALSE,FALSE
"h06_0106",1.1990822249046,1148,1126.5,0,FALSE,FALSE,FALSE
"h12_0092",1.19908660980465,1149,1785,0,FALSE,FALSE,FALSE
"h12_0146",1.1991075751227,1150,1066.5,0,FALSE,FALSE,FALSE
"h18_0732",1.19911646626143,1151,1069,0,FALSE,FALSE,FALSE
"h12_0526",1.19911729038095,1152,1425.5,0,FALSE,FALSE,FALSE
"h18_0544",1.19912285521626,1153,1806,0,FALSE,FALSE,FALSE
"h18_0989",1.19912959533904,1154,1359.5,0,FALSE,FALSE,FALSE
"h12_0147",1.19912994012483,1155,2000,0,FALSE,FALSE,FALSE
"h18_0706",1.19913791721499,1156,1641,0,FALSE,FALSE,FALSE
"h18_0423",1.19914190387543,1157,1079.5,0,FALSE,FALSE,FALSE
"h06_0335",1.19914393242012,1158,2089,0,FALSE,FALSE,FALSE
"h18_0426",1.19914889879012,1159,1266,0.05,FALSE,FALSE,FALSE
"h18_0910",1.19915011074198,1160,1084,0,FALSE,FALSE,FALSE
"h12_0490",1.19915102689474,1161,1282.5,0,FALSE,FALSE,FALSE
"h06_0933",1.19915375186716,1162,1629,0,FALSE,FALSE,FALSE
"h12_0772",1.19915827656228,1163,2022,0.05,FALSE,FALSE,FALSE
"h18_0433",1.19916409918243,1164,886.5,0,FALSE,FALSE,FALSE
"h18_0263",1.19916784395667,1165,521,0.05,FALSE,FALSE,FALSE
"h12_0034",1.19916860373034,1166,1344.5,0,FALSE,FALSE,FALSE
"h12_0562",1.19916885627668,1167,1012,0.05,FALSE,FALSE,FALSE
"h06_0551",1.19916917225184,1168,2279,0,FALSE,FALSE,FALSE
"h12_0807",1.19917273485148,1169,797.5,0,FALSE,FALSE,FALSE
"h06_0721",1.19918765999367,1170,910,0,FALSE,FALSE,FALSE
"h18_0952",1.19919105129057,1171,2109,0,FALSE,FALSE,FALSE
"h06_0956",1.19919321519975,1172,1225,0,FALSE,FALSE,FALSE
"h18_0718",1.19919535922786,1173,1097.5,0,FALSE,FALSE,FALSE
"h06_0279",1.19919557578683,1174,1060,0,FALSE,FALSE,FALSE
"h06_0598",1.19919948010982,1175,1101.5,0,FALSE,FALSE,FALSE
"h12_0197",1.19921578457178,1176,2012,0,FALSE,FALSE,FALSE
"h18_0625",1.19922271984667,1177,2073.5,0,FALSE,FALSE,FALSE
"h12_0172",1.19922384811055,1178,622,0,FALSE,FALSE,FALSE
"h18_0247",1.19922596895485,1179,2289,0,FALSE,FALSE,FALSE
"h06_0616",1.19923314124291,1180,1491,0,FALSE,FALSE,FALSE
"h12_0929",1.19923521490099,1181,2819.5,0,FALSE,FALSE,FALSE
"h18_0204",1.1992362063991,1182,1678,0,FALSE,FALSE,FALSE
"h18_0397",1.19923668474799,1183,2724,0,FALSE,FALSE,FALSE
"h12_0758",1.19924313033096,1184,1737,0,FALSE,FALSE,FALSE
"h18_0054",1.19924838672072,1185,982,0,FALSE,FALSE,FALSE
"h12_0000",1.19924942059615,1186,2292,0,FALSE,FALSE,FALSE
"h18_0586",1.19924948547982,1187,1470.5,0,FALSE,FALSE,FALSE
"h12_0821",1.19924995960222,1188,2028,0.05,FALSE,FALSE,FALSE
"h06_0308",1.19925004527091,1189,1088.5,0,FALSE,FALSE,FALSE
"h18_0058",1.19925207524294,1190,1379.5,0,FALSE,FALSE,FALSE
"h18_0150",1.19925823919645,1191,720,0,FALSE,FALSE,FALSE
"h12_0666",1.19926280875832,1192,944.5,0,FALSE,FALSE,FALSE
"h18_0747",1.19926598144573,1193,502,0,FALSE,FALSE,FALSE
"h18_0508",1.19926683374648,1194,1124,0,FALSE,FALSE,FALSE
"h06_0667",1.19926903048837,1195,1126.5,0,FALSE,FALSE,FALSE
"h18_0268",1.19927892080571,1196,2990,0,FALSE,FALSE,FALSE
"h12_0016",1.19928050170915,1197,1207,0,FALSE,FALSE,FALSE
"h06_0975",1.19928494618167,1198,182,0,FALSE,FALSE,FALSE
"h18_0498",1.19928628329508,1199,1767,0,FALSE,FALSE,FALSE
"h18_0598",1.19928778512728,1200,1294.5,0,FALSE,FALSE,FALSE
"h06_0932",1.1992884500237,1201,1671.5,0.05,FALSE,FALSE,FALSE
"h18_0040",1.19929329813978,1202,1997.5,0,FALSE,FALSE,FALSE
"h18_0577",1.19929523132068,1203,811.5,0,FALSE,FALSE,FALSE
"h18_0164",1.19929642183077,1204,1076.5,0,FALSE,FALSE,FALSE
"h06_0206",1.19929909231734,1205,2100,0,FALSE,FALSE,FALSE
"h06_0828",1.19930205976799,1206,1863,0,FALSE,FALSE,FALSE
"h12_0087",1.19930481585703,1207,922,0,FALSE,FALSE,FALSE
"h18_0950",1.19932136436057,1208,1575,0,FALSE,FALSE,FALSE
"h06_0357",1.19932369734682,1209,1744.5,0,FALSE,FALSE,FALSE
"h12_0409",1.19932627936916,1210,1011,0.05,FALSE,FALSE,FALSE
"h12_0805",1.19932775012658,1211,2358,0,FALSE,FALSE,FALSE
"h12_0690",1.19932972432798,1212,860.5,0,FALSE,FALSE,FALSE
"h06_0540",1.19933476795482,1213,1146,0,FALSE,FALSE,FALSE
"h12_0232",1.19934792403016,1214,757,0,FALSE,FALSE,FALSE
"h06_0591",1.19935389561261,1215,1984,0,FALSE,FALSE,FALSE
"h06_1016",1.19935595784593,1216,1559.5,0,FALSE,FALSE,FALSE
"h12_0345",1.19935631162718,1217,1153,0,FALSE,FALSE,FALSE
"h18_0471",1.19937750744848,1218,1524.5,0,FALSE,FALSE,FALSE
"h18_0393",1.19938204369188,1219,1271.5,0,FALSE,FALSE,FALSE
"h12_0862",1.19938472363176,1220,400.5,0,FALSE,FALSE,FALSE
"h06_0909",1.19938626821843,1221,1136,0.05,FALSE,FALSE,FALSE
"h06_0480",1.1994008570887,1222,1193,0,FALSE,FALSE,FALSE
"h18_0609",1.19940720928352,1223,1573,0,FALSE,FALSE,FALSE
"h18_0335",1.19940840583536,1224,1667.5,0,FALSE,FALSE,FALSE
"h12_0607",1.19941495246727,1225,2239.5,0,FALSE,FALSE,FALSE
"h18_0648",1.19941980186746,1226,2049,0,FALSE,FALSE,FALSE
"h12_0193",1.19942028026543,1227,1372,0,FALSE,FALSE,FALSE
"h06_0130",1.19942137848095,1228,1129,0.05,FALSE,FALSE,FALSE
"h18_0119",1.19943871359457,1229,2045,0,FALSE,FALSE,FALSE
"h18_0696",1.1994422794619,1230,1183,0,FALSE,FALSE,FALSE
"h12_0352",1.19944710946977,1231,451,0,FALSE,FALSE,FALSE
"h12_0182",1.19944934558608,1232,396.5,0,FALSE,FALSE,FALSE
"h12_0260",1.19945053202476,1233,1310,0,FALSE,FALSE,FALSE
"h18_0466",1.19946611886027,1234,2310,0,FALSE,FALSE,FALSE
"h06_0548",1.1994815580795,1235,1150.5,0,FALSE,FALSE,FALSE
"h06_0573",1.19948364636685,1236,353,0,FALSE,FALSE,FALSE
"h06_0705",1.199485049084,1237,1037,0.05,FALSE,FALSE,FALSE
"h06_0676",1.19949134634071,1238,1780,0.05,FALSE,FALSE,FALSE
"h12_0894",1.19949144165539,1239,1700.5,0,FALSE,FALSE,FALSE
"h06_0092",1.19949838692128,1240,1717,0.05,FALSE,FALSE,FALSE
"h06_0054",1.19950361063218,1241,1717,0,FALSE,FALSE,FALSE
"h18_0729",1.19950571284186,1242,705.5,0,FALSE,FALSE,FALSE
"h06_0109",1.19950669134552,1243,1155,0,FALSE,FALSE,FALSE
"h06_0153",1.19950806821494,1244,2487.5,0,FALSE,FALSE,FALSE
"h12_0411",1.19950932649,1245,2049,0,FALSE,FALSE,FALSE
"h12_0206",1.19951066119767,1246,1184,0,FALSE,FALSE,FALSE
"h18_0599",1.19952141686862,1247,1535,0,FALSE,FALSE,FALSE
"h18_0807",1.19952344387626,1248,1188,0,FALSE,FALSE,FALSE
"h18_0220",1.19952787219652,1249,2633,0,FALSE,FALSE,FALSE
"h18_0784",1.19952998253097,1250,1193,0.05,FALSE,FALSE,FALSE
"h06_0948",1.19953481655847,1251,884,0,FALSE,FALSE,FALSE
"h18_0570",1.19953788978486,1252,1351,0,FALSE,FALSE,FALSE
"h18_0994",1.19954784074027,1253,359.5,0,FALSE,FALSE,FALSE
"h18_1020",1.19955322810417,1254,1305,0,FALSE,FALSE,FALSE
"h18_0024",1.19955346317589,1255,1940,0,FALSE,FALSE,FALSE
"h06_0221",1.19955411629454,1256,2019.5,0,FALSE,FALSE,FALSE
"h06_0575",1.19956165138016,1257,2459,0,FALSE,FALSE,FALSE
"h12_0985",1.19956189290022,1258,2073.5,0,FALSE,FALSE,FALSE
"h06_0762",1.1995682146,1259,1195.5,0,FALSE,FALSE,FALSE
"h12_0604",1.19957086201257,1260,1967.5,0,FALSE,FALSE,FALSE
"h06_0634",1.19957134693149,1261,1040,0,FALSE,FALSE,FALSE
"h06_0137",1.19957567782627,1262,591.5,0,FALSE,FALSE,FALSE
"h12_0462",1.19957690196591,1263,1210,0,FALSE,FALSE,FALSE
"h18_0028",1.19957833101847,1264,1212.5,0.05,FALSE,FALSE,FALSE
"h12_0178",1.19958127430416,1265,1339,0,FALSE,FALSE,FALSE
"h18_0057",1.19958722079437,1266,1305,0,FALSE,FALSE,FALSE
"h06_0243",1.19958776477868,1267,1215,0.05,FALSE,FALSE,FALSE
"h12_0900",1.19958974853732,1268,1850,0,FALSE,FALSE,FALSE
"h12_0573",1.19959972111472,1269,1217.5,0.05,FALSE,FALSE,FALSE
"h12_0714",1.19960915095257,1270,645.5,0,FALSE,FALSE,FALSE
"h12_0388",1.19960955272292,1271,1625.5,0,FALSE,FALSE,FALSE
"h06_0173",1.19961079771735,1272,826.5,0,FALSE,FALSE,FALSE
"h12_0315",1.19962024277942,1273,1110,0,FALSE,FALSE,FALSE
"h18_0100",1.19962242730687,1274,2229,0,FALSE,FALSE,FALSE
"h18_0810",1.19962266462095,1275,1168.5,0,FALSE,FALSE,FALSE
"h18_0937",1.19962776689367,1276,2834.5,0,FALSE,FALSE,FALSE
"h18_0047",1.19963824512434,1277,2237,0,FALSE,FALSE,FALSE
"h06_0612",1.19964171325919,1278,1488.5,0,FALSE,FALSE,FALSE
"h06_0402",1.1996482701143,1279,493,0,FALSE,FALSE,FALSE
"h18_0590",1.19965428369099,1280,960.5,0.05,FALSE,FALSE,FALSE
"h18_1004",1.1996569364325,1281,1232.5,0,FALSE,FALSE,FALSE
"h12_0290",1.19966188114814,1282,906,0,FALSE,FALSE,FALSE
"h06_0739",1.19967319672853,1283,1619.5,0,FALSE,FALSE,FALSE
"h06_0087",1.19967495649934,1284,1579,0,FALSE,FALSE,FALSE
"h12_0264",1.19967805965914,1285,1245.5,0,FALSE,FALSE,FALSE
"h12_0326",1.19968466002116,1286,587.5,0.05,FALSE,FALSE,FALSE
"h12_0003",1.19968495409239,1287,1460.5,0,FALSE,FALSE,FALSE
"h06_0010",1.19968563763087,1288,1466,0,FALSE,FALSE,FALSE
"h06_0078",1.1996864383429,1289,1454.5,0,FALSE,FALSE,FALSE
"h06_0508",1.19968909917835,1290,1814,0,FALSE,FALSE,FALSE
"h12_0043",1.19969073347933,1291,1419.5,0,FALSE,FALSE,FALSE
"h12_0555",1.19969083964174,1292,1644.5,0,FALSE,FALSE,FALSE
"h18_0914",1.19969262631317,1293,701.5,0,FALSE,FALSE,FALSE
"h18_0483",1.19969407200292,1294,2084,0,FALSE,FALSE,FALSE
"h18_0211",1.19972094275523,1295,1242.5,0,FALSE,FALSE,FALSE
"h06_0304",1.1997264220665,1296,1244,0,FALSE,FALSE,FALSE
"h12_0542",1.1997442891272,1297,886.5,0,FALSE,FALSE,FALSE
"h06_0226",1.19975218907654,1298,822,0.05,FALSE,FALSE,FALSE
"h06_0597",1.1997522368512,1299,1143,0,FALSE,FALSE,FALSE
"h06_0107",1.1997534758489,1300,548,0,FALSE,FALSE,FALSE
"h12_0177",1.19975551217567,1301,1063.5,0.05,FALSE,FALSE,FALSE
"h12_0258",1.19975982209045,1302,1536.5,0,FALSE,FALSE,FALSE
"h12_0389",1.19976846351243,1303,2276.5,0,FALSE,FALSE,FALSE
"h18_0583",1.19976938121238,1304,658.5,0,FALSE,FALSE,FALSE
"h18_0815",1.1997891588472,1305,1248,0,FALSE,FALSE,FALSE
"h06_0493",1.19979904831147,1306,1332.5,0,FALSE,FALSE,FALSE
"h06_0936",1.19981044156866,1307,1834,0,FALSE,FALSE,FALSE
"h12_0278",1.19981069646921,1308,1438,0,FALSE,FALSE,FALSE
"h06_0387",1.19981322390424,1309,1880,0,FALSE,FALSE,FALSE
"h06_0150",1.19981677425214,1310,299,0,FALSE,FALSE,FALSE
"h06_0142",1.19982083478526,1311,2158,0,FALSE,FALSE,FALSE
"h12_0510",1.1998218524505,1312,1664,0.05,FALSE,FALSE,FALSE
"h18_0179",1.19982324530827,1313,1341,0,FALSE,FALSE,FALSE
"h12_0406",1.19982449382806,1314,1106,0,FALSE,FALSE,FALSE
"h06_0352",1.19983239909486,1315,1895.5,0,FALSE,FALSE,FALSE
"h06_0976",1.1998342154417,1316,1076.5,0,FALSE,FALSE,FALSE
"h18_1007",1.19984332841539,1317,2358,0,FALSE,FALSE,FALSE
"h06_0782",1.19985375998997,1318,1271.5,0.05,FALSE,FALSE,FALSE
"h12_0433",1.19985587445961,1319,770,0,FALSE,FALSE,FALSE
"h12_0744",1.19985872298856,1320,1652,0,FALSE,FALSE,FALSE
"h12_0928",1.19985940786264,1321,344,0,FALSE,FALSE,FALSE
"h06_0734",1.19986163476054,1322,888.5,0,FALSE,FALSE,FALSE
"h12_0956",1.1998663581617,1323,1205,0,FALSE,FALSE,FALSE
"h12_0136",1.19986738440068,1324,1188,0,FALSE,FALSE,FALSE
"h18_0240",1.199891943486,1325,1082.5,0,FALSE,FALSE,FALSE
"h12_0377",1.19989516065017,1326,1015.5,0,FALSE,FALSE,FALSE
"h12_0174",1.19989565285268,1327,1286,0.05,FALSE,FALSE,FALSE
"h18_0855",1.19989614601066,1328,896.5,0,FALSE,FALSE,FALSE
"h06_0520",1.1998989905687,1329,560.5,0,FALSE,FALSE,FALSE
"h18_0034",1.19990078255462,1330,1063.5,0,FALSE,FALSE,FALSE
"h18_0860",1.19990675103613,1331,2549,0,FALSE,FALSE,FALSE
"h18_1018",1.19990937328714,1332,1648.5,0.05,FALSE,FALSE,FALSE
"h06_0319",1.19991206470307,1333,952,0,FALSE,FALSE,FALSE
"h18_0884",1.19992053836096,1334,1411.5,0,FALSE,FALSE,FALSE
"h12_0599",1.19992841341473,1335,1373.5,0,FALSE,FALSE,FALSE
"h06_0554",1.19993187392081,1336,1369,0,FALSE,FALSE,FALSE
"h06_0126",1.19993448740007,1337,1607,0,FALSE,FALSE,FALSE
"h18_0045",1.19993869378428,1338,1311.5,0,FALSE,FALSE,FALSE
"h18_0529",1.19994169228696,1339,1632,0,FALSE,FALSE,FALSE
"h06_0023",1.19994228739888,1340,1314.5,0,FALSE,FALSE,FALSE
"h18_0246",1.19995336289747,1341,2428,0.05,FALSE,FALSE,FALSE
"h18_0629",1.1999578838585,1342,1254.5,0,FALSE,FALSE,FALSE
"h06_0790",1.19996405540702,1343,1296,0,FALSE,FALSE,FALSE
"h12_0574",1.19996415759305,1344,1405,0,FALSE,FALSE,FALSE
"h12_0920",1.19996493458846,1345,1291,0.05,FALSE,FALSE,FALSE
"h18_0962",1.19996746316167,1346,1460.5,0.05,FALSE,FALSE,FALSE
"h06_0399",1.19997170120951,1347,1302.5,0,FALSE,FALSE,FALSE
"h06_0395",1.19998139053235,1348,1305,0,FALSE,FALSE,FALSE
"h18_0061",1.19999178495613,1349,1307,0,FALSE,FALSE,FALSE
"h06_0026",1.19999480687172,1350,2096,0,FALSE,FALSE,FALSE
"h18_0757",1.19999769585669,1351,440.5,0.05,FALSE,FALSE,FALSE
"h12_0516",1.20001510346818,1352,2333,0,FALSE,FALSE,FALSE
"h12_0073",1.20002353913853,1353,1411.5,0,FALSE,FALSE,FALSE
"h18_0033",1.20003210110122,1354,1311.5,0.05,FALSE,FALSE,FALSE
"h18_0195",1.20003423459517,1355,1694.5,0,FALSE,FALSE,FALSE
"h06_1002",1.20003687733542,1356,1131.5,0,FALSE,FALSE,FALSE
"h12_0633",1.20004851377459,1357,129.5,0,FALSE,FALSE,FALSE
"h06_0973",1.20005486214127,1358,1725.5,0,FALSE,FALSE,FALSE
"h06_0422",1.20007581473512,1359,2573.5,0,FALSE,FALSE,FALSE
"h18_0425",1.20007927351845,1360,1174.5,0.05,FALSE,FALSE,FALSE
"h18_0849",1.2000813260978,1361,693,0,FALSE,FALSE,FALSE
"h06_0525",1.20008622065301,1362,1289,0,FALSE,FALSE,FALSE
"h06_0155",1.20009876981367,1363,787.5,0.05,FALSE,FALSE,FALSE
"h06_0561",1.20012776049358,1364,412,0,FALSE,FALSE,FALSE
"h12_0783",1.20013381887367,1365,1809.5,0,FALSE,FALSE,FALSE
"h18_0120",1.2001385470758,1366,1258.5,0,FALSE,FALSE,FALSE
"h06_0331",1.20014478187359,1367,444,0.05,FALSE,FALSE,FALSE
"h12_0752",1.20014695560648,1368,1611.5,0,FALSE,FALSE,FALSE
"h12_0958",1.20014840129307,1369,1308.5,0,FALSE,FALSE,FALSE
"h18_0089",1.20015131743142,1370,363,0.05,FALSE,FALSE,FALSE
"h18_0504",1.2001537087043,1371,960.5,0.05,FALSE,FALSE,FALSE
"h12_0878",1.20015616004212,1372,1266,0,FALSE,FALSE,FALSE
"h12_0247",1.20016817683843,1373,1419.5,0,FALSE,FALSE,FALSE
"h12_1018",1.20017070289007,1374,2570,0,FALSE,FALSE,FALSE
"h12_0509",1.20018146956788,1375,2882,0,FALSE,FALSE,FALSE
"h18_0114",1.20019495739633,1376,2751,0,FALSE,FALSE,FALSE
"h18_0990",1.20019872395316,1377,582.5,0,FALSE,FALSE,FALSE
"h06_0412",1.20021789047173,1378,807,0.05,FALSE,FALSE,FALSE
"h18_0379",1.20021829163707,1379,700,0,FALSE,FALSE,FALSE
"h06_0326",1.20022038043275,1380,1427,0,FALSE,FALSE,FALSE
"h18_0083",1.20022368732847,1381,535,0,FALSE,FALSE,FALSE
"h18_0127",1.20022709633098,1382,2362.5,0,FALSE,FALSE,FALSE
"h18_0496",1.20023157718329,1383,1952,0.05,FALSE,FALSE,FALSE
"h12_0108",1.20023354127941,1384,1431.5,0,FALSE,FALSE,FALSE
"h18_0109",1.20023510932576,1385,2217.5,0,FALSE,FALSE,FALSE
"h06_0170",1.20025528137606,1386,1347.5,0,FALSE,FALSE,FALSE
"h18_0213",1.20025847021579,1387,2245.5,0,FALSE,FALSE,FALSE
"h06_0669",1.20026963206517,1388,1347.5,0,FALSE,FALSE,FALSE
"h12_0645",1.20027209188942,1389,1540,0,FALSE,FALSE,FALSE
"h18_0788",1.2002748700514,1390,1788,0,FALSE,FALSE,FALSE
"h06_0854",1.2002883753738,1391,1655,0,FALSE,FALSE,FALSE
"h12_0124",1.20029371039138,1392,1785,0,FALSE,FALSE,FALSE
"h12_0963",1.20030014301716,1393,1361.5,0,FALSE,FALSE,FALSE
"h12_0072",1.20030335725705,1394,1593.5,0,FALSE,FALSE,FALSE
"h12_0823",1.20030379392812,1395,2577.5,0,FALSE,FALSE,FALSE
"h12_0639",1.20030452653536,1396,1843,0,FALSE,FALSE,FALSE
"h06_0203",1.20030609920122,1397,2032.5,0,FALSE,FALSE,FALSE
"h18_0217",1.20031140272478,1398,1113,0,FALSE,FALSE,FALSE
"h06_0140",1.20031206576959,1399,1576,0,FALSE,FALSE,FALSE
"h18_0741",1.2003219220828,1400,939.5,0.05,FALSE,FALSE,FALSE
"h06_0454",1.20032365787179,1401,1431.5,0,FALSE,FALSE,FALSE
"h06_0668",1.20032932052265,1402,1365,0,FALSE,FALSE,FALSE
"h12_0871",1.2003323403419,1403,874.5,0,FALSE,FALSE,FALSE
"h06_0160",1.20033871946421,1404,824.5,0.05,FALSE,FALSE,FALSE
"h12_0925",1.20034595787126,1405,977,0,FALSE,FALSE,FALSE
"h12_0225",1.20034771896137,1406,679,0,FALSE,FALSE,FALSE
"h18_0482",1.20035041452095,1407,2899.5,0,FALSE,FALSE,FALSE
"h06_0922",1.20035218478824,1408,1546.5,0,FALSE,FALSE,FALSE
"h12_0738",1.20036165701662,1409,2196,0,FALSE,FALSE,FALSE
"h06_1003",1.2003659279615,1410,1476.5,0,FALSE,FALSE,FALSE
"h12_0717",1.2003688500557,1411,880.5,0,FALSE,FALSE,FALSE
"h12_0188",1.20036887995785,1412,1337.5,0,FALSE,FALSE,FALSE
"h12_0019",1.20037217950628,1413,1526.5,0,FALSE,FALSE,FALSE
"h06_0125",1.20039071576839,1414,2068.5,0,FALSE,FALSE,FALSE
"h06_0295",1.20039330611276,1415,2597,0,FALSE,FALSE,FALSE
"h06_0963",1.20039957595239,1416,2851.5,0,FALSE,FALSE,FALSE
"h06_0899",1.2004129949278,1417,1992,0,FALSE,FALSE,FALSE
"h12_0469",1.20041327462097,1418,647,0,FALSE,FALSE,FALSE
"h06_0339",1.20042081236853,1419,1833,0,FALSE,FALSE,FALSE
"h18_0717",1.20042196317775,1420,752.5,0,FALSE,FALSE,FALSE
"h12_0591",1.20042713174551,1421,1388.5,0,FALSE,FALSE,FALSE
"h18_1017",1.20045889460132,1422,1804,0.05,FALSE,FALSE,FALSE
"h12_0520",1.2004680283345,1423,1394,0,FALSE,FALSE,FALSE
"h18_0332",1.20047093273839,1424,2080,0,FALSE,FALSE,FALSE
"h06_0453",1.20047581369026,1425,1508.5,0,FALSE,FALSE,FALSE
"h12_0042",1.20048685773033,1426,2399.5,0,FALSE,FALSE,FALSE
"h18_0961",1.20050473706191,1427,2677.5,0,FALSE,FALSE,FALSE
"h18_0944",1.20050844908352,1428,1070,0,FALSE,FALSE,FALSE
"h06_0619",1.20051617305964,1429,2179,0.05,FALSE,FALSE,FALSE
"h18_0653",1.20051639338201,1430,920,0,FALSE,FALSE,FALSE
"h06_0680",1.20051758688704,1431,1690.5,0,FALSE,FALSE,FALSE
"h06_0290",1.20052230436391,1432,2736,0,FALSE,FALSE,FALSE
"h06_0870",1.20053116524117,1433,1557.5,0,FALSE,FALSE,FALSE
"h06_0960",1.20053475655525,1434,842,0.05,FALSE,FALSE,FALSE
"h18_0946",1.2005350549159,1435,1409.5,0.05,FALSE,FALSE,FALSE
"h12_0036",1.20054014025982,1436,110,0.05,FALSE,FALSE,FALSE
"h06_0389",1.20054096212688,1437,90.5,0,FALSE,FALSE,FALSE
"h18_0864",1.20054314591956,1438,1595,0,FALSE,FALSE,FALSE
"h12_0844",1.20054903713305,1439,1413.5,0,FALSE,FALSE,FALSE
"h06_0278",1.20055564831765,1440,1530,0,FALSE,FALSE,FALSE
"h18_0607",1.20056004337983,1441,187,0,FALSE,FALSE,FALSE
"h12_0547",1.20056453013702,1442,1381.5,0,FALSE,FALSE,FALSE
"h06_0978",1.20056620444169,1443,1409.5,0,FALSE,FALSE,FALSE
"h12_0667",1.20057703970257,1444,408,0,FALSE,FALSE,FALSE
"h12_0408",1.20057758560931,1445,2310,0,FALSE,FALSE,FALSE
"h12_0959",1.2005809490932,1446,2321.5,0,FALSE,FALSE,FALSE
"h12_0612",1.20058575318612,1447,2386.5,0,FALSE,FALSE,FALSE
"h12_0091",1.20058770685666,1448,2898,0,FALSE,FALSE,FALSE
"h18_0269",1.2005887003587,1449,2947,0,FALSE,FALSE,FALSE
"h12_0603",1.20060620480425,1450,1334.5,0,FALSE,FALSE,FALSE
"h06_0428",1.20060635263805,1451,189,0,FALSE,FALSE,FALSE
"h06_0924",1.20061132278872,1452,2514,0.05,FALSE,FALSE,FALSE
"h06_0421",1.20061342986063,1453,1097.5,0,FALSE,FALSE,FALSE
"h06_0204",1.20061867262324,1454,726.5,0,FALSE,FALSE,FALSE
"h12_0051",1.20062215330492,1455,1251,0,FALSE,FALSE,FALSE
"h06_0761",1.20062462737971,1456,1783,0.05,FALSE,FALSE,FALSE
"h12_0644",1.2006287357998,1457,701.5,0.1,FALSE,FALSE,FALSE
"h06_0882",1.20063202462621,1458,2135,0,FALSE,FALSE,FALSE
"h18_0833",1.20063343241317,1459,2015,0,FALSE,FALSE,FALSE
"h12_0932",1.2006496928453,1460,3069,0,FALSE,FALSE,FALSE
"h18_0180",1.20064972867744,1461,2179,0,FALSE,FALSE,FALSE
"h18_0233",1.20065625574805,1462,1468.5,0,FALSE,FALSE,FALSE
"h12_0774",1.20066096935966,1463,1134.5,0,FALSE,FALSE,FALSE
"h18_0558",1.20066397111983,1464,1440.5,0,FALSE,FALSE,FALSE
"h12_0616",1.20067157699409,1465,1499.5,0,FALSE,FALSE,FALSE
"h06_0378",1.20067428478071,1466,1443.5,0,FALSE,FALSE,FALSE
"h18_0084",1.2006869692636,1467,1370.5,0,FALSE,FALSE,FALSE
"h18_0457",1.20069259620389,1468,1940,0,FALSE,FALSE,FALSE
"h18_0165",1.20069586891188,1469,1104,0,FALSE,FALSE,FALSE
"h12_0688",1.2007047833329,1470,747.5,0,FALSE,FALSE,FALSE
"h18_0754",1.20070549848846,1471,1342.5,0,FALSE,FALSE,FALSE
"h06_0434",1.2007112273411,1472,587.5,0.05,FALSE,FALSE,FALSE
"h12_0725",1.20071505351341,1473,2055,0,FALSE,FALSE,FALSE
"h06_0651",1.20072472704424,1474,1868,0,FALSE,FALSE,FALSE
"h12_0105",1.20072728231128,1475,2040,0.1,FALSE,FALSE,FALSE
"h06_0629",1.20073523911325,1476,1457.5,0,FALSE,FALSE,FALSE
"h12_0350",1.20074772558443,1477,1460.5,0,FALSE,FALSE,FALSE
"h12_0269",1.20075013299158,1478,1463.5,0,FALSE,FALSE,FALSE
"h18_0514",1.20076743916701,1479,1667.5,0,FALSE,FALSE,FALSE
"h18_0486",1.20077016129136,1480,2208,0,FALSE,FALSE,FALSE
"h18_0776",1.20077513051128,1481,1220,0,FALSE,FALSE,FALSE
"h06_0391",1.20077685641796,1482,2726,0,FALSE,FALSE,FALSE
"h12_0324",1.20077747654161,1483,2433,0,FALSE,FALSE,FALSE
"h18_0735",1.20078182150563,1484,1652,0,FALSE,FALSE,FALSE
"h12_0347",1.20078502629669,1485,1858,0,FALSE,FALSE,FALSE
"h06_0007",1.20078517793316,1486,1946.5,0,FALSE,FALSE,FALSE
"h06_0810",1.20078943328617,1487,1918.5,0,FALSE,FALSE,FALSE
"h12_0993",1.20080315411209,1488,1563,0,FALSE,FALSE,FALSE
"h18_0299",1.20080352108887,1489,2380.5,0,FALSE,FALSE,FALSE
"h06_0872",1.20080868882958,1490,1801.5,0.05,FALSE,FALSE,FALSE
"h06_0088",1.20082735882055,1491,935,0,FALSE,FALSE,FALSE
"h06_0538",1.20083019268435,1492,1494,0.05,FALSE,FALSE,FALSE
"h18_0474",1.20083047505512,1493,1481.5,0,FALSE,FALSE,FALSE
"h06_0053",1.20084420315954,1494,1483,0,FALSE,FALSE,FALSE
"h06_0607",1.20085086793655,1495,684,0.05,FALSE,FALSE,FALSE
"h18_0462",1.20085463851786,1496,1880,0,FALSE,FALSE,FALSE
"h12_0866",1.20085587597319,1497,1282.5,0,FALSE,FALSE,FALSE
"h18_0403",1.20085672181239,1498,982,0,FALSE,FALSE,FALSE
"h18_0121",1.20085770392644,1499,1376,0.05,FALSE,FALSE,FALSE
"h12_0127",1.20086535520362,1500,402.5,0,FALSE,FALSE,FALSE
"h12_0655",1.20086692093629,1501,2211.5,0,FALSE,FALSE,FALSE
"h06_0169",1.20087309247999,1502,1847,0,FALSE,FALSE,FALSE
"h18_0613",1.20087718570881,1503,1684,0,FALSE,FALSE,FALSE
"h06_0334",1.20088615571788,1504,2058.5,0,FALSE,FALSE,FALSE
"h12_0298",1.20089058273077,1505,1486.5,0,FALSE,FALSE,FALSE
"h18_0318",1.20089378235534,1506,1532.5,0,FALSE,FALSE,FALSE
"h18_0763",1.20090512105983,1507,2175,0,FALSE,FALSE,FALSE
"h12_0635",1.20091549238627,1508,2452,0.05,FALSE,FALSE,FALSE
"h06_0800",1.20092419701649,1509,469.5,0,FALSE,FALSE,FALSE
"h18_0052",1.20092515622199,1510,947.5,0,FALSE,FALSE,FALSE
"h06_0477",1.20092795075225,1511,2297.5,0,FALSE,FALSE,FALSE
"h06_0132",1.20092889334171,1512,1324,0,FALSE,FALSE,FALSE
"h12_0651",1.20095057432011,1513,1298,0,FALSE,FALSE,FALSE
"h06_0905",1.20095576669949,1514,551,0,FALSE,FALSE,FALSE
"h18_0027",1.20095885585748,1515,577,0,FALSE,FALSE,FALSE
"h18_0465",1.20096047097584,1516,1585,0,FALSE,FALSE,FALSE
"h18_0856",1.20096242288419,1517,985,0,FALSE,FALSE,FALSE
"h12_0827",1.20096753358951,1518,1512,0,FALSE,FALSE,FALSE
"h18_0331",1.20096855359254,1519,1685.5,0,FALSE,FALSE,FALSE
"h06_0119",1.20096889789652,1520,2062.5,0,FALSE,FALSE,FALSE
"h12_0201",1.20097314384224,1521,1614,0,FALSE,FALSE,FALSE
"h12_0911",1.20097689225499,1522,1481.5,0,FALSE,FALSE,FALSE
"h12_0793",1.20097750615894,1523,1153,0,FALSE,FALSE,FALSE
"h06_0115",1.20098739685404,1524,1234,0,FALSE,FALSE,FALSE
"h06_0213",1.20100334209258,1525,1288,0,FALSE,FALSE,FALSE
"h12_0534",1.20100606167978,1526,1829.5,0.05,FALSE,FALSE,FALSE
"h06_0701",1.2010095866448,1527,1521,0,FALSE,FALSE,FALSE
"h06_0610",1.2010103234149,1528,1232.5,0,FALSE,FALSE,FALSE
"h12_0338",1.2010136406828,1529,1785,0,FALSE,FALSE,FALSE
"h12_0370",1.20102322975181,1530,1732,0.05,FALSE,FALSE,FALSE
"h12_0139",1.20102507538866,1531,2702.5,0,FALSE,FALSE,FALSE
"h12_0419",1.20102811329465,1532,912,0,FALSE,FALSE,FALSE
"h12_0132",1.20102839265845,1533,1528.5,0.05,FALSE,FALSE,FALSE
"h06_0056",1.20103262268749,1534,1719.5,0,FALSE,FALSE,FALSE
"h12_0440",1.20103534262045,1535,2127.5,0,FALSE,FALSE,FALSE
"h18_0623",1.20104425406254,1536,1934,0,FALSE,FALSE,FALSE
"h18_0223",1.20105147766886,1537,2282,0,FALSE,FALSE,FALSE
"h18_0280",1.2010516892825,1538,1687,0,FALSE,FALSE,FALSE
"h12_0085",1.20105244901549,1539,1531,0,FALSE,FALSE,FALSE
"h06_0650",1.20105641196827,1540,1776.5,0.05,FALSE,FALSE,FALSE
"h06_0951",1.20105850558068,1541,2862,0,FALSE,FALSE,FALSE
"h12_0035",1.20107158664191,1542,678,0,FALSE,FALSE,FALSE
"h18_0196",1.20107806869602,1543,1898.5,0,FALSE,FALSE,FALSE
"h18_0320",1.20108037566243,1544,967,0,FALSE,FALSE,FALSE
"h18_0262",1.20108749043415,1545,1563,0,FALSE,FALSE,FALSE
"h12_0663",1.20108995161856,1546,637,0,FALSE,FALSE,FALSE
"h12_0679",1.20109121816364,1547,1298,0,FALSE,FALSE,FALSE
"h06_0262",1.2010930163324,1548,1700.5,0,FALSE,FALSE,FALSE
"h18_0480",1.20109766401484,1549,2184.5,0,FALSE,FALSE,FALSE
"h18_0823",1.20110434488225,1550,1937.5,0,FALSE,FALSE,FALSE
"h06_0576",1.20111373950454,1551,1032.5,0,FALSE,FALSE,FALSE
"h18_0339",1.20112670174065,1552,1544,0,FALSE,FALSE,FALSE
"h18_0771",1.2011268002135,1553,1887,0,FALSE,FALSE,FALSE
"h06_0807",1.20112923873442,1554,2543.5,0,FALSE,FALSE,FALSE
"h18_0618",1.20114130752809,1555,965,0,FALSE,FALSE,FALSE
"h18_0401",1.20115954385757,1556,1552,0.05,FALSE,FALSE,FALSE
"h18_0657",1.20116621778803,1557,549.5,0,FALSE,FALSE,FALSE
"h06_0058",1.20117809140066,1558,1148.5,0,FALSE,FALSE,FALSE
"h18_0290",1.20119158987516,1559,841,0.05,FALSE,FALSE,FALSE
"h06_0877",1.20119176528863,1560,1741,0,FALSE,FALSE,FALSE
"h18_0943",1.20119398795903,1561,673,0,FALSE,FALSE,FALSE
"h06_0112",1.20120135380319,1562,2139.5,0,FALSE,FALSE,FALSE
"h06_0857",1.20121043311008,1563,1599.5,0,FALSE,FALSE,FALSE
"h18_0029",1.20121508083506,1564,1438,0,FALSE,FALSE,FALSE
"h12_0741",1.20122422445449,1565,1277,0.05,FALSE,FALSE,FALSE
"h18_0012",1.20122433499238,1566,1491,0,FALSE,FALSE,FALSE
"h06_0700",1.20122470319004,1567,1561,0,FALSE,FALSE,FALSE
"h18_0327",1.20124540728995,1568,1460.5,0,FALSE,FALSE,FALSE
"h12_0126",1.20125322001396,1569,1566,0,FALSE,FALSE,FALSE
"h06_0396",1.2012602015921,1570,1298,0.05,FALSE,FALSE,FALSE
"h06_0977",1.20126191597694,1571,1007.5,0,FALSE,FALSE,FALSE
"h12_0294",1.201262926588,1572,1579,0,FALSE,FALSE,FALSE
"h18_0244",1.20126990842344,1573,844,0,FALSE,FALSE,FALSE
"h06_1006",1.2012798932733,1574,2368.5,0,FALSE,FALSE,FALSE
"h18_0837",1.20128155786981,1575,1392,0,FALSE,FALSE,FALSE
"h06_0492",1.20128183193304,1576,2124.5,0,FALSE,FALSE,FALSE
"h12_0306",1.2012827036306,1577,985,0,FALSE,FALSE,FALSE
"h06_0783",1.20128528878481,1578,1397,0,FALSE,FALSE,FALSE
"h18_0893",1.20128750691336,1579,1591,0,FALSE,FALSE,FALSE
"h12_0685",1.20129235125535,1580,2796,0,FALSE,FALSE,FALSE
"h06_0649",1.20129351196545,1581,192.5,0,FALSE,FALSE,FALSE
"h06_0518",1.20129439711919,1582,2049,0,FALSE,FALSE,FALSE
"h12_0664",1.20129961204033,1583,1402.5,0,FALSE,FALSE,FALSE
"h18_0945",1.20129967337163,1584,1570.5,0,FALSE,FALSE,FALSE
"h12_0898",1.20130388416912,1585,347,0,FALSE,FALSE,FALSE
"h18_0842",1.20130547615932,1586,1994,0,FALSE,FALSE,FALSE
"h12_0830",1.20131891684764,1587,1597.5,0,FALSE,FALSE,FALSE
"h06_0216",1.20132235003961,1588,2613,0,FALSE,FALSE,FALSE
"h18_0374",1.20132251546449,1589,1900.5,0,FALSE,FALSE,FALSE
"h18_0649",1.20134327149182,1590,2016,0,FALSE,FALSE,FALSE
"h12_0375",1.20134597875566,1591,1549,0,FALSE,FALSE,FALSE
"h18_0406",1.2013478365598,1592,1340,0,FALSE,FALSE,FALSE
"h18_0013",1.20134928779454,1593,964,0,FALSE,FALSE,FALSE
"h06_0535",1.20135872741103,1594,1536.5,0.05,FALSE,FALSE,FALSE
"h18_0032",1.20136455326589,1595,1258.5,0,FALSE,FALSE,FALSE
"h18_0630",1.20136577458407,1596,2181,0,FALSE,FALSE,FALSE
"h12_0859",1.20137106101632,1597,602,0,FALSE,FALSE,FALSE
"h06_1022",1.20137688329147,1598,1674,0,FALSE,FALSE,FALSE
"h18_0333",1.20137824474579,1599,1602,0,FALSE,FALSE,FALSE
"h06_0461",1.20138496216006,1600,1800,0,FALSE,FALSE,FALSE
"h06_0757",1.2013860871545,1601,1090,0,FALSE,FALSE,FALSE
"h18_0390",1.20139236973712,1602,824.5,0,FALSE,FALSE,FALSE
"h12_0075",1.20139466338675,1603,490.5,0,FALSE,FALSE,FALSE
"h06_0817",1.20139509617977,1604,639,0,FALSE,FALSE,FALSE
"h12_1011",1.20139910481877,1605,2166.5,0,FALSE,FALSE,FALSE
"h06_0000",1.20140532408014,1606,1629,0,FALSE,FALSE,FALSE
"h12_0506",1.20141117000124,1607,293.5,0,FALSE,FALSE,FALSE
"h18_0593",1.20141665197441,1608,1617,0,FALSE,FALSE,FALSE
"h12_0809",1.20142099802061,1609,2626,0,FALSE,FALSE,FALSE
"h18_0020",1.20142191920116,1610,1226,0,FALSE,FALSE,FALSE
"h06_0784",1.20142679968027,1611,2208,0,FALSE,FALSE,FALSE
"h18_0166",1.2014304087509,1612,1621.5,0,FALSE,FALSE,FALSE
"h12_0648",1.20143291124075,1613,1873.5,0,FALSE,FALSE,FALSE
"h18_0758",1.20143714519638,1614,1413.5,0,FALSE,FALSE,FALSE
"h18_0188",1.20144845995126,1615,1897,0,FALSE,FALSE,FALSE
"h18_0751",1.20145227459128,1616,1429,0,FALSE,FALSE,FALSE
"h06_0558",1.20145391733213,1617,2289,0,FALSE,FALSE,FALSE
"h18_0663",1.20145539715749,1618,671.5,0.05,FALSE,FALSE,FALSE
"h18_0395",1.20146651477094,1619,2225,0,FALSE,FALSE,FALSE
"h06_0176",1.20147101608682,1620,942.5,0,FALSE,FALSE,FALSE
"h18_0261",1.20148061436542,1621,1974.5,0,FALSE,FALSE,FALSE
"h12_0062",1.20149642845327,1622,1400.5,0,FALSE,FALSE,FALSE
"h12_0056",1.20150697526441,1623,1940,0,FALSE,FALSE,FALSE
"h06_0884",1.20151284311855,1624,1313,0,FALSE,FALSE,FALSE
"h06_0941",1.20151944563528,1625,1034,0,FALSE,FALSE,FALSE
"h12_0721",1.20152016254794,1626,1638,0.05,FALSE,FALSE,FALSE
"h12_0553",1.20152138306564,1627,2259.5,0,FALSE,FALSE,FALSE
"h06_0035",1.20152157748488,1628,1138,0,FALSE,FALSE,FALSE
"h12_0852",1.20152418188871,1629,2543.5,0,FALSE,FALSE,FALSE
"h12_0163",1.20152515873747,1630,1642,0,FALSE,FALSE,FALSE
"h12_0083",1.2015282284764,1631,2774.5,0,FALSE,FALSE,FALSE
"h12_0785",1.20153890291862,1632,1644.5,0,FALSE,FALSE,FALSE
"h06_0961",1.20153948522626,1633,2405,0,FALSE,FALSE,FALSE
"h12_0593",1.20154102333262,1634,1555,0,FALSE,FALSE,FALSE
"h12_0276",1.20154147836163,1635,1632,0,FALSE,FALSE,FALSE
"h12_0217",1.20154930092225,1636,2111.5,0,FALSE,FALSE,FALSE
"h18_0687",1.20155857985641,1637,1081,0,FALSE,FALSE,FALSE
"h18_0273",1.20157130718805,1638,735,0,FALSE,FALSE,FALSE
"h18_0470",1.2015717470564,1639,1652,0,FALSE,FALSE,FALSE
"h06_0615",1.20157527775204,1640,1970.5,0,FALSE,FALSE,FALSE
"h12_0015",1.20157745657411,1641,2201.5,0,FALSE,FALSE,FALSE
"h06_0397",1.20158448098636,1642,1656.5,0,FALSE,FALSE,FALSE
"h06_0143",1.20159094964399,1643,1794,0.05,FALSE,FALSE,FALSE
"h18_0646",1.20160997824938,1644,1986.5,0,FALSE,FALSE,FALSE
"h12_1012",1.20161945804594,1645,555,0,FALSE,FALSE,FALSE
"h06_0707",1.20163641427765,1646,1714,0,FALSE,FALSE,FALSE
"h18_0276",1.20163764582371,1647,406.5,0,FALSE,FALSE,FALSE
"h12_0021",1.20163873693784,1648,1710.5,0,FALSE,FALSE,FALSE
"h18_0871",1.20164713833801,1649,1667.5,0,FALSE,FALSE,FALSE
"h18_0949",1.20164813395566,1650,1329,0,FALSE,FALSE,FALSE
"h12_0285",1.20165546216628,1651,1670,0.05,FALSE,FALSE,FALSE
"h18_0991",1.20165592165656,1652,695.5,0,FALSE,FALSE,FALSE
"h18_0671",1.20166891487912,1653,2343.5,0,FALSE,FALSE,FALSE
"h06_0406",1.20167079248839,1654,1752.5,0,FALSE,FALSE,FALSE
"h06_0118",1.20167583736349,1655,671.5,0,FALSE,FALSE,FALSE
"h12_0825",1.20167988524859,1656,1052,0,FALSE,FALSE,FALSE
"h12_0595",1.20169113503235,1657,707,0.05,FALSE,FALSE,FALSE
"h12_0486",1.20170252961554,1658,1555,0,FALSE,FALSE,FALSE
"h18_0442",1.20170458835382,1659,2229,0,FALSE,FALSE,FALSE
"h06_0818",1.20170536266147,1660,212,0,FALSE,FALSE,FALSE
"h12_0165",1.20170699193028,1661,2398,0,FALSE,FALSE,FALSE
"h12_0214",1.20171166045431,1662,1284.5,0,FALSE,FALSE,FALSE
"h06_0261",1.20171777320343,1663,2327,0.05,FALSE,FALSE,FALSE
"h12_0024",1.201718250461,1664,1280.5,0,FALSE,FALSE,FALSE
"h06_0371",1.20172246259981,1665,1688,0.05,FALSE,FALSE,FALSE
"h12_0730",1.20172309657288,1666,2689.5,0,FALSE,FALSE,FALSE
"h18_0369",1.20173440301001,1667,1694.5,0,FALSE,FALSE,FALSE
"h12_0983",1.20173520892785,1668,482,0,FALSE,FALSE,FALSE
"h12_0425",1.20174388337726,1669,784,0,FALSE,FALSE,FALSE
"h18_0313",1.2017509341429,1670,1727.5,0,FALSE,FALSE,FALSE
"h12_0257",1.20176608699232,1671,1271.5,0,FALSE,FALSE,FALSE
"h12_0832",1.20177173992584,1672,1704,0,FALSE,FALSE,FALSE
"h12_0624",1.20177815450273,1673,2360,0,FALSE,FALSE,FALSE
"h12_0665",1.20181078070787,1674,1478,0,FALSE,FALSE,FALSE
"h06_0867",1.20182154499616,1675,1793,0,FALSE,FALSE,FALSE
"h12_0927",1.20182170848516,1676,1708.5,0,FALSE,FALSE,FALSE
"h12_0600",1.20182515306717,1677,1710.5,0,FALSE,FALSE,FALSE
"h06_1021",1.20183970496732,1678,2453,0,FALSE,FALSE,FALSE
"h12_0226",1.20184085729743,1679,2468.5,0,FALSE,FALSE,FALSE
"h18_0554",1.20184582775106,1680,1713,0,FALSE,FALSE,FALSE
"h12_0004",1.2018459926798,1681,2489,0,FALSE,FALSE,FALSE
"h12_0861",1.20184902970822,1682,1768,0,FALSE,FALSE,FALSE
"h06_0496",1.20184932636651,1683,2384,0,FALSE,FALSE,FALSE
"h18_0928",1.20186005940349,1684,1042.5,0,FALSE,FALSE,FALSE
"h06_0993",1.20186118087642,1685,2579.5,0,FALSE,FALSE,FALSE
"h06_0777",1.20188591647575,1686,1717,0,FALSE,FALSE,FALSE
"h18_0626",1.20188670688041,1687,944.5,0,FALSE,FALSE,FALSE
"h06_0327",1.20188686223955,1688,955.5,0,FALSE,FALSE,FALSE
"h12_0494",1.20189085750939,1689,658.5,0,FALSE,FALSE,FALSE
"h18_0476",1.20191657994631,1690,1519,0,FALSE,FALSE,FALSE
"h12_0847",1.20191893835926,1691,907.5,0,FALSE,FALSE,FALSE
"h18_0588",1.20192113162574,1692,1976.5,0,FALSE,FALSE,FALSE
"h12_0295",1.20193289164481,1693,1821.5,0,FALSE,FALSE,FALSE
"h06_0776",1.20193835086541,1694,1591,0.05,FALSE,FALSE,FALSE
"h06_0121",1.20193923431185,1695,2330.5,0,FALSE,FALSE,FALSE
"h12_0010",1.20194506058556,1696,1729.5,0,FALSE,FALSE,FALSE
"h18_0228",1.20195016584656,1697,911,0,FALSE,FALSE,FALSE
"h12_0537",1.20196356309906,1698,2668.5,0,FALSE,FALSE,FALSE
"h06_0133",1.20197200015816,1699,1773.5,0,FALSE,FALSE,FALSE
"h12_0491",1.20197703372067,1700,852,0,FALSE,FALSE,FALSE
"h06_0502",1.2019780800704,1701,1735,0,FALSE,FALSE,FALSE
"h06_0969",1.20198196559307,1702,2198.5,0,FALSE,FALSE,FALSE
"h06_0521",1.20198465194762,1703,2878,0,FALSE,FALSE,FALSE
"h18_0555",1.2019893354318,1704,1824,0,FALSE,FALSE,FALSE
"h18_0568",1.20199572537038,1705,1352,0,FALSE,FALSE,FALSE
"h06_0415",1.20199629911115,1706,1176,0,FALSE,FALSE,FALSE
"h06_0880",1.20199749833786,1707,1201,0,FALSE,FALSE,FALSE
"h18_0347",1.20199995977514,1708,1978.5,0,FALSE,FALSE,FALSE
"h06_0879",1.20200132465489,1709,899,0,FALSE,FALSE,FALSE
"h18_0930",1.20201033343753,1710,1157.5,0,FALSE,FALSE,FALSE
"h06_0202",1.20201954917757,1711,1981.5,0,FALSE,FALSE,FALSE
"h06_0570",1.20202281385375,1712,1748.5,0,FALSE,FALSE,FALSE
"h12_0130",1.20202660903552,1713,2485.5,0,FALSE,FALSE,FALSE
"h12_0322",1.20203819217861,1714,1353,0,FALSE,FALSE,FALSE
"h12_0321",1.2020393412777,1715,779,0.05,FALSE,FALSE,FALSE
"h06_0849",1.20203966119525,1716,1752.5,0,FALSE,FALSE,FALSE
"h18_0760",1.20204716267868,1717,136,0,FALSE,FALSE,FALSE
"h06_0681",1.20205410676388,1718,1521,0.05,FALSE,FALSE,FALSE
"h12_0415",1.20206075055409,1719,1073.5,0.05,FALSE,FALSE,FALSE
"h12_0167",1.20207575187755,1720,1405,0.05,FALSE,FALSE,FALSE
"h06_0593",1.20207711846897,1721,2587,0,FALSE,FALSE,FALSE
"h18_0981",1.20208372130751,1722,1873.5,0,FALSE,FALSE,FALSE
"h18_0016",1.20208407564534,1723,1757.5,0,FALSE,FALSE,FALSE
"h12_0414",1.20208852589703,1724,1759.5,0,FALSE,FALSE,FALSE
"h12_0755",1.20209470751357,1725,782.5,0,FALSE,FALSE,FALSE
"h18_0209",1.2020990570309,1726,1470.5,0.05,FALSE,FALSE,FALSE
"h12_0255",1.20210090317763,1727,721,0,FALSE,FALSE,FALSE
"h06_0927",1.20210881823604,1728,2663,0.05,FALSE,FALSE,FALSE
"h12_0168",1.20211139630002,1729,2736,0,FALSE,FALSE,FALSE
"h12_0171",1.20211922766184,1730,532,0,FALSE,FALSE,FALSE
"h12_0949",1.20212082357765,1731,1334.5,0,FALSE,FALSE,FALSE
"h06_0489",1.20213686958252,1732,169.5,0,FALSE,FALSE,FALSE
"h06_0873",1.20213709414896,1733,730.5,0,FALSE,FALSE,FALSE
"h18_0904",1.20215021233102,1734,1771.5,0,FALSE,FALSE,FALSE
"h06_0537",1.20215083645292,1735,762,0,FALSE,FALSE,FALSE
"h18_0004",1.20215121405885,1736,2777.5,0,FALSE,FALSE,FALSE
"h18_0068",1.20215706437909,1737,2339,0,FALSE,FALSE,FALSE
"h12_0592",1.20216761902081,1738,1468.5,0,FALSE,FALSE,FALSE
"h06_0420",1.20216766250172,1739,2270.5,0,FALSE,FALSE,FALSE
"h06_1005",1.20216933905935,1740,2584,0,FALSE,FALSE,FALSE
"h12_0235",1.20217696067631,1741,641.5,0,FALSE,FALSE,FALSE
"h18_0726",1.20218624349119,1742,1190.5,0,FALSE,FALSE,FALSE
"h12_0811",1.20220070546408,1743,871,0,FALSE,FALSE,FALSE
"h18_0720",1.20220192813313,1744,596,0,FALSE,FALSE,FALSE
"h12_0831",1.2022027379052,1745,2334.5,0,FALSE,FALSE,FALSE
"h18_0974",1.20220410372932,1746,2119,0,FALSE,FALSE,FALSE
"h06_0481",1.20221686809968,1747,1761.5,0,FALSE,FALSE,FALSE
"h06_0288",1.20222440763698,1748,1791,0,FALSE,FALSE,FALSE
"h18_0445",1.20222749587875,1749,1024.5,0.05,FALSE,FALSE,FALSE
"h12_0554",1.20223253888714,1750,1496,0.05,FALSE,FALSE,FALSE
"h12_0716",1.20224558827338,1751,1795,0,FALSE,FALSE,FALSE
"h18_0513",1.20224791174199,1752,1110,0,FALSE,FALSE,FALSE
"h06_0929",1.20224977198098,1753,813.5,0,FALSE,FALSE,FALSE
"h12_0770",1.202253914224,1754,2247,0,FALSE,FALSE,FALSE
"h12_0351",1.20226099236681,1755,559,0,FALSE,FALSE,FALSE
"h06_0915",1.2022663129857,1756,370.5,0.05,FALSE,FALSE,FALSE
"h06_0354",1.20227128842249,1757,759.5,0,FALSE,FALSE,FALSE
"h18_0664",1.20227479959157,1758,2402,0,FALSE,FALSE,FALSE
"h06_1019",1.20227695071907,1759,645.5,0,FALSE,FALSE,FALSE
"h12_0743",1.2022826258099,1760,1015.5,0,FALSE,FALSE,FALSE
"h12_0996",1.20228615700535,1761,2131.5,0,FALSE,FALSE,FALSE
"h06_0317",1.20230163823294,1762,78.5,0,FALSE,FALSE,FALSE
"h12_0114",1.20230208181138,1763,2135,0.05,FALSE,FALSE,FALSE
"h12_0067",1.20230326102823,1764,1815.5,0,FALSE,FALSE,FALSE
"h18_0684",1.20230541555293,1765,527,0.05,FALSE,FALSE,FALSE
"h06_0427",1.20231443556562,1766,1885,0,FALSE,FALSE,FALSE
"h06_0720",1.20231629787471,1767,1734,0,FALSE,FALSE,FALSE
"h18_0420",1.20232011121019,1768,733,0.05,FALSE,FALSE,FALSE
"h12_0527",1.20232227553989,1769,2170,0,FALSE,FALSE,FALSE
"h18_0227",1.20232715082772,1770,1776.5,0,FALSE,FALSE,FALSE
"h18_0512",1.20232822885935,1771,1550,0,FALSE,FALSE,FALSE
"h12_0654",1.20233473181099,1772,484.5,0,FALSE,FALSE,FALSE
"h18_0620",1.20233611850843,1773,2639,0,FALSE,FALSE,FALSE
"h06_0117",1.20233708770649,1774,1827.5,0,FALSE,FALSE,FALSE
"h12_0307",1.20234103508753,1775,2738,0,FALSE,FALSE,FALSE
"h12_0997",1.2023421765179,1776,454,0,FALSE,FALSE,FALSE
"h06_0532",1.20234609187133,1777,1392,0,FALSE,FALSE,FALSE
"h12_0617",1.20235247433181,1778,1904.5,0,FALSE,FALSE,FALSE
"h18_0658",1.20235261809894,1779,1751,0,FALSE,FALSE,FALSE
"h06_0285",1.2023544649722,1780,2759.5,0,FALSE,FALSE,FALSE
"h06_0896",1.20236548266482,1781,1101.5,0,FALSE,FALSE,FALSE
"h06_1008",1.20237376693902,1782,1988.5,0,FALSE,FALSE,FALSE
"h18_0692",1.20237406572266,1783,508.5,0,FALSE,FALSE,FALSE
"h18_0556",1.20237569405707,1784,991.5,0,FALSE,FALSE,FALSE
"h06_0275",1.20238992265279,1785,1488.5,0,FALSE,FALSE,FALSE
"h06_0674",1.20239345103429,1786,1970.5,0,FALSE,FALSE,FALSE
"h06_0470",1.20240216769886,1787,2479.5,0,FALSE,FALSE,FALSE
"h12_0495",1.20241170689873,1788,2102,0,FALSE,FALSE,FALSE
"h18_0254",1.20241315808351,1789,1895.5,0,FALSE,FALSE,FALSE
"h18_0632",1.20241407155328,1790,1860,0,FALSE,FALSE,FALSE
"h18_0642",1.20242191142968,1791,1976.5,0,FALSE,FALSE,FALSE
"h12_0327",1.20242769937718,1792,1445.5,0,FALSE,FALSE,FALSE
"h06_0694",1.2024332152028,1793,2415.5,0,FALSE,FALSE,FALSE
"h12_0283",1.20244203963301,1794,2303.5,0,FALSE,FALSE,FALSE
"h12_0356",1.20244261988435,1795,1850,0,FALSE,FALSE,FALSE
"h06_0972",1.20244339220333,1796,2767.5,0,FALSE,FALSE,FALSE
"h06_0312",1.20246335167745,1797,2028,0,FALSE,FALSE,FALSE
"h18_0656",1.20246528819052,1798,1593.5,0,FALSE,FALSE,FALSE
"h12_0622",1.20246750970765,1799,1252,0,FALSE,FALSE,FALSE
"h18_0241",1.20246849555605,1800,1508.5,0,FALSE,FALSE,FALSE
"h06_0051",1.20247223869856,1801,2490.5,0,FALSE,FALSE,FALSE
"h18_0036",1.20247292988118,1802,1079.5,0.05,FALSE,FALSE,FALSE
"h06_0921",1.20248381061469,1803,2161,0,FALSE,FALSE,FALSE
"h06_0986",1.2024860803648,1804,762,0,FALSE,FALSE,FALSE
"h18_0229",1.20249963742408,1805,580.5,0,FALSE,FALSE,FALSE
"h06_0255",1.20250129578521,1806,2127.5,0,FALSE,FALSE,FALSE
"h12_0872",1.20250302692027,1807,2056.5,0,FALSE,FALSE,FALSE
"h06_0105",1.20250706407059,1808,1865,0,FALSE,FALSE,FALSE
"h06_0953",1.20251096066686,1809,1866,0,FALSE,FALSE,FALSE
"h12_0594",1.20251206005528,1810,1868,0,FALSE,FALSE,FALSE
"h18_0002",1.20251642140442,1811,1503,0,FALSE,FALSE,FALSE
"h18_0488",1.20251971104327,1812,1870.5,0,FALSE,FALSE,FALSE
"h18_0767",1.20252257633035,1813,2618.5,0,FALSE,FALSE,FALSE
"h06_0298",1.20252807950976,1814,2085,0,FALSE,FALSE,FALSE
"h06_0541",1.20256126063612,1815,1235,0,FALSE,FALSE,FALSE
"h12_0710",1.20256256232797,1816,2759.5,0,FALSE,FALSE,FALSE
"h12_0301",1.20256644033924,1817,773.5,0,FALSE,FALSE,FALSE
"h06_0851",1.20256898900171,1818,2493,0,FALSE,FALSE,FALSE
"h06_0241",1.20256950961842,1819,2934,0,FALSE,FALSE,FALSE
"h12_0259",1.2025707924449,1820,600,0,FALSE,FALSE,FALSE
"h18_0847",1.20257924009669,1821,2575.5,0,FALSE,FALSE,FALSE
"h12_0970",1.2025852283157,1822,1050.5,0,FALSE,FALSE,FALSE
"h06_0418",1.2025852430549,1823,1884,0,FALSE,FALSE,FALSE
"h18_0317",1.20259923191289,1824,1809.5,0,FALSE,FALSE,FALSE
"h18_0638",1.2025994027379,1825,2244,0,FALSE,FALSE,FALSE
"h18_0139",1.20259980712072,1826,3047,0,FALSE,FALSE,FALSE
"h12_0393",1.20260010785332,1827,1888,0,FALSE,FALSE,FALSE
"h12_0909",1.20260150801341,1828,1026.5,0,FALSE,FALSE,FALSE
"h06_0071",1.20260873832049,1829,1698,0,FALSE,FALSE,FALSE
"h18_0685",1.20260894398386,1830,1515.5,0,FALSE,FALSE,FALSE
"h12_0532",1.20261495219783,1831,1204,0,FALSE,FALSE,FALSE
"h12_0286",1.20261663202145,1832,1287,0,FALSE,FALSE,FALSE
"h12_0449",1.20262548321804,1833,1892,0,FALSE,FALSE,FALSE
"h06_0917",1.20262934334607,1834,2554,0,FALSE,FALSE,FALSE
"h06_0306",1.20263005071331,1835,1739,0,FALSE,FALSE,FALSE
"h06_0244",1.20263724784702,1836,2343.5,0.05,FALSE,FALSE,FALSE
"h06_0716",1.20264016261436,1837,1521,0,FALSE,FALSE,FALSE
"h06_0753",1.20264251855193,1838,1330,0,FALSE,FALSE,FALSE
"h06_0110",1.20264286744566,1839,2438,0,FALSE,FALSE,FALSE
"h06_0968",1.20264914519373,1840,515.5,0,FALSE,FALSE,FALSE
"h18_0346",1.20265503274433,1841,1922.5,0,FALSE,FALSE,FALSE
"h12_1015",1.2026583807344,1842,1806,0,FALSE,FALSE,FALSE
"h12_0565",1.20265846581424,1843,2355,0,FALSE,FALSE,FALSE
"h12_0737",1.20266181045893,1844,1690.5,0,FALSE,FALSE,FALSE
"h12_0012",1.20266455504737,1845,2280,0,FALSE,FALSE,FALSE
"h18_0738",1.20266732239154,1846,2459,0,FALSE,FALSE,FALSE
"h18_0055",1.20267227842174,1847,1904.5,0,FALSE,FALSE,FALSE
"h18_0519",1.20267570364519,1848,1719.5,0,FALSE,FALSE,FALSE
"h18_0670",1.2026983223767,1849,2347.5,0,FALSE,FALSE,FALSE
"h06_0522",1.20269839807125,1850,1658,0,FALSE,FALSE,FALSE
"h12_0218",1.20270341191049,1851,1540,0,FALSE,FALSE,FALSE
"h06_0325",1.20271006544686,1852,2595,0,FALSE,FALSE,FALSE
"h06_0214",1.20271990729156,1853,2307.5,0,FALSE,FALSE,FALSE
"h06_0781",1.20273652165955,1854,2980,0,FALSE,FALSE,FALSE
"h06_0999",1.20273657342593,1855,1913,0,FALSE,FALSE,FALSE
"h06_0555",1.20274470528865,1856,2106,0,FALSE,FALSE,FALSE
"h18_0185",1.20274641267965,1857,2231,0,FALSE,FALSE,FALSE
"h06_0678",1.20275156375323,1858,1066.5,0,FALSE,FALSE,FALSE
"h18_0242",1.20275191380472,1859,2628,0,FALSE,FALSE,FALSE
"h12_0138",1.20276123301626,1860,1664,0,FALSE,FALSE,FALSE
"h06_0187",1.20276333404288,1861,2552,0,FALSE,FALSE,FALSE
"h18_0826",1.20276637805638,1862,1921,0,FALSE,FALSE,FALSE
"h12_0209",1.20276844040772,1863,1321,0,FALSE,FALSE,FALSE
"h18_0571",1.20276960829106,1864,1388.5,0,FALSE,FALSE,FALSE
"h12_0013",1.20277175244147,1865,2653,0,FALSE,FALSE,FALSE
"h12_0473",1.2027767215522,1866,1925.5,0,FALSE,FALSE,FALSE
"h06_0698",1.20277706571685,1867,2481,0,FALSE,FALSE,FALSE
"h18_0925",1.20277920256389,1868,1930,0,FALSE,FALSE,FALSE
"h06_0414",1.20278514426295,1869,2077,0,FALSE,FALSE,FALSE
"h18_0417",1.20278837546297,1870,1934,0,FALSE,FALSE,FALSE
"h06_0333",1.20279225831209,1871,1937.5,0,FALSE,FALSE,FALSE
"h18_0337",1.20279422444706,1872,2301.5,0,FALSE,FALSE,FALSE
"h18_0917",1.20281568074663,1873,1761.5,0,FALSE,FALSE,FALSE
"h06_0565",1.20281626438189,1874,756,0,FALSE,FALSE,FALSE
"h18_0094",1.20282646923522,1875,1355,0,FALSE,FALSE,FALSE
"h12_0248",1.20283296354588,1876,1943,0,FALSE,FALSE,FALSE
"h12_0705",1.20283342193875,1877,2090.5,0,FALSE,FALSE,FALSE
"h12_0224",1.20285132056604,1878,2390,0,FALSE,FALSE,FALSE
"h12_0817",1.20285998349672,1879,1781,0,FALSE,FALSE,FALSE
"h06_0157",1.20286270358816,1880,1821.5,0,FALSE,FALSE,FALSE
"h12_0656",1.2028666813484,1881,1148.5,0,FALSE,FALSE,FALSE
"h18_0250",1.20286853579027,1882,1952,0.1,FALSE,FALSE,FALSE
"h06_0210",1.20288151467812,1883,394,0,FALSE,FALSE,FALSE
"h12_0460",1.20288500998219,1884,2306,0,FALSE,FALSE,FALSE
"h06_0996",1.20288740540289,1885,2109,0,FALSE,FALSE,FALSE
"h06_0289",1.20289200705401,1886,1479.5,0,FALSE,FALSE,FALSE
"h06_0643",1.20289841310316,1887,1150.5,0,FALSE,FALSE,FALSE
"h06_0248",1.20290927624358,1888,1862,0,FALSE,FALSE,FALSE
"h06_0594",1.20291691647318,1889,1990,0,FALSE,FALSE,FALSE
"h06_0809",1.20291969128913,1890,1959,0,FALSE,FALSE,FALSE
"h18_0933",1.20292255359934,1891,2154,0,FALSE,FALSE,FALSE
"h18_0639",1.20292286365123,1892,795,0,FALSE,FALSE,FALSE
"h06_0911",1.20294655515212,1893,1963,0,FALSE,FALSE,FALSE
"h18_0294",1.20294935718629,1894,838.5,0,FALSE,FALSE,FALSE
"h18_0092",1.20295214488856,1895,1217.5,0,FALSE,FALSE,FALSE
"h18_0783",1.20295478149587,1896,1144,0,FALSE,FALSE,FALSE
"h18_0090",1.20296113315905,1897,1245.5,0,FALSE,FALSE,FALSE
"h12_0535",1.20296251053556,1898,1685.5,0,FALSE,FALSE,FALSE
"h18_0891",1.20298080368361,1899,1704,0,FALSE,FALSE,FALSE
"h06_0835",1.20298320142729,1900,1442,0,FALSE,FALSE,FALSE
"h06_0407",1.2029899394662,1901,1659,0,FALSE,FALSE,FALSE
"h18_0772",1.20299240280483,1902,2014,0,FALSE,FALSE,FALSE
"h18_0072",1.20299579889264,1903,2818,0,FALSE,FALSE,FALSE
"h12_0885",1.203002972997,1904,1974.5,0,FALSE,FALSE,FALSE
"h06_0057",1.20300929792442,1905,1153,0,FALSE,FALSE,FALSE
"h06_0163",1.20301773329742,1906,1769.5,0,FALSE,FALSE,FALSE
"h06_0623",1.20303315085221,1907,1854.5,0,FALSE,FALSE,FALSE
"h06_0423",1.2030372921027,1908,1399,0,FALSE,FALSE,FALSE
"h18_1001",1.20303978144468,1909,1210,0.05,FALSE,FALSE,FALSE
"h06_0448",1.20304929837456,1910,1454.5,0,FALSE,FALSE,FALSE
"h18_0545",1.20305347452288,1911,2030.5,0,FALSE,FALSE,FALSE
"h12_0855",1.20305493354975,1912,2436,0,FALSE,FALSE,FALSE
"h18_0881",1.20305805420246,1913,2098,0,FALSE,FALSE,FALSE
"h06_0417",1.20306345408374,1914,389.5,0,FALSE,FALSE,FALSE
"h18_0637",1.20306351594035,1915,1960.5,0.05,FALSE,FALSE,FALSE
"h18_0835",1.20306863797821,1916,777.5,0,FALSE,FALSE,FALSE
"h06_0881",1.20306959826654,1917,1915,0.05,FALSE,FALSE,FALSE
"h12_0713",1.20307518980729,1918,2233,0,FALSE,FALSE,FALSE
"h06_0752",1.20307667084523,1919,1973,0,FALSE,FALSE,FALSE
"h06_0527",1.20307784128067,1920,1920,0,FALSE,FALSE,FALSE
"h06_0254",1.20307960619575,1921,1088.5,0,FALSE,FALSE,FALSE
"h12_0857",1.20308087269574,1922,2204,0,FALSE,FALSE,FALSE
"h12_0396",1.20308447866361,1923,2220,0,FALSE,FALSE,FALSE
"h06_0065",1.20309496153793,1924,1999,0.05,FALSE,FALSE,FALSE
"h12_0387",1.20309587646864,1925,622,0,FALSE,FALSE,FALSE
"h12_0718",1.20311548570013,1926,1690.5,0,FALSE,FALSE,FALSE
"h12_0103",1.20311967868363,1927,1997.5,0,FALSE,FALSE,FALSE
"h18_0958",1.20312027349923,1928,2111.5,0,FALSE,FALSE,FALSE
"h12_0566",1.20312345405567,1929,1433.5,0,FALSE,FALSE,FALSE
"h06_0197",1.20312745696726,1930,2272.5,0,FALSE,FALSE,FALSE
"h12_0203",1.20312770637729,1931,1274.5,0,FALSE,FALSE,FALSE
"h12_0769",1.20312779774022,1932,2003.5,0,FALSE,FALSE,FALSE
"h18_0610",1.20313079603754,1933,1972,0,FALSE,FALSE,FALSE
"h18_0189",1.20313317649525,1934,2008,0,FALSE,FALSE,FALSE
"h18_0636",1.20314211126211,1935,2743.5,0,FALSE,FALSE,FALSE
"h06_0684",1.2031510952694,1936,2137.5,0,FALSE,FALSE,FALSE
"h06_0824",1.2031637166708,1937,1514,0,FALSE,FALSE,FALSE
"h18_0322",1.20317014589492,1938,941,0,FALSE,FALSE,FALSE
"h06_0656",1.20317194764287,1939,2520.5,0,FALSE,FALSE,FALSE
"h06_0528",1.20318301968823,1940,2114.5,0,FALSE,FALSE,FALSE
"h06_0779",1.20318311913184,1941,1964.5,0,FALSE,FALSE,FALSE
"h12_0186",1.20319469119561,1942,2232,0,FALSE,FALSE,FALSE
"h06_0631",1.20319897771202,1943,1392,0,FALSE,FALSE,FALSE
"h18_0528",1.20321432859601,1944,1910,0,FALSE,FALSE,FALSE
"h18_0560",1.20321484252938,1945,1220,0,FALSE,FALSE,FALSE
"h06_0755",1.20321655395333,1946,2972.5,0,FALSE,FALSE,FALSE
"h06_0184",1.20321798376446,1947,1835.5,0,FALSE,FALSE,FALSE
"h12_0346",1.20322305694314,1948,2106,0,FALSE,FALSE,FALSE
"h18_0546",1.20324203821252,1949,879,0,FALSE,FALSE,FALSE
"h18_0540",1.20324213733618,1950,698,0,FALSE,FALSE,FALSE
"h18_0802",1.20325114938033,1951,878,0,FALSE,FALSE,FALSE
"h12_0570",1.20326274495619,1952,2371,0,FALSE,FALSE,FALSE
"h06_0545",1.20326290647335,1953,1945,0,FALSE,FALSE,FALSE
"h06_0302",1.20326995004201,1954,1995,0,FALSE,FALSE,FALSE
"h18_0796",1.20327866818838,1955,2791.5,0,FALSE,FALSE,FALSE
"h18_0487",1.20328544630614,1956,2156.5,0,FALSE,FALSE,FALSE
"h06_0273",1.20328834502925,1957,2012,0,FALSE,FALSE,FALSE
"h06_0249",1.20329784272031,1958,976,0,FALSE,FALSE,FALSE
"h12_0281",1.20329815991678,1959,2036,0.05,FALSE,FALSE,FALSE
"h12_0590",1.20330575967843,1960,705.5,0,FALSE,FALSE,FALSE
"h12_0557",1.20330625463546,1961,2321.5,0,FALSE,FALSE,FALSE
"h18_0510",1.20330805432988,1962,2037,0,FALSE,FALSE,FALSE
"h06_0347",1.20331768397771,1963,2547,0,FALSE,FALSE,FALSE
"h12_0104",1.20332268551607,1964,953,0,FALSE,FALSE,FALSE
"h06_0904",1.20332361233336,1965,1405,0,FALSE,FALSE,FALSE
"h12_0826",1.20332873051965,1966,1690.5,0,FALSE,FALSE,FALSE
"h06_0982",1.20333132787785,1967,1030,0,FALSE,FALSE,FALSE
"h06_0301",1.20333769804925,1968,2121,0,FALSE,FALSE,FALSE
"h06_0271",1.20335137638995,1969,604.5,0,FALSE,FALSE,FALSE
"h18_0260",1.20335978637548,1970,1623.5,0,FALSE,FALSE,FALSE
"h06_0971",1.20336646160038,1971,1037,0.1,FALSE,FALSE,FALSE
"h18_0343",1.20336772613578,1972,2083,0,FALSE,FALSE,FALSE
"h18_0608",1.20337116147674,1973,2402,0.05,FALSE,FALSE,FALSE
"h06_0869",1.20338007546772,1974,2017.5,0,FALSE,FALSE,FALSE
"h12_0874",1.20338627966194,1975,2366,0,FALSE,FALSE,FALSE
"h18_0093",1.20339603755809,1976,2060,0.05,FALSE,FALSE,FALSE
"h12_0220",1.2034009368469,1977,2061,0,FALSE,FALSE,FALSE
"h06_0411",1.20340190460721,1978,1838.5,0,FALSE,FALSE,FALSE
"h18_0042",1.2034190030696,1979,618,0,FALSE,FALSE,FALSE
"h06_0383",1.20342225537268,1980,2064.5,0,FALSE,FALSE,FALSE
"h12_0677",1.20342544888253,1981,530,0.05,FALSE,FALSE,FALSE
"h06_0578",1.20343234065392,1982,2917,0,FALSE,FALSE,FALSE
"h06_0816",1.20343240315569,1983,2226.5,0,FALSE,FALSE,FALSE
"h12_0740",1.20343734765998,1984,1610,0,FALSE,FALSE,FALSE
"h12_0683",1.2034448739235,1985,2071,0,FALSE,FALSE,FALSE
"h06_0400",1.20344929815604,1986,2567,0,FALSE,FALSE,FALSE
"h06_0670",1.20345341481929,1987,1604,0,FALSE,FALSE,FALSE
"h18_0574",1.2034544361782,1988,1809.5,0,FALSE,FALSE,FALSE
"h12_0948",1.20345499751075,1989,2075,0,FALSE,FALSE,FALSE
"h18_0845",1.20345594416499,1990,1503,0,FALSE,FALSE,FALSE
"h12_0614",1.20345848435434,1991,2182,0.05,FALSE,FALSE,FALSE
"h12_0068",1.20346726494262,1992,2106,0,FALSE,FALSE,FALSE
"h06_0328",1.20349072776126,1993,2368.5,0,FALSE,FALSE,FALSE
"h06_0865",1.20349201001017,1994,2496,0,FALSE,FALSE,FALSE
"h18_0511",1.20351908721138,1995,2223,0,FALSE,FALSE,FALSE
"h12_0109",1.20352901097272,1996,1722,0,FALSE,FALSE,FALSE
"h06_0031",1.20352981330439,1997,2286,0,FALSE,FALSE,FALSE
"h06_0473",1.20353224773792,1998,1457.5,0,FALSE,FALSE,FALSE
"h18_0773",1.2035340353164,1999,2881,0,FALSE,FALSE,FALSE
"h18_0516",1.2035438954012,2000,1769.5,0,FALSE,FALSE,FALSE
"h18_0200",1.20354580541328,2001,1573,0,FALSE,FALSE,FALSE
"h12_0559",1.20355001944497,2002,1559.5,0,FALSE,FALSE,FALSE
"h06_0223",1.20355996044669,2003,2388.5,0.05,FALSE,FALSE,FALSE
"h12_0443",1.20356282122674,2004,1882.5,0,FALSE,FALSE,FALSE
"h18_0226",1.20357834656806,2005,1000.5,0,FALSE,FALSE,FALSE
"h12_0365",1.20357939094717,2006,2989,0,FALSE,FALSE,FALSE
"h18_0935",1.20358166591376,2007,1736,0,FALSE,FALSE,FALSE
"h06_0859",1.20358828218409,2008,2094,0,FALSE,FALSE,FALSE
"h18_0128",1.20358929364497,2009,1744.5,0,FALSE,FALSE,FALSE
"h06_0952",1.20360561327602,2010,1615,0,FALSE,FALSE,FALSE
"h12_0587",1.20361295475551,2011,1771.5,0.05,FALSE,FALSE,FALSE
"h12_0058",1.20361421570829,2012,710,0,FALSE,FALSE,FALSE
"h18_0954",1.20361701849681,2013,2186.5,0,FALSE,FALSE,FALSE
"h12_0404",1.20361837852439,2014,1722,0,FALSE,FALSE,FALSE
"h06_0474",1.20362426408155,2015,2274,0,FALSE,FALSE,FALSE
"h18_0099",1.20363959497666,2016,2764,0,FALSE,FALSE,FALSE
"h12_0684",1.20364243497725,2017,1988.5,0,FALSE,FALSE,FALSE
"h06_0566",1.2036456928023,2018,2162,0,FALSE,FALSE,FALSE
"h06_0587",1.20364900056864,2019,2485.5,0,FALSE,FALSE,FALSE
"h06_0270",1.20365173521925,2020,611.5,0,FALSE,FALSE,FALSE
"h12_0808",1.20365871711073,2021,1796,0,FALSE,FALSE,FALSE
"h06_0571",1.20366168553077,2022,2087.5,0,FALSE,FALSE,FALSE
"h18_0091",1.20366403223585,2023,2254,0,FALSE,FALSE,FALSE
"h12_0887",1.20367191094059,2024,1664,0,FALSE,FALSE,FALSE
"h18_0388",1.20367512197302,2025,2796,0.05,FALSE,FALSE,FALSE
"h12_0750",1.20368904859886,2026,2499.5,0,FALSE,FALSE,FALSE
"h18_0561",1.20369383237436,2027,2168.5,0,FALSE,FALSE,FALSE
"h18_0765",1.20370425499107,2028,2117,0,FALSE,FALSE,FALSE
"h12_0543",1.20371249944471,2029,1809.5,0,FALSE,FALSE,FALSE
"h06_0189",1.20372161191037,2030,2423,0,FALSE,FALSE,FALSE
"h12_0674",1.20372744608073,2031,1707,0,FALSE,FALSE,FALSE
"h06_0390",1.20372936989701,2032,2123,0,FALSE,FALSE,FALSE
"h06_0942",1.20372951876918,2033,506,0,FALSE,FALSE,FALSE
"h06_0191",1.20373166669516,2034,2124.5,0,FALSE,FALSE,FALSE
"h12_0937",1.20374139086912,2035,2241.5,0,FALSE,FALSE,FALSE
"h18_0716",1.20375736991616,2036,2656,0,FALSE,FALSE,FALSE
"h18_0804",1.20375902891138,2037,2131.5,0.05,FALSE,FALSE,FALSE
"h18_0438",1.20376150301385,2038,2254,0,FALSE,FALSE,FALSE
"h12_0229",1.20376157306546,2039,2135,0,FALSE,FALSE,FALSE
"h12_0421",1.20376884524574,2040,2970.5,0,FALSE,FALSE,FALSE
"h18_0311",1.20377587238742,2041,1704,0.05,FALSE,FALSE,FALSE
"h06_0628",1.20378107912456,2042,1815.5,0.05,FALSE,FALSE,FALSE
"h12_0901",1.20378196962382,2043,2429,0,FALSE,FALSE,FALSE
"h06_0624",1.20378710679686,2044,1367,0,FALSE,FALSE,FALSE
"h18_0159",1.20378715789939,2045,1314.5,0,FALSE,FALSE,FALSE
"h18_0494",1.203790675084,2046,1846,0,FALSE,FALSE,FALSE
"h12_0023",1.20379105333725,2047,2198.5,0,FALSE,FALSE,FALSE
"h18_0507",1.20379160116075,2048,2146,0,FALSE,FALSE,FALSE
"h18_0832",1.20379358622365,2049,2148.5,0,FALSE,FALSE,FALSE
"h12_0980",1.20379358780417,2050,1513,0,FALSE,FALSE,FALSE
"h06_0256",1.20379582207294,2051,225,0,FALSE,FALSE,FALSE
"h06_0345",1.20379584305335,2052,1872,0,FALSE,FALSE,FALSE
"h12_0040",1.20380863685449,2053,1003,0,FALSE,FALSE,FALSE
"h06_0845",1.2038087031087,2054,2177,0,FALSE,FALSE,FALSE
"h18_0501",1.20381203110498,2055,2845.5,0,FALSE,FALSE,FALSE
"h12_0854",1.20381821661186,2056,1773.5,0,FALSE,FALSE,FALSE
"h06_0039",1.20381957508071,2057,1913,0.05,FALSE,FALSE,FALSE
"h12_0115",1.20383411671601,2058,2156.5,0,FALSE,FALSE,FALSE
"h12_0584",1.20383535127074,2059,1680.5,0,FALSE,FALSE,FALSE
"h18_0870",1.2038374301787,2060,1755,0,FALSE,FALSE,FALSE
"h18_0404",1.2038397299926,2061,1398,0,FALSE,FALSE,FALSE
"h18_0715",1.20385682934476,2062,3030.5,0,FALSE,FALSE,FALSE
"h18_0538",1.20386408292857,2063,1497,0,FALSE,FALSE,FALSE
"h12_0627",1.20387328227993,2064,2378,0.05,FALSE,FALSE,FALSE
"h18_0286",1.20387572293268,2065,1764.5,0,FALSE,FALSE,FALSE
"h18_0293",1.20387711744648,2066,1824,0,FALSE,FALSE,FALSE
"h06_0663",1.20388696127022,2067,2315.5,0,FALSE,FALSE,FALSE
"h12_1004",1.20390335330062,2068,2293.5,0,FALSE,FALSE,FALSE
"h12_0335",1.20391360327771,2069,1844.5,0,FALSE,FALSE,FALSE
"h18_0680",1.20393658669927,2070,1927.5,0,FALSE,FALSE,FALSE
"h18_0135",1.2039419616716,2071,2671.5,0.05,FALSE,FALSE,FALSE
"h18_0875",1.2039461733929,2072,1188,0,FALSE,FALSE,FALSE
"h06_0500",1.20394877275767,2073,809.5,0.05,FALSE,FALSE,FALSE
"h18_0730",1.2039490235958,2074,2179,0,FALSE,FALSE,FALSE
"h18_0416",1.20396071333582,2075,2148.5,0,FALSE,FALSE,FALSE
"h12_0309",1.2039611666553,2076,2066.5,0,FALSE,FALSE,FALSE
"h12_0066",1.20397266995435,2077,1962,0,FALSE,FALSE,FALSE
"h12_0454",1.20397281538437,2078,2143.5,0,FALSE,FALSE,FALSE
"h06_0095",1.20397527186093,2079,1262,0,FALSE,FALSE,FALSE
"h12_0166",1.20397717754277,2080,2175,0,FALSE,FALSE,FALSE
"h12_0441",1.20397768137765,2081,2376,0,FALSE,FALSE,FALSE
"h12_0373",1.20397831516036,2082,1764.5,0,FALSE,FALSE,FALSE
"h18_0125",1.20397856884433,2083,2006,0.05,FALSE,FALSE,FALSE
"h06_0458",1.20398211740587,2084,2526.5,0,FALSE,FALSE,FALSE
"h06_0445",1.2039833002527,2085,1864,0,FALSE,FALSE,FALSE
"h06_0567",1.20399400793558,2086,564.5,0,FALSE,FALSE,FALSE
"h12_0530",1.20399759654049,2087,1555,0,FALSE,FALSE,FALSE
"h12_0647",1.20399845812698,2088,1131.5,0.05,FALSE,FALSE,FALSE
"h06_1015",1.20402111481348,2089,2159.5,0.05,FALSE,FALSE,FALSE
"h06_0019",1.20402207843724,2090,1868,0,FALSE,FALSE,FALSE
"h18_0255",1.20403393674276,2091,2430.5,0,FALSE,FALSE,FALSE
"h18_0924",1.20404347611686,2092,1826,0,FALSE,FALSE,FALSE
"h12_0578",1.20404604549503,2093,937.5,0,FALSE,FALSE,FALSE
"h06_0236",1.20404982176756,2094,1870.5,0,FALSE,FALSE,FALSE
"h18_0719",1.20405692707368,2095,2894.5,0,FALSE,FALSE,FALSE
"h12_0620",1.20405723881599,2096,1256,0.05,FALSE,FALSE,FALSE
"h18_0115",1.20406356763077,2097,2188,0,FALSE,FALSE,FALSE
"h18_0936",1.20406973037182,2098,2072,0,FALSE,FALSE,FALSE
"h18_0484",1.2040717788821,2099,2172.5,0,FALSE,FALSE,FALSE
"h06_0292",1.20407382111146,2100,1625.5,0,FALSE,FALSE,FALSE
"h18_0918",1.20408157323634,2101,2192,0,FALSE,FALSE,FALSE
"h12_0895",1.20408340020142,2102,2193,0,FALSE,FALSE,FALSE
"h06_0405",1.20408577328003,2103,2585,0,FALSE,FALSE,FALSE
"h06_0883",1.20409874777365,2104,1047,0,FALSE,FALSE,FALSE
"h12_0026",1.20410348794198,2105,2196,0,FALSE,FALSE,FALSE
"h06_0232",1.2041065169883,2106,3070,0,FALSE,FALSE,FALSE
"h18_0008",1.20411067336828,2107,2337,0,FALSE,FALSE,FALSE
"h06_0086",1.20414045016999,2108,876,0.1,FALSE,FALSE,FALSE
"h12_0432",1.2041489090435,2109,2189.5,0,FALSE,FALSE,FALSE
"h06_0229",1.20415342888175,2110,2058.5,0,FALSE,FALSE,FALSE
"h18_0495",1.20415775374918,2111,425.5,0,FALSE,FALSE,FALSE
"h12_0112",1.20417832855123,2112,1812.5,0,FALSE,FALSE,FALSE
"h12_0924",1.20418029155423,2113,2229,0,FALSE,FALSE,FALSE
"h06_0534",1.20418124981906,2114,1889,0,FALSE,FALSE,FALSE
"h18_0798",1.20418868422778,2115,2297.5,0,FALSE,FALSE,FALSE
"h06_0186",1.20422483286362,2116,3027,0,FALSE,FALSE,FALSE
"h06_0893",1.20423084586853,2117,2870,0,FALSE,FALSE,FALSE
"h06_0526",1.20423865311607,2118,2214,0,FALSE,FALSE,FALSE
"h12_0436",1.20423948553995,2119,2191,0,FALSE,FALSE,FALSE
"h12_0846",1.20424246314025,2120,1162,0.05,FALSE,FALSE,FALSE
"h06_0069",1.20424468274442,2121,2426,0,FALSE,FALSE,FALSE
"h18_0076",1.20425214087293,2122,1133,0,FALSE,FALSE,FALSE
"h18_0850",1.20426488009902,2123,2433,0,FALSE,FALSE,FALSE
"h18_0367",1.20427284270034,2124,920,0,FALSE,FALSE,FALSE
"h06_0061",1.20428239359959,2125,823,0,FALSE,FALSE,FALSE
"h12_0488",1.20429022237027,2126,2223,0,FALSE,FALSE,FALSE
"h18_0553",1.20429028467861,2127,1925.5,0.05,FALSE,FALSE,FALSE
"h18_0580",1.2043002576559,2128,1185.5,0,FALSE,FALSE,FALSE
"h18_1003",1.20431031463797,2129,2830,0,FALSE,FALSE,FALSE
"h06_0410",1.20432156633373,2130,1421.5,0,FALSE,FALSE,FALSE
"h18_0683",1.20432326536667,2131,519,0,FALSE,FALSE,FALSE
"h18_0912",1.20433309393082,2132,2721.5,0,FALSE,FALSE,FALSE
"h18_0129",1.20433321160235,2133,1085.5,0,FALSE,FALSE,FALSE
"h06_0825",1.20433348553503,2134,874.5,0,FALSE,FALSE,FALSE
"h12_0987",1.20434282881085,2135,2139.5,0,FALSE,FALSE,FALSE
"h12_1022",1.20434391658555,2136,2237,0,FALSE,FALSE,FALSE
"h18_0965",1.20435345330113,2137,2395.5,0,FALSE,FALSE,FALSE
"h12_0041",1.20435425151838,2138,2241.5,0,FALSE,FALSE,FALSE
"h18_0222",1.20435849962307,2139,1949.5,0,FALSE,FALSE,FALSE
"h12_0508",1.2043594492239,2140,1954,0,FALSE,FALSE,FALSE
"h18_0103",1.20436716724789,2141,1263.5,0,FALSE,FALSE,FALSE
"h12_0913",1.20437044318757,2142,2450,0.05,FALSE,FALSE,FALSE
"h06_0437",1.20437051406642,2143,1764.5,0.05,FALSE,FALSE,FALSE
"h18_0014",1.20437691100707,2144,2249,0,FALSE,FALSE,FALSE
"h06_0497",1.20438388172788,2145,594,0,FALSE,FALSE,FALSE
"h12_0038",1.20438543921806,2146,2251,0,FALSE,FALSE,FALSE
"h12_0771",1.20439420931636,2147,2252,0,FALSE,FALSE,FALSE
"h12_0291",1.2044003139854,2148,2254,0,FALSE,FALSE,FALSE
"h06_0925",1.20440545485662,2149,2537.5,0,FALSE,FALSE,FALSE
"h12_0968",1.20441151776049,2150,1124,0,FALSE,FALSE,FALSE
"h12_0429",1.204411823439,2151,2826,0,FALSE,FALSE,FALSE
"h06_0959",1.20441328007193,2152,1449,0,FALSE,FALSE,FALSE
"h12_0120",1.20443313383053,2153,2845.5,0.05,FALSE,FALSE,FALSE
"h06_0940",1.20444529842299,2154,1854.5,0,FALSE,FALSE,FALSE
"h06_0718",1.20444701973966,2155,1980,0.05,FALSE,FALSE,FALSE
"h18_0236",1.20444852145501,2156,2096,0,FALSE,FALSE,FALSE
"h18_0702",1.20445044057658,2157,264.5,0,FALSE,FALSE,FALSE
"h18_0825",1.20445112506019,2158,2338,0,FALSE,FALSE,FALSE
"h18_0461",1.20445241065332,2159,2137.5,0,FALSE,FALSE,FALSE
"h12_0662",1.20445552995398,2160,2042,0,FALSE,FALSE,FALSE
"h06_0997",1.20445689650931,2161,498.5,0,FALSE,FALSE,FALSE
"h06_0377",1.2044638549123,2162,2133,0,FALSE,FALSE,FALSE
"h06_0876",1.20447223769364,2163,972.5,0,FALSE,FALSE,FALSE
"h18_0271",1.20447943412628,2164,1604,0,FALSE,FALSE,FALSE
"h06_0351",1.20448374416342,2165,2054,0,FALSE,FALSE,FALSE
"h06_0564",1.20449269443034,2166,1323,0,FALSE,FALSE,FALSE
"h12_0907",1.20449883257174,2167,1254.5,0,FALSE,FALSE,FALSE
"h18_0418",1.20450057840543,2168,2024,0,FALSE,FALSE,FALSE
"h06_0363",1.20450264474023,2169,2601,0,FALSE,FALSE,FALSE
"h06_0590",1.20450559679402,2170,2276.5,0,FALSE,FALSE,FALSE
"h12_0131",1.20451625231038,2171,1934,0,FALSE,FALSE,FALSE
"h18_0394",1.20452697233154,2172,1604,0,FALSE,FALSE,FALSE
"h06_0682",1.20454354554737,2173,2340.5,0,FALSE,FALSE,FALSE
"h12_0505",1.20456953327238,2174,2276.5,0,FALSE,FALSE,FALSE
"h18_0265",1.20457028344086,2175,2264,0,FALSE,FALSE,FALSE
"h12_0020",1.20457915239355,2176,2210,0,FALSE,FALSE,FALSE
"h06_0563",1.20458033765127,2177,1239,0,FALSE,FALSE,FALSE
"h18_0065",1.20458092697151,2178,813.5,0.05,FALSE,FALSE,FALSE
"h12_0434",1.20458679044483,2179,3026,0,FALSE,FALSE,FALSE
"h18_0995",1.20459249147509,2180,2286,0,FALSE,FALSE,FALSE
"h12_0541",1.20459801309102,2181,2456.5,0,FALSE,FALSE,FALSE
"h18_0896",1.20459844726455,2182,2563,0,FALSE,FALSE,FALSE
"h12_0159",1.20460839207302,2183,2856,0,FALSE,FALSE,FALSE
"h18_0947",1.20461302497898,2184,2146,0,FALSE,FALSE,FALSE
"h18_0365",1.20462470450835,2185,2264,0,FALSE,FALSE,FALSE
"h18_0473",1.2046284663012,2186,1715,0,FALSE,FALSE,FALSE
"h12_0117",1.20462980436476,2187,2026,0,FALSE,FALSE,FALSE
"h12_0459",1.20462981480547,2188,785.5,0,FALSE,FALSE,FALSE
"h18_0898",1.20463052827681,2189,2121,0,FALSE,FALSE,FALSE
"h18_0389",1.20463895356319,2190,1557.5,0,FALSE,FALSE,FALSE
"h12_0992",1.20463969401194,2191,1253,0.05,FALSE,FALSE,FALSE
"h18_0230",1.20464521265491,2192,1258.5,0,FALSE,FALSE,FALSE
"h18_0920",1.20464901619856,2193,2301.5,0,FALSE,FALSE,FALSE
"h18_0219",1.20465244748608,2194,1456,0,FALSE,FALSE,FALSE
"h18_0779",1.20465754577459,2195,2472.5,0,FALSE,FALSE,FALSE
"h12_0919",1.20466291120698,2196,523,0,FALSE,FALSE,FALSE
"h06_0268",1.2046758630794,2197,2615.5,0,FALSE,FALSE,FALSE
"h06_0519",1.20467679431919,2198,2478,0,FALSE,FALSE,FALSE
"h18_0199",1.20467760196268,2199,1840,0,FALSE,FALSE,FALSE
"h12_0883",1.20467814204492,2200,2378,0,FALSE,FALSE,FALSE
"h12_0976",1.20467987667871,2201,2012,0,FALSE,FALSE,FALSE
"h18_0660",1.20468101521053,2202,2312.5,0,FALSE,FALSE,FALSE
"h12_0867",1.20468641213599,2203,1491,0,FALSE,FALSE,FALSE
"h18_0537",1.20469878804899,2204,2472.5,0,FALSE,FALSE,FALSE
"h12_0751",1.20470599434774,2205,2564.5,0,FALSE,FALSE,FALSE
"h18_0175",1.20470788005035,2206,2471,0,FALSE,FALSE,FALSE
"h06_0654",1.20471657854926,2207,1396,0,FALSE,FALSE,FALSE
"h06_0120",1.20471864380944,2208,895,0,FALSE,FALSE,FALSE
"h12_0767",1.20471872857391,2209,1880,0,FALSE,FALSE,FALSE
"h06_0149",1.20472119886687,2210,2323.5,0,FALSE,FALSE,FALSE
"h06_0139",1.20472182598001,2211,1627,0,FALSE,FALSE,FALSE
"h12_0828",1.20472634132826,2212,1660.5,0.05,FALSE,FALSE,FALSE
"h18_0023",1.20473160477592,2213,1599.5,0,FALSE,FALSE,FALSE
"h18_0177",1.20473208229825,2214,2130,0,FALSE,FALSE,FALSE
"h12_0317",1.20473662756005,2215,2419,0,FALSE,FALSE,FALSE
"h18_0080",1.20474816191576,2216,1918.5,0,FALSE,FALSE,FALSE
"h12_0634",1.20475234262858,2217,2342,0,FALSE,FALSE,FALSE
"h06_0850",1.20475694768719,2218,2614,0,FALSE,FALSE,FALSE
"h18_0131",1.20476508025244,2219,1838.5,0,FALSE,FALSE,FALSE
"h12_0609",1.20478630370879,2220,1662,0,FALSE,FALSE,FALSE
"h18_0887",1.20478688465114,2221,2330.5,0,FALSE,FALSE,FALSE
"h06_0424",1.20479898022528,2222,2503,0,FALSE,FALSE,FALSE
"h12_0661",1.20480180620699,2223,2406.5,0,FALSE,FALSE,FALSE
"h12_0843",1.20480647092401,2224,2332,0,FALSE,FALSE,FALSE
"h06_0958",1.20482300582107,2225,2440.5,0,FALSE,FALSE,FALSE
"h18_0183",1.20482862929728,2226,2816.5,0,FALSE,FALSE,FALSE
"h18_0782",1.20482888223609,2227,2286,0,FALSE,FALSE,FALSE
"h06_0754",1.20483180736085,2228,1917,0.05,FALSE,FALSE,FALSE
"h12_0011",1.20484248811658,2229,2534,0,FALSE,FALSE,FALSE
"h06_0029",1.20484565446385,2230,1168.5,0,FALSE,FALSE,FALSE
"h06_0908",1.20485317268109,2231,2456.5,0,FALSE,FALSE,FALSE
"h12_0094",1.20485674799467,2232,2378,0,FALSE,FALSE,FALSE
"h06_0910",1.20486209666941,2233,2757.5,0,FALSE,FALSE,FALSE
"h12_0200",1.2048695410322,2234,809.5,0,FALSE,FALSE,FALSE
"h18_0792",1.20487485628969,2235,2272.5,0,FALSE,FALSE,FALSE
"h18_0297",1.20487851970635,2236,1788,0,FALSE,FALSE,FALSE
"h12_0551",1.20488206253301,2237,1694.5,0,FALSE,FALSE,FALSE
"h18_0515",1.20488467112008,2238,2345.5,0,FALSE,FALSE,FALSE
"h06_0438",1.20489415338834,2239,2404,0,FALSE,FALSE,FALSE
"h12_0052",1.20490493781801,2240,1831,0,FALSE,FALSE,FALSE
"h12_0646",1.20490512355533,2241,2604.5,0.05,FALSE,FALSE,FALSE
"h18_0123",1.20491534271515,2242,144.5,0,FALSE,FALSE,FALSE
"h06_0215",1.20491737072168,2243,1934,0,FALSE,FALSE,FALSE
"h06_0183",1.20493608054049,2244,2351.5,0,FALSE,FALSE,FALSE
"h06_0246",1.2049448099154,2245,2328.5,0,FALSE,FALSE,FALSE
"h18_0493",1.20494514551873,2246,2355,0,FALSE,FALSE,FALSE
"h18_0604",1.2049598394525,2247,1891,0,FALSE,FALSE,FALSE
"h06_0322",1.20497223158935,2248,1904.5,0,FALSE,FALSE,FALSE
"h12_0407",1.20497287217031,2249,2740,0,FALSE,FALSE,FALSE
"h06_0096",1.2049921475997,2250,2361,0,FALSE,FALSE,FALSE
"h18_0208",1.20499644671032,2251,2922,0,FALSE,FALSE,FALSE
"h12_0002",1.20500408303301,2252,1368,0,FALSE,FALSE,FALSE
"h12_0723",1.20500553228868,2253,1890,0,FALSE,FALSE,FALSE
"h06_0639",1.20500993519414,2254,1902,0,FALSE,FALSE,FALSE
"h18_0983",1.20502226602123,2255,674.5,0,FALSE,FALSE,FALSE
"h18_0358",1.20503922209815,2256,1523,0,FALSE,FALSE,FALSE
"h06_0175",1.2050417917629,2257,2325.5,0,FALSE,FALSE,FALSE
"h12_0693",1.20504548142125,2258,1326.5,0,FALSE,FALSE,FALSE
"h18_0074",1.20504961835445,2259,2643.5,0,FALSE,FALSE,FALSE
"h18_0066",1.20505257771704,2260,1764.5,0,FALSE,FALSE,FALSE
"h12_0906",1.20506604128427,2261,2372,0,FALSE,FALSE,FALSE
"h18_0405",1.20506941284995,2262,2373,0,FALSE,FALSE,FALSE
"h12_0431",1.20507095091664,2263,2454.5,0,FALSE,FALSE,FALSE
"h12_1020",1.20507295572968,2264,1101.5,0,FALSE,FALSE,FALSE
"h18_0805",1.20507922248184,2265,833.5,0,FALSE,FALSE,FALSE
"h06_0727",1.20507993048548,2266,2375,0,FALSE,FALSE,FALSE
"h12_0689",1.20510451557857,2267,3005,0,FALSE,FALSE,FALSE
"h12_0794",1.20511105334511,2268,2040,0,FALSE,FALSE,FALSE
"h18_0145",1.20511704041729,2269,2380.5,0.05,FALSE,FALSE,FALSE
"h12_0918",1.2051235675854,2270,2064.5,0,FALSE,FALSE,FALSE
"h12_0756",1.20513759003034,2271,1447.5,0,FALSE,FALSE,FALSE
"h18_1009",1.20514178869329,2272,2849.5,0,FALSE,FALSE,FALSE
"h06_0276",1.20514599752894,2273,1955,0,FALSE,FALSE,FALSE
"h12_0325",1.20514839319738,2274,2017.5,0,FALSE,FALSE,FALSE
"h12_0706",1.20516160917367,2275,2388.5,0,FALSE,FALSE,FALSE
"h12_0183",1.20517071850719,2276,804,0.05,FALSE,FALSE,FALSE
"h06_0995",1.20517808734763,2277,1724,0,FALSE,FALSE,FALSE
"h12_0292",1.20517959042582,2278,2539.5,0.05,FALSE,FALSE,FALSE
"h18_0541",1.20518450058783,2279,1318,0,FALSE,FALSE,FALSE
"h18_0070",1.20518900229911,2280,2364.5,0,FALSE,FALSE,FALSE
"h12_0896",1.20519509704673,2281,2550.5,0,FALSE,FALSE,FALSE
"h06_0386",1.20519858346432,2282,1585,0,FALSE,FALSE,FALSE
"h12_0790",1.20520371009996,2283,1824,0,FALSE,FALSE,FALSE
"h06_0067",1.20520719317474,2284,2117,0,FALSE,FALSE,FALSE
"h18_0342",1.20521836682992,2285,2150.5,0,FALSE,FALSE,FALSE
"h18_0050",1.20523021459225,2286,2525,0,FALSE,FALSE,FALSE
"h18_0665",1.2052434458429,2287,2715.5,0,FALSE,FALSE,FALSE
"h18_1015",1.20524400503529,2288,815,0,FALSE,FALSE,FALSE
"h06_0710",1.20525354993593,2289,2319.5,0,FALSE,FALSE,FALSE
"h12_0533",1.20525987359515,2290,2406.5,0,FALSE,FALSE,FALSE
"h18_0575",1.20526183760175,2291,2409.5,0,FALSE,FALSE,FALSE
"h06_0367",1.20526332713898,2292,2412,0,FALSE,FALSE,FALSE
"h18_0287",1.20526869707838,2293,1546.5,0.05,FALSE,FALSE,FALSE
"h18_0449",1.20530051700558,2294,2517,0,FALSE,FALSE,FALSE
"h06_0274",1.20530569343162,2295,2194,0,FALSE,FALSE,FALSE
"h06_0475",1.20530696033906,2296,1829.5,0,FALSE,FALSE,FALSE
"h06_0217",1.2053105228679,2297,877,0,FALSE,FALSE,FALSE
"h06_0467",1.2053171935749,2298,3068,0,FALSE,FALSE,FALSE
"h12_0466",1.20531963577047,2299,2417,0,FALSE,FALSE,FALSE
"h12_0940",1.20532405697775,2300,2435,0,FALSE,FALSE,FALSE
"h12_0426",1.20532471556223,2301,1893,0.1,FALSE,FALSE,FALSE
"h06_0529",1.20532817925423,2302,2423,0,FALSE,FALSE,FALSE
"h18_0110",1.20533447381061,2303,1832,0,FALSE,FALSE,FALSE
"h12_0427",1.2053353382047,2304,1991,0,FALSE,FALSE,FALSE
"h12_0930",1.20534469220936,2305,2589.5,0,FALSE,FALSE,FALSE
"h06_0085",1.20535605346176,2306,467.5,0,FALSE,FALSE,FALSE
"h06_0913",1.20535874450213,2307,2237,0,FALSE,FALSE,FALSE
"h12_0299",1.20538081227197,2308,1494,0,FALSE,FALSE,FALSE
"h12_0613",1.20538220563641,2309,2077,0,FALSE,FALSE,FALSE
"h06_0588",1.20538416545214,2310,1969,0,FALSE,FALSE,FALSE
"h12_0090",1.20539160982181,2311,2664,0,FALSE,FALSE,FALSE
"h12_0676",1.20539509053138,2312,2201.5,0,FALSE,FALSE,FALSE
"h06_0539",1.20539557933895,2313,534,0,FALSE,FALSE,FALSE
"h06_0704",1.20539570857538,2314,1510.5,0,FALSE,FALSE,FALSE
"h18_0647",1.20539641570686,2315,2433,0,FALSE,FALSE,FALSE
"h12_0890",1.20539655759754,2316,1597.5,0,FALSE,FALSE,FALSE
"h12_0631",1.20539733183319,2317,2117,0,FALSE,FALSE,FALSE
"h06_0726",1.20539920743603,2318,2468.5,0,FALSE,FALSE,FALSE
"h06_0440",1.2054056503088,2319,1791,0,FALSE,FALSE,FALSE
"h06_1009",1.20541996246551,2320,1240.5,0,FALSE,FALSE,FALSE
"h06_0935",1.205431847139,2321,2440.5,0,FALSE,FALSE,FALSE
"h06_0636",1.20543373043534,2322,1494,0,FALSE,FALSE,FALSE
"h18_0413",1.20543947643185,2323,2099,0,FALSE,FALSE,FALSE
"h12_0869",1.20543998071098,2324,2681,0,FALSE,FALSE,FALSE
"h12_0102",1.20545211024872,2325,1646,0,FALSE,FALSE,FALSE
"h06_0622",1.2054536990195,2326,1934,0,FALSE,FALSE,FALSE
"h06_0168",1.20546100998553,2327,1565,0,FALSE,FALSE,FALSE
"h18_0238",1.20546326858491,2328,2367,0,FALSE,FALSE,FALSE
"h12_0268",1.20546603201869,2329,2446,0,FALSE,FALSE,FALSE
"h06_0251",1.20546870501108,2330,2353,0,FALSE,FALSE,FALSE
"h06_0543",1.20547215658458,2331,2447.5,0,FALSE,FALSE,FALSE
"h12_0917",1.2054728046765,2332,2449,0,FALSE,FALSE,FALSE
"h06_0063",1.20547708229223,2333,2954.5,0.05,FALSE,FALSE,FALSE
"h18_0330",1.20549362537481,2334,1139.5,0,FALSE,FALSE,FALSE
"h06_0050",1.20550436297941,2335,3017,0,FALSE,FALSE,FALSE
"h18_0688",1.2055055172245,2336,2702.5,0,FALSE,FALSE,FALSE
"h12_0190",1.20550816599155,2337,2121,0,FALSE,FALSE,FALSE
"h18_0258",1.20553423999036,2338,1606,0,FALSE,FALSE,FALSE
"h12_0228",1.20555737069522,2339,2362.5,0,FALSE,FALSE,FALSE
"h12_0902",1.20556424666338,2340,1589,0,FALSE,FALSE,FALSE
"h18_0693",1.20557386019792,2341,1436,0,FALSE,FALSE,FALSE
"h12_0497",1.20557496962941,2342,3063,0,FALSE,FALSE,FALSE
"h12_0597",1.20558788199683,2343,2522.5,0,FALSE,FALSE,FALSE
"h06_0930",1.2055899812474,2344,2267,0,FALSE,FALSE,FALSE
"h06_0138",1.20559335092752,2345,689,0.05,FALSE,FALSE,FALSE
"h06_0797",1.20562263707104,2346,2213,0,FALSE,FALSE,FALSE
"h06_0482",1.20562323675739,2347,2461,0,FALSE,FALSE,FALSE
"h06_0728",1.20563327059536,2348,2602.5,0.05,FALSE,FALSE,FALSE
"h18_0592",1.20563647129406,2349,2462,0,FALSE,FALSE,FALSE
"h12_1021",1.20563818663465,2350,2223,0,FALSE,FALSE,FALSE
"h06_0311",1.20564004034422,2351,1943,0,FALSE,FALSE,FALSE
"h06_0660",1.20564035122042,2352,1680.5,0,FALSE,FALSE,FALSE
"h06_0759",1.20564935347216,2353,2465,0,FALSE,FALSE,FALSE
"h12_0840",1.20566740832448,2354,1003,0,FALSE,FALSE,FALSE
"h18_0463",1.20567049153741,2355,2211.5,0,FALSE,FALSE,FALSE
"h12_0394",1.20567140388416,2356,2683.5,0,FALSE,FALSE,FALSE
"h12_0649",1.20567501671459,2357,2257.5,0,FALSE,FALSE,FALSE
"h06_0009",1.20567721945422,2358,1383.5,0,FALSE,FALSE,FALSE
"h06_0984",1.20567873399593,2359,586,0,FALSE,FALSE,FALSE
"h06_0586",1.20568379950819,2360,2475.5,0,FALSE,FALSE,FALSE
"h12_0941",1.20569645580656,2361,1704,0,FALSE,FALSE,FALSE
"h12_0231",1.20569697512672,2362,2640,0,FALSE,FALSE,FALSE
"h06_0129",1.2057002745832,2363,896.5,0,FALSE,FALSE,FALSE
"h18_0698",1.20570114708082,2364,2080,0,FALSE,FALSE,FALSE
"h12_0199",1.20572936815515,2365,2713.5,0,FALSE,FALSE,FALSE
"h18_0521",1.20573844958311,2366,2293.5,0,FALSE,FALSE,FALSE
"h06_0218",1.20574981722633,2367,2479.5,0,FALSE,FALSE,FALSE
"h12_0722",1.20574989159147,2368,1095.5,0,FALSE,FALSE,FALSE
"h06_0207",1.2057541641095,2369,2660,0,FALSE,FALSE,FALSE
"h12_0310",1.20575437235079,2370,1841.5,0,FALSE,FALSE,FALSE
"h18_0380",1.20575493842303,2371,2150.5,0,FALSE,FALSE,FALSE
"h12_0698",1.20575654116102,2372,2960,0,FALSE,FALSE,FALSE
"h18_0049",1.20578243606784,2373,1779,0,FALSE,FALSE,FALSE
"h06_0355",1.20578938735647,2374,1648.5,0,FALSE,FALSE,FALSE
"h06_0466",1.20580565861811,2375,2728,0,FALSE,FALSE,FALSE
"h18_0846",1.20580946240867,2376,1817.5,0,FALSE,FALSE,FALSE
"h18_0723",1.20581052705799,2377,2745.5,0,FALSE,FALSE,FALSE
"h18_0829",1.2058187755366,2378,2082,0,FALSE,FALSE,FALSE
"h12_0358",1.20581914878625,2379,2844,0,FALSE,FALSE,FALSE
"h06_0723",1.20582260280276,2380,2685.5,0,FALSE,FALSE,FALSE
"h12_0277",1.20582932071232,2381,2683.5,0,FALSE,FALSE,FALSE
"h18_0282",1.20584134423665,2382,2761.5,0,FALSE,FALSE,FALSE
"h12_0761",1.2058424826793,2383,2781,0,FALSE,FALSE,FALSE
"h18_0341",1.20584930061043,2384,2806,0,FALSE,FALSE,FALSE
"h18_0806",1.2058504341289,2385,425.5,0,FALSE,FALSE,FALSE
"h06_0903",1.20585050466693,2386,1373.5,0,FALSE,FALSE,FALSE
"h12_1000",1.20587060602112,2387,1909,0,FALSE,FALSE,FALSE
"h06_0205",1.20587682064359,2388,2769,0,FALSE,FALSE,FALSE
"h18_0455",1.20587731891262,2389,2504.5,0,FALSE,FALSE,FALSE
"h18_0951",1.20588111517471,2390,2053,0,FALSE,FALSE,FALSE
"h06_0632",1.20588567812307,2391,1801.5,0,FALSE,FALSE,FALSE
"h18_0552",1.20588773561975,2392,2507.5,0,FALSE,FALSE,FALSE
"h12_0204",1.20588950206824,2393,2515,0,FALSE,FALSE,FALSE
"h06_0084",1.20589652448465,2394,2752.5,0,FALSE,FALSE,FALSE
"h12_0463",1.2059051427964,2395,2962.5,0,FALSE,FALSE,FALSE
"h06_0756",1.205909223242,2396,2531.5,0,FALSE,FALSE,FALSE
"h12_0588",1.20591216381685,2397,1798,0,FALSE,FALSE,FALSE
"h12_0366",1.20591256540739,2398,1676,0,FALSE,FALSE,FALSE
"h12_0707",1.20591349661642,2399,2328.5,0,FALSE,FALSE,FALSE
"h12_1001",1.20591520717747,2400,807,0.05,FALSE,FALSE,FALSE
"h18_0686",1.20591647633731,2401,2391,0,FALSE,FALSE,FALSE
"h18_0170",1.20591973483588,2402,2512,0,FALSE,FALSE,FALSE
"h06_0408",1.20592357294516,2403,2010,0,FALSE,FALSE,FALSE
"h18_0203",1.20592554056856,2404,1466,0,FALSE,FALSE,FALSE
"h12_0799",1.20593381001939,2405,2943,0,FALSE,FALSE,FALSE
"h18_0338",1.20594416547703,2406,2438,0,FALSE,FALSE,FALSE
"h12_0652",1.2059487940884,2407,2717,0,FALSE,FALSE,FALSE
"h18_0615",1.20595453487057,2408,2609,0,FALSE,FALSE,FALSE
"h06_0871",1.2059590904536,2409,2484,0,FALSE,FALSE,FALSE
"h06_0079",1.20596905120042,2410,1359.5,0,FALSE,FALSE,FALSE
"h12_0121",1.20597473105714,2411,2468.5,0.05,FALSE,FALSE,FALSE
"h06_0657",1.20597551976323,2412,1984,0.05,FALSE,FALSE,FALSE
"h12_0179",1.20597816889085,2413,2340.5,0,FALSE,FALSE,FALSE
"h18_0085",1.20598919220925,2414,2496,0,FALSE,FALSE,FALSE
"h12_0156",1.2059894742358,2415,2849.5,0,FALSE,FALSE,FALSE
"h06_0834",1.20599406243105,2416,2903.5,0,FALSE,FALSE,FALSE
"h06_0509",1.2059943734368,2417,2854.5,0,FALSE,FALSE,FALSE
"h18_0116",1.20601011499109,2418,1875.5,0,FALSE,FALSE,FALSE
"h06_0419",1.20602259686682,2419,2530,0,FALSE,FALSE,FALSE
"h18_0479",1.20602526597284,2420,2451,0,FALSE,FALSE,FALSE
"h12_0472",1.20602666329836,2421,2392.5,0,FALSE,FALSE,FALSE
"h18_0075",1.20603513945341,2422,2490.5,0,FALSE,FALSE,FALSE
"h12_0458",1.20603801405321,2423,1634,0,FALSE,FALSE,FALSE
"h18_0857",1.20605133767308,2424,2740,0,FALSE,FALSE,FALSE
"h18_0079",1.20605731740175,2425,1534,0,FALSE,FALSE,FALSE
"h18_0382",1.20606139180742,2426,2024,0,FALSE,FALSE,FALSE
"h12_0418",1.20607093649304,2427,2638,0,FALSE,FALSE,FALSE
"h06_0385",1.20608258840813,2428,2282,0,FALSE,FALSE,FALSE
"h12_0399",1.20609940398516,2429,1853,0,FALSE,FALSE,FALSE
"h12_0905",1.20610292172564,2430,2109,0,FALSE,FALSE,FALSE
"h12_0157",1.2061032993719,2431,3021,0,FALSE,FALSE,FALSE
"h12_0762",1.2061143017565,2432,2438,0,FALSE,FALSE,FALSE
"h06_0316",1.20612501378776,2433,2501,0,FALSE,FALSE,FALSE
"h18_0894",1.20613517266772,2434,2543.5,0,FALSE,FALSE,FALSE
"h06_0082",1.20614034950745,2435,2562,0,FALSE,FALSE,FALSE
"h18_0086",1.20615807457228,2436,2977.5,0,FALSE,FALSE,FALSE
"h06_0201",1.20616042898969,2437,1643,0,FALSE,FALSE,FALSE
"h12_0726",1.20616073663339,2438,2889,0,FALSE,FALSE,FALSE
"h12_0222",1.20616619424271,2439,2550.5,0,FALSE,FALSE,FALSE
"h12_0753",1.20617775896141,2440,2415.5,0,FALSE,FALSE,FALSE
"h18_0151",1.20618488336418,2441,2539.5,0,FALSE,FALSE,FALSE
"h18_0531",1.20618829270545,2442,1249,0,FALSE,FALSE,FALSE
"h18_0986",1.20619381621885,2443,2516,0,FALSE,FALSE,FALSE
"h06_0113",1.20620824252569,2444,2056.5,0,FALSE,FALSE,FALSE
"h06_0864",1.20623027306719,2445,2558.5,0,FALSE,FALSE,FALSE
"h06_0886",1.20623043510339,2446,1743,0,FALSE,FALSE,FALSE
"h06_0028",1.20624846319091,2447,2409.5,0,FALSE,FALSE,FALSE
"h12_0142",1.20626213515536,2448,1819,0,FALSE,FALSE,FALSE
"h12_0715",1.20626562734272,2449,2589.5,0,FALSE,FALSE,FALSE
"h12_0430",1.20627342212316,2450,2006,0,FALSE,FALSE,FALSE
"h06_0683",1.2062807198457,2451,2709.5,0,FALSE,FALSE,FALSE
"h12_0368",1.20628095972526,2452,2104,0,FALSE,FALSE,FALSE
"h12_0355",1.20632027882382,2453,2528.5,0,FALSE,FALSE,FALSE
"h12_0978",1.20632034382015,2454,1877,0.05,FALSE,FALSE,FALSE
"h18_0668",1.20633013717125,2455,2409.5,0,FALSE,FALSE,FALSE
"h18_0976",1.20633497930065,2456,2345.5,0,FALSE,FALSE,FALSE
"h18_0801",1.20636139945197,2457,2569,0,FALSE,FALSE,FALSE
"h18_0443",1.20636224326375,2458,2777.5,0,FALSE,FALSE,FALSE
"h06_0796",1.20638470053995,2459,2186.5,0,FALSE,FALSE,FALSE
"h06_0148",1.2063889526641,2460,1370.5,0,FALSE,FALSE,FALSE
"h18_0616",1.20639682127795,2461,2374,0,FALSE,FALSE,FALSE
"h06_0553",1.2064088767999,2462,2024,0.05,FALSE,FALSE,FALSE
"h18_0786",1.20641575558632,2463,2507.5,0,FALSE,FALSE,FALSE
"h06_0318",1.20642105851998,2464,2295.5,0,FALSE,FALSE,FALSE
"h06_0152",1.20642783332215,2465,2518,0,FALSE,FALSE,FALSE
"h12_0262",1.20643186710205,2466,2201.5,0,FALSE,FALSE,FALSE
"h18_0324",1.20643574235477,2467,2519,0,FALSE,FALSE,FALSE
"h18_0873",1.20643900906953,2468,3038,0,FALSE,FALSE,FALSE
"h18_0031",1.20648157138536,2469,2402,0,FALSE,FALSE,FALSE
"h18_0421",1.20648307932173,2470,848.5,0,FALSE,FALSE,FALSE
"h18_0834",1.2064949245936,2471,2459,0,FALSE,FALSE,FALSE
"h18_0427",1.20649619329017,2472,2936,0,FALSE,FALSE,FALSE
"h18_0043",1.2065062205744,2473,1908,0,FALSE,FALSE,FALSE
"h06_0123",1.20651118145076,2474,2642,0,FALSE,FALSE,FALSE
"h06_0547",1.20651807313815,2475,997,0,FALSE,FALSE,FALSE
"h06_0552",1.20651906964162,2476,2558.5,0,FALSE,FALSE,FALSE
"h18_0272",1.20651968715078,2477,2964.5,0,FALSE,FALSE,FALSE
"h18_0147",1.20652478541048,2478,2748.5,0,FALSE,FALSE,FALSE
"h18_0669",1.20652830058997,2479,2498,0,FALSE,FALSE,FALSE
"h18_0407",1.20654990748908,2480,2587,0,FALSE,FALSE,FALSE
"h12_0513",1.20655899142289,2481,2628,0,FALSE,FALSE,FALSE
"h18_0585",1.20656477170385,2482,2175,0,FALSE,FALSE,FALSE
"h06_0077",1.20656498955024,2483,1377,0,FALSE,FALSE,FALSE
"h18_0518",1.20656550432181,2484,2581.5,0,FALSE,FALSE,FALSE
"h06_0483",1.20657505880084,2485,880.5,0,FALSE,FALSE,FALSE
"h06_0038",1.20657935153596,2486,2599,0,FALSE,FALSE,FALSE
"h12_0835",1.20657953676056,2487,2600,0,FALSE,FALSE,FALSE
"h06_0124",1.20657978330389,2488,2587,0,FALSE,FALSE,FALSE
"h06_0014",1.20658849388978,2489,2929.5,0,FALSE,FALSE,FALSE
"h06_0848",1.20658947858394,2490,2444,0,FALSE,FALSE,FALSE
"h06_0049",1.20659216028463,2491,2630.5,0,FALSE,FALSE,FALSE
"h06_0868",1.20659557697918,2492,2602.5,0,FALSE,FALSE,FALSE
"h18_0689",1.20659902610964,2493,2430.5,0,FALSE,FALSE,FALSE
"h12_0333",1.20661426737082,2494,2836.5,0,FALSE,FALSE,FALSE
"h06_0577",1.2066361288431,2495,2384,0,FALSE,FALSE,FALSE
"h06_0321",1.20665677817487,2496,2606.5,0,FALSE,FALSE,FALSE
"h12_0810",1.20665840673606,2497,322.5,0,FALSE,FALSE,FALSE
"h12_0630",1.20666828002418,2498,2101,0,FALSE,FALSE,FALSE
"h18_0888",1.20667159964214,2499,2355,0,FALSE,FALSE,FALSE
"h18_0564",1.20668771818046,2500,2657,0,FALSE,FALSE,FALSE
"h06_0512",1.20670056805618,2501,2933,0,FALSE,FALSE,FALSE
"h06_0365",1.20671565944273,2502,3016,0,FALSE,FALSE,FALSE
"h06_0592",1.20672804746319,2503,2208,0,FALSE,FALSE,FALSE
"h12_0972",1.20672838988355,2504,2463,0,FALSE,FALSE,FALSE
"h12_0480",1.20674356407277,2505,1640,0.05,FALSE,FALSE,FALSE
"h06_0388",1.20674449021167,2506,1524.5,0,FALSE,FALSE,FALSE
"h06_0814",1.20674597114352,2507,2612,0,FALSE,FALSE,FALSE
"h12_0962",1.20674875549548,2508,2887.5,0.05,FALSE,FALSE,FALSE
"h18_0319",1.2067588451195,2509,2623,0,FALSE,FALSE,FALSE
"h18_0948",1.20676742905186,2510,2624.5,0.05,FALSE,FALSE,FALSE
"h12_0349",1.20677053197038,2511,1596,0,FALSE,FALSE,FALSE
"h18_0606",1.20677960862254,2512,2468.5,0,FALSE,FALSE,FALSE
"h12_0082",1.20678916976006,2513,2628,0,FALSE,FALSE,FALSE
"h06_0369",1.20679065831064,2514,2553,0,FALSE,FALSE,FALSE
"h18_1008",1.20679093838469,2515,2606.5,0.05,FALSE,FALSE,FALSE
"h06_0920",1.20680107124096,2516,2006,0,FALSE,FALSE,FALSE
"h06_0843",1.20680153973627,2517,2165,0,FALSE,FALSE,FALSE
"h06_0714",1.20680453444096,2518,2635,0,FALSE,FALSE,FALSE
"h18_0349",1.20681150515138,2519,2819.5,0,FALSE,FALSE,FALSE
"h12_0412",1.20681504401434,2520,2636,0,FALSE,FALSE,FALSE
"h18_0749",1.20682151336197,2521,2315.5,0,FALSE,FALSE,FALSE
"h12_0422",1.20682248522412,2522,2696,0,FALSE,FALSE,FALSE
"h18_0360",1.20684281873698,2523,2445,0,FALSE,FALSE,FALSE
"h12_0353",1.20684936515346,2524,2851.5,0,FALSE,FALSE,FALSE
"h06_0072",1.20686723935381,2525,2765.5,0.05,FALSE,FALSE,FALSE
"h18_0601",1.20687775520718,2526,1061.5,0,FALSE,FALSE,FALSE
"h18_0274",1.20688683636416,2527,1585,0,FALSE,FALSE,FALSE
"h12_0119",1.20688808580475,2528,2239.5,0,FALSE,FALSE,FALSE
"h18_0877",1.20689563312907,2529,2080,0,FALSE,FALSE,FALSE
"h06_0966",1.20689777352986,2530,2096,0,FALSE,FALSE,FALSE
"h12_0999",1.2069061521919,2531,2598,0,FALSE,FALSE,FALSE
"h12_0623",1.20690826458394,2532,2496,0.05,FALSE,FALSE,FALSE
"h12_0523",1.20690913903124,2533,1875.5,0,FALSE,FALSE,FALSE
"h06_0164",1.20690987861508,2534,2608,0,FALSE,FALSE,FALSE
"h12_0636",1.20692195447397,2535,2743.5,0,FALSE,FALSE,FALSE
"h12_0860",1.20693500912234,2536,2364.5,0,FALSE,FALSE,FALSE
"h06_0560",1.2069493582733,2537,2610.5,0,FALSE,FALSE,FALSE
"h12_1019",1.20695184726326,2538,2466,0,FALSE,FALSE,FALSE
"h18_0051",1.20695433507712,2539,2483,0,FALSE,FALSE,FALSE
"h18_0600",1.20697418128476,2540,2878,0,FALSE,FALSE,FALSE
"h18_0267",1.20697623440571,2541,2654.5,0,FALSE,FALSE,FALSE
"h12_0180",1.20700399811874,2542,2349.5,0,FALSE,FALSE,FALSE
"h12_0185",1.20701105242556,2543,2051,0,FALSE,FALSE,FALSE
"h12_0994",1.20701196472942,2544,1526.5,0,FALSE,FALSE,FALSE
"h12_0014",1.20701789178968,2545,2659,0,FALSE,FALSE,FALSE
"h12_0749",1.20702651152357,2546,2650,0,FALSE,FALSE,FALSE
"h06_0507",1.20703510428667,2547,2384,0,FALSE,FALSE,FALSE
"h12_0386",1.20704567097395,2548,1385,0,FALSE,FALSE,FALSE
"h12_0849",1.20705100683531,2549,2811.5,0,FALSE,FALSE,FALSE
"h18_0000",1.20707344308955,2550,2541,0,FALSE,FALSE,FALSE
"h06_0034",1.20707740575352,2551,2915.5,0,FALSE,FALSE,FALSE
"h06_0446",1.20707951807554,2552,1581.5,0,FALSE,FALSE,FALSE
"h12_0969",1.20708279357744,2553,2938,0,FALSE,FALSE,FALSE
"h18_0450",1.20709330979074,2554,2668.5,0,FALSE,FALSE,FALSE
"h06_0699",1.20709333591649,2555,2610.5,0,FALSE,FALSE,FALSE
"h06_0799",1.2070955087675,2556,2077,0,FALSE,FALSE,FALSE
"h06_0068",1.20710104564791,2557,2648.5,0,FALSE,FALSE,FALSE
"h06_0457",1.2071026523715,2558,2319.5,0,FALSE,FALSE,FALSE
"h06_0748",1.20710287609995,2559,2742,0,FALSE,FALSE,FALSE
"h06_0182",1.20712554542605,2560,1528.5,0,FALSE,FALSE,FALSE
"h12_0009",1.20712588470398,2561,1563,0,FALSE,FALSE,FALSE
"h06_0208",1.20713980707339,2562,2615.5,0,FALSE,FALSE,FALSE
"h12_0274",1.20714312967281,2563,819.5,0.05,FALSE,FALSE,FALSE
"h06_0988",1.20714817162135,2564,2679,0,FALSE,FALSE,FALSE
"h12_0745",1.20715099656839,2565,2526.5,0,FALSE,FALSE,FALSE
"h12_0673",1.20715628564779,2566,1860,0,FALSE,FALSE,FALSE
"h18_0921",1.20717602094917,2567,3001,0,FALSE,FALSE,FALSE
"h12_0552",1.20719408084216,2568,1240.5,0,FALSE,FALSE,FALSE
"h06_0585",1.20720133304011,2569,1656.5,0,FALSE,FALSE,FALSE
"h06_0094",1.20720565407218,2570,2689.5,0,FALSE,FALSE,FALSE
"h12_0504",1.20721799932557,2571,2692,0,FALSE,FALSE,FALSE
"h18_0041",1.20722005311831,2572,2728,0.05,FALSE,FALSE,FALSE
"h06_0719",1.20722018215381,2573,3010.5,0,FALSE,FALSE,FALSE
"h12_0787",1.20724001583666,2574,2654.5,0,FALSE,FALSE,FALSE
"h12_0343",1.20724530548788,2575,2671.5,0,FALSE,FALSE,FALSE
"h18_0743",1.20725160069149,2576,2698,0,FALSE,FALSE,FALSE
"h12_0803",1.20726138510829,2577,2689.5,0,FALSE,FALSE,FALSE
"h06_1014",1.20726707407213,2578,1946.5,0,FALSE,FALSE,FALSE
"h12_0308",1.20728010431566,2579,1570.5,0,FALSE,FALSE,FALSE
"h18_0724",1.20728203685869,2580,2816.5,0.05,FALSE,FALSE,FALSE
"h12_0141",1.20728331815392,2581,2234.5,0,FALSE,FALSE,FALSE
"h18_0348",1.2072932824481,2582,2499.5,0,FALSE,FALSE,FALSE
"h18_0361",1.20732912190218,2583,2547,0,FALSE,FALSE,FALSE
"h06_0645",1.20733664690805,2584,2721.5,0,FALSE,FALSE,FALSE
"h06_0664",1.20733744239398,2585,2205,0,FALSE,FALSE,FALSE
"h12_0401",1.20734466004514,2586,1207,0,FALSE,FALSE,FALSE
"h18_0831",1.20734774457844,2587,2113,0,FALSE,FALSE,FALSE
"h12_0482",1.20734774992848,2588,2299,0,FALSE,FALSE,FALSE
"h18_1002",1.20734826320932,2589,2948,0.05,FALSE,FALSE,FALSE
"h06_0549",1.20735497064753,2590,2707.5,0,FALSE,FALSE,FALSE
"h18_0169",1.20735970400802,2591,950,0,FALSE,FALSE,FALSE
"h18_0852",1.20736737237343,2592,2713.5,0,FALSE,FALSE,FALSE
"h06_0735",1.2074106277352,2593,2646,0,FALSE,FALSE,FALSE
"h12_0563",1.20741460529701,2594,2397,0.05,FALSE,FALSE,FALSE
"h18_0879",1.20741743836589,2595,2715.5,0,FALSE,FALSE,FALSE
"h18_0769",1.20742862186396,2596,2201.5,0,FALSE,FALSE,FALSE
"h18_0635",1.20742947753439,2597,1741,0,FALSE,FALSE,FALSE
"h18_0502",1.20745039870831,2598,2009,0.05,FALSE,FALSE,FALSE
"h18_0117",1.20745689250374,2599,816,0,FALSE,FALSE,FALSE
"h18_0118",1.2074617696892,2600,985,0,FALSE,FALSE,FALSE
"h12_0575",1.20746562905522,2601,2217.5,0,FALSE,FALSE,FALSE
"h06_0621",1.20746919087235,2602,2234.5,0,FALSE,FALSE,FALSE
"h18_0038",1.20749280291916,2603,1738,0,FALSE,FALSE,FALSE
"h06_0297",1.2075079924422,2604,2803,0,FALSE,FALSE,FALSE
"h12_0876",1.20751973027985,2605,2694,0,FALSE,FALSE,FALSE
"h12_0986",1.20752032517447,2606,2555.5,0,FALSE,FALSE,FALSE
"h18_0289",1.20752116901912,2607,2270.5,0.05,FALSE,FALSE,FALSE
"h06_0284",1.20752742671827,2608,2733,0,FALSE,FALSE,FALSE
"h06_0897",1.20754112566194,2609,2535,0,FALSE,FALSE,FALSE
"h12_0979",1.20754709470695,2610,2325.5,0,FALSE,FALSE,FALSE
"h12_0576",1.20758147527843,2611,2674.5,0,FALSE,FALSE,FALSE
"h06_0193",1.20758636566858,2612,1984,0,FALSE,FALSE,FALSE
"h06_0839",1.20759450368136,2613,2740,0,FALSE,FALSE,FALSE
"h06_0949",1.20760485499036,2614,1922.5,0,FALSE,FALSE,FALSE
"h06_0040",1.20760537861418,2615,988,0,FALSE,FALSE,FALSE
"h12_0192",1.20760963757774,2616,2745.5,0,FALSE,FALSE,FALSE
"h06_0211",1.20761283731389,2617,2702.5,0,FALSE,FALSE,FALSE
"h06_0950",1.20761386111161,2618,1430,0,FALSE,FALSE,FALSE
"h18_0037",1.20761912951788,2619,2399.5,0,FALSE,FALSE,FALSE
"h12_0601",1.20763050866523,2620,2786.5,0,FALSE,FALSE,FALSE
"h12_0732",1.20766615977445,2621,2475.5,0,FALSE,FALSE,FALSE
"h06_0358",1.20766781509515,2622,2474,0,FALSE,FALSE,FALSE
"h18_0551",1.20767039155598,2623,2555.5,0,FALSE,FALSE,FALSE
"h06_0785",1.20767966687643,2624,1146,0,FALSE,FALSE,FALSE
"h06_0041",1.20768897548844,2625,2754,0,FALSE,FALSE,FALSE
"h06_0336",1.2077025481335,2626,2046.5,0,FALSE,FALSE,FALSE
"h06_0856",1.20772242099644,2627,2620,0,FALSE,FALSE,FALSE
"h12_0215",1.20773140224724,2628,2909,0,FALSE,FALSE,FALSE
"h12_0814",1.20776813323263,2629,2571.5,0,FALSE,FALSE,FALSE
"h12_0536",1.20777339212489,2630,2573.5,0,FALSE,FALSE,FALSE
"h12_0709",1.20780703525245,2631,2761.5,0,FALSE,FALSE,FALSE
"h18_0440",1.20782425709722,2632,3045,0,FALSE,FALSE,FALSE
"h18_0278",1.20783549662621,2633,2941,0,FALSE,FALSE,FALSE
"h18_0186",1.20783550415428,2634,1428,0,FALSE,FALSE,FALSE
"h12_0727",1.20783652464457,2635,2314,0,FALSE,FALSE,FALSE
"h06_0887",1.20783812159768,2636,2763,0,FALSE,FALSE,FALSE
"h18_0582",1.20787019360469,2637,2750,0,FALSE,FALSE,FALSE
"h06_0366",1.20787073583545,2638,1844.5,0,FALSE,FALSE,FALSE
"h12_0813",1.20787095785405,2639,2728,0,FALSE,FALSE,FALSE
"h18_0281",1.20789269168603,2640,1949.5,0,FALSE,FALSE,FALSE
"h12_0904",1.20790421729883,2641,2537.5,0,FALSE,FALSE,FALSE
"h18_0048",1.20790654732147,2642,1342.5,0,FALSE,FALSE,FALSE
"h12_0485",1.20791357200805,2643,2896,0,FALSE,FALSE,FALSE
"h18_0161",1.20791580611315,2644,579,0,FALSE,FALSE,FALSE
"h18_0977",1.20792894875765,2645,2226.5,0,FALSE,FALSE,FALSE
"h06_0032",1.20793455304998,2646,2757.5,0,FALSE,FALSE,FALSE
"h12_0032",1.2079379851036,2647,1647,0,FALSE,FALSE,FALSE
"h06_0364",1.20796002678038,2648,1601,0,FALSE,FALSE,FALSE
"h12_0923",1.20796266447875,2649,1617,0,FALSE,FALSE,FALSE
"h12_0605",1.20798459135644,2650,2596,0,FALSE,FALSE,FALSE
"h06_1012",1.20801366809508,2651,2867,0,FALSE,FALSE,FALSE
"h06_0485",1.20802507522414,2652,1355,0,FALSE,FALSE,FALSE
"h12_0230",1.20803149812392,2653,2310,0,FALSE,FALSE,FALSE
"h18_0082",1.20803280761821,2654,2666,0,FALSE,FALSE,FALSE
"h06_0655",1.20803826834798,2655,2645,0,FALSE,FALSE,FALSE
"h06_0946",1.20804759391645,2656,2487.5,0,FALSE,FALSE,FALSE
"h12_0144",1.20804967051196,2657,2711,0,FALSE,FALSE,FALSE
"h18_0152",1.20805716854583,2658,2782.5,0.05,FALSE,FALSE,FALSE
"h18_0940",1.20805776613553,2659,2892.5,0,FALSE,FALSE,FALSE
"h12_0236",1.2080612447338,2660,2510,0,FALSE,FALSE,FALSE
"h12_0340",1.20806893200229,2661,2805,0,FALSE,FALSE,FALSE
"h12_0897",1.20808658526309,2662,2786.5,0,FALSE,FALSE,FALSE
"h18_0017",1.20808784535513,2663,930.5,0,FALSE,FALSE,FALSE
"h06_0544",1.20810180026085,2664,2560,0,FALSE,FALSE,FALSE
"h12_0078",1.20810823301893,2665,2796,0,FALSE,FALSE,FALSE
"h12_0033",1.20811014841758,2666,2284,0,FALSE,FALSE,FALSE
"h18_0386",1.20811428638604,2667,2903.5,0,FALSE,FALSE,FALSE
"h06_0398",1.20811466278065,2668,2798.5,0,FALSE,FALSE,FALSE
"h18_0304",1.20811540846841,2669,2633,0,FALSE,FALSE,FALSE
"h06_0018",1.20812108016748,2670,2771,0.05,FALSE,FALSE,FALSE
"h18_0039",1.20812731277296,2671,2861,0,FALSE,FALSE,FALSE
"h18_0576",1.20813350499894,2672,2693,0,FALSE,FALSE,FALSE
"h06_0805",1.20814921770131,2673,2689.5,0,FALSE,FALSE,FALSE
"h12_0383",1.2081500346614,2674,2647,0.05,FALSE,FALSE,FALSE
"h18_0141",1.20815434443139,2675,2264,0,FALSE,FALSE,FALSE
"h06_0863",1.20815939661017,2676,2979,0,FALSE,FALSE,FALSE
"h12_0320",1.20816390917914,2677,888.5,0,FALSE,FALSE,FALSE
"h06_0556",1.20816797092172,2678,2577.5,0,FALSE,FALSE,FALSE
"h18_0500",1.20817059541044,2679,2814,0,FALSE,FALSE,FALSE
"h18_0328",1.20818874992269,2680,1886,0,FALSE,FALSE,FALSE
"h18_0803",1.20819982496571,2681,2674.5,0,FALSE,FALSE,FALSE
"h06_0994",1.20820887649767,2682,2216,0.05,FALSE,FALSE,FALSE
"h06_0820",1.20820990586624,2683,1778,0,FALSE,FALSE,FALSE
"h06_0738",1.20821183299478,2684,1782,0,FALSE,FALSE,FALSE
"h12_0018",1.20821328008174,2685,2821.5,0,FALSE,FALSE,FALSE
"h06_1010",1.20823362700186,2686,2146,0,FALSE,FALSE,FALSE
"h18_0381",1.20823499767134,2687,2826,0.05,FALSE,FALSE,FALSE
"h12_0031",1.20823535131435,2688,2567,0,FALSE,FALSE,FALSE
"h06_0831",1.2082358731009,2689,2681,0,FALSE,FALSE,FALSE
"h06_0653",1.20824044755722,2690,2793.5,0,FALSE,FALSE,FALSE
"h12_0337",1.20825054030045,2691,2604.5,0,FALSE,FALSE,FALSE
"h12_0417",1.20827084388896,2692,1660.5,0,FALSE,FALSE,FALSE
"h18_0363",1.20828107067781,2693,2782.5,0,FALSE,FALSE,FALSE
"h12_0618",1.20828982491447,2694,2062.5,0,FALSE,FALSE,FALSE
"h06_0533",1.20829782099949,2695,3032.5,0,FALSE,FALSE,FALSE
"h06_0368",1.2083313420378,2696,1741,0,FALSE,FALSE,FALSE
"h18_0432",1.2083392519988,2697,2908,0,FALSE,FALSE,FALSE
"h12_0363",1.20834573896942,2698,2839,0,FALSE,FALSE,FALSE
"h06_0174",1.20834577465379,2699,2261,0,FALSE,FALSE,FALSE
"h12_0161",1.20835387771492,2700,2807.5,0,FALSE,FALSE,FALSE
"h06_0788",1.20835831228539,2701,2957,0,FALSE,FALSE,FALSE
"h06_0572",1.20836349924713,2702,2522.5,0,FALSE,FALSE,FALSE
"h18_0828",1.20836974126028,2703,2592.5,0,FALSE,FALSE,FALSE
"h06_0596",1.2083808563339,2704,2648.5,0,FALSE,FALSE,FALSE
"h18_0481",1.20838715605315,2705,2617,0.05,FALSE,FALSE,FALSE
"h06_0792",1.20839227448324,2706,2712,0,FALSE,FALSE,FALSE
"h06_0064",1.20841335687873,2707,2976,0,FALSE,FALSE,FALSE
"h18_0259",1.20844881429692,2708,2114.5,0.05,FALSE,FALSE,FALSE
"h18_0021",1.20845766984535,2709,2035,0.05,FALSE,FALSE,FALSE
"h18_0942",1.20847110231616,2710,2793.5,0,FALSE,FALSE,FALSE
"h06_0923",1.2084774956497,2711,2702.5,0,FALSE,FALSE,FALSE
"h06_0916",1.20851339240179,2712,2847,0,FALSE,FALSE,FALSE
"h12_0452",1.20854572942889,2713,891.5,0,FALSE,FALSE,FALSE
"h06_0689",1.20856219650652,2714,2349.5,0,FALSE,FALSE,FALSE
"h06_0166",1.20856860615675,2715,2791.5,0.05,FALSE,FALSE,FALSE
"h06_0737",1.20858691402479,2716,2854.5,0,FALSE,FALSE,FALSE
"h06_0286",1.20862096712066,2717,1960.5,0,FALSE,FALSE,FALSE
"h06_0774",1.20862611059152,2718,2305,0,FALSE,FALSE,FALSE
"h18_0168",1.20863105075085,2719,2637,0,FALSE,FALSE,FALSE
"h12_0892",1.20863498305684,2720,2183,0,FALSE,FALSE,FALSE
"h12_0305",1.20865206151283,2721,2821.5,0.05,FALSE,FALSE,FALSE
"h12_0474",1.20866665041722,2722,2905,0,FALSE,FALSE,FALSE
"h18_0851",1.20869316660172,2723,2249,0,FALSE,FALSE,FALSE
"h18_0201",1.20870242551791,2724,462,0,FALSE,FALSE,FALSE
"h18_0777",1.20871088978153,2725,2189.5,0,FALSE,FALSE,FALSE
"h18_0206",1.20875112242406,2726,2092.5,0,FALSE,FALSE,FALSE
"h18_0212",1.20875599870337,2727,2863,0,FALSE,FALSE,FALSE
"h18_0124",1.20875756975763,2728,2864.5,0.05,FALSE,FALSE,FALSE
"h06_0272",1.20876564529972,2729,2358,0,FALSE,FALSE,FALSE
"h06_0294",1.20876626695326,2730,1381.5,0,FALSE,FALSE,FALSE
"h18_0841",1.2087680334223,2731,2086,0,FALSE,FALSE,FALSE
"h06_0443",1.20877516813838,2732,2334.5,0,FALSE,FALSE,FALSE
"h12_0304",1.20877954857145,2733,2696,0,FALSE,FALSE,FALSE
"h06_0158",1.20878079212161,2734,2871.5,0,FALSE,FALSE,FALSE
"h12_0981",1.20878393771666,2735,2594,0,FALSE,FALSE,FALSE
"h18_0929",1.20878584763836,2736,2493,0,FALSE,FALSE,FALSE
"h18_0761",1.20882900407978,2737,2875.5,0,FALSE,FALSE,FALSE
"h12_0882",1.20884994182671,2738,2724,0,FALSE,FALSE,FALSE
"h12_0369",1.20885833800187,2739,2386.5,0,FALSE,FALSE,FALSE
"h06_0024",1.20886201965393,2740,1850,0,FALSE,FALSE,FALSE
"h18_0108",1.20887938227138,2741,2502,0,FALSE,FALSE,FALSE
"h12_0637",1.20888098138817,2742,2520.5,0,FALSE,FALSE,FALSE
"h12_0453",1.20890205069512,2743,2685.5,0,FALSE,FALSE,FALSE
"h18_0239",1.20890594173587,2744,2561,0,FALSE,FALSE,FALSE
"h18_0526",1.208915350984,2745,2256,0.05,FALSE,FALSE,FALSE
"h12_0777",1.20892384574726,2746,2705.5,0,FALSE,FALSE,FALSE
"h18_0721",1.20892736619848,2747,290.5,0,FALSE,FALSE,FALSE
"h12_0437",1.20892800760621,2748,2887.5,0,FALSE,FALSE,FALSE
"h06_0245",1.20894199191364,2749,1118,0,FALSE,FALSE,FALSE
"h06_0449",1.20896393707757,2750,2771,0,FALSE,FALSE,FALSE
"h06_0439",1.20896451154908,2751,2828.5,0,FALSE,FALSE,FALSE
"h12_0207",1.20897814797727,2752,2524,0,FALSE,FALSE,FALSE
"h12_0071",1.20898025856934,2753,1964.5,0,FALSE,FALSE,FALSE
"h18_0415",1.20898439535069,2754,2579.5,0,FALSE,FALSE,FALSE
"h18_0978",1.20898910102857,2755,1725.5,0,FALSE,FALSE,FALSE
"h18_0419",1.20900200027334,2756,2894.5,0.05,FALSE,FALSE,FALSE
"h06_0504",1.20901508716053,2757,2767.5,0,FALSE,FALSE,FALSE
"h12_0938",1.20903323109229,2758,2941,0,FALSE,FALSE,FALSE
"h18_0198",1.20904820688346,2759,2423,0,FALSE,FALSE,FALSE
"h06_0017",1.20905256505374,2760,2266,0,FALSE,FALSE,FALSE
"h18_0218",1.2090578859721,2761,1957.5,0,FALSE,FALSE,FALSE
"h18_0451",1.20906906084161,2762,2871.5,0,FALSE,FALSE,FALSE
"h18_0059",1.20907323104563,2763,2592.5,0,FALSE,FALSE,FALSE
"h18_0874",1.20908082479082,2764,2960,0,FALSE,FALSE,FALSE
"h12_0371",1.20908612008929,2765,2724,0,FALSE,FALSE,FALSE
"h06_0165",1.20909620394976,2766,2780,0,FALSE,FALSE,FALSE
"h06_0523",1.2091132652817,2767,2832,0,FALSE,FALSE,FALSE
"h18_0489",1.20913138355563,2768,2052,0,FALSE,FALSE,FALSE
"h12_0128",1.20913160775631,2769,1485,0,FALSE,FALSE,FALSE
"h06_0323",1.20914599383083,2770,2395.5,0,FALSE,FALSE,FALSE
"h12_0099",1.20915218156829,2771,2730.5,0,FALSE,FALSE,FALSE
"h06_0894",1.20915356610543,2772,2831,0,FALSE,FALSE,FALSE
"h12_0511",1.20920270738388,2773,2981,0,FALSE,FALSE,FALSE
"h06_0234",1.20921267844661,2774,2347.5,0,FALSE,FALSE,FALSE
"h18_0906",1.2092240231884,2775,2392.5,0,FALSE,FALSE,FALSE
"h12_0865",1.20922470461496,2776,1635,0,FALSE,FALSE,FALSE
"h18_0315",1.20924791931134,2777,2915.5,0,FALSE,FALSE,FALSE
"h06_0618",1.20926034544567,2778,2921,0,FALSE,FALSE,FALSE
"h18_0205",1.20926214569029,2779,2913,0,FALSE,FALSE,FALSE
"h18_0902",1.20931585908161,2780,2262,0,FALSE,FALSE,FALSE
"h06_0231",1.20931915412102,2781,2464,0,FALSE,FALSE,FALSE
"h12_0212",1.20932486179648,2782,2814,0,FALSE,FALSE,FALSE
"h18_0622",1.20932638552917,2783,2789,0,FALSE,FALSE,FALSE
"h18_0452",1.20936179314315,2784,2312.5,0,FALSE,FALSE,FALSE
"h18_0559",1.20937182218289,2785,2918.5,0,FALSE,FALSE,FALSE
"h06_0283",1.20937205308065,2786,2307.5,0,FALSE,FALSE,FALSE
"h18_0101",1.20938967485002,2787,2814,0,FALSE,FALSE,FALSE
"h06_0675",1.20940765538816,2788,2920,0.05,FALSE,FALSE,FALSE
"h06_0393",1.20941156748945,2789,2779,0,FALSE,FALSE,FALSE
"h18_0429",1.2094242852268,2790,1856.5,0.05,FALSE,FALSE,FALSE
"h12_0773",1.20945600259229,2791,2269,0,FALSE,FALSE,FALSE
"h18_0301",1.20945696054919,2792,2974.5,0,FALSE,FALSE,FALSE
"h12_0759",1.20946043295162,2793,2972.5,0,FALSE,FALSE,FALSE
"h18_0547",1.20946795794999,2794,2221,0,FALSE,FALSE,FALSE
"h18_0015",1.20947002803803,2795,1386,0,FALSE,FALSE,FALSE
"h12_0400",1.20947812823178,2796,1746.5,0,FALSE,FALSE,FALSE
"h06_0146",1.20948232472897,2797,2926,0,FALSE,FALSE,FALSE
"h06_0479",1.20952580281035,2798,2512,0,FALSE,FALSE,FALSE
"h18_0355",1.2095370242372,2799,2997,0.05,FALSE,FALSE,FALSE
"h12_0070",1.20953720663953,2800,1623.5,0,FALSE,FALSE,FALSE
"h12_0965",1.20953848212322,2801,2677.5,0,FALSE,FALSE,FALSE
"h12_0886",1.20955127159689,2802,801,0,FALSE,FALSE,FALSE
"h12_0675",1.20956652108532,2803,1552,0,FALSE,FALSE,FALSE
"h12_0961",1.20956694243768,2804,2883,0,FALSE,FALSE,FALSE
"h18_0402",1.20958668546122,2805,1957.5,0,FALSE,FALSE,FALSE
"h18_0644",1.20959522333358,2806,2993,0,FALSE,FALSE,FALSE
"h06_0460",1.20959854726178,2807,2318,0,FALSE,FALSE,FALSE
"h12_0405",1.20960172657307,2808,2259.5,0.05,FALSE,FALSE,FALSE
"h12_0468",1.20960774550806,2809,2425,0,FALSE,FALSE,FALSE
"h12_0524",1.20964351416086,2810,2859,0,FALSE,FALSE,FALSE
"h06_0253",1.20964570667622,2811,2687,0,FALSE,FALSE,FALSE
"h06_0012",1.20965065511922,2812,2536,0,FALSE,FALSE,FALSE
"h18_0408",1.20965823335035,2813,2807.5,0,FALSE,FALSE,FALSE
"h12_0939",1.20966302178187,2814,2931,0,FALSE,FALSE,FALSE
"h12_0205",1.20966887677509,2815,2184.5,0,FALSE,FALSE,FALSE
"h06_0360",1.20967650319172,2816,2571.5,0,FALSE,FALSE,FALSE
"h18_0447",1.2097139068711,2817,2885.5,0,FALSE,FALSE,FALSE
"h06_0444",1.2097437636633,2818,2839,0,FALSE,FALSE,FALSE
"h18_0901",1.20974489463801,2819,2939,0,FALSE,FALSE,FALSE
"h18_0567",1.2097683413162,2820,2880,0,FALSE,FALSE,FALSE
"h12_0423",1.20977480762467,2821,2941,0,FALSE,FALSE,FALSE
"h06_0847",1.20977741749576,2822,1308.5,0,FALSE,FALSE,FALSE
"h12_0154",1.20978251031699,2823,2834.5,0,FALSE,FALSE,FALSE
"h18_0764",1.20979396871063,2824,2800.5,0,FALSE,FALSE,FALSE
"h18_0025",1.20979986719406,2825,580.5,0,FALSE,FALSE,FALSE
"h12_1016",1.20980181177584,2826,2707.5,0,FALSE,FALSE,FALSE
"h12_0641",1.20981653405356,2827,2493,0,FALSE,FALSE,FALSE
"h12_0162",1.20983539253048,2828,2949,0,FALSE,FALSE,FALSE
"h18_0372",1.20985141829285,2829,2789,0,FALSE,FALSE,FALSE
"h18_0285",1.2098516403852,2830,2127.5,0,FALSE,FALSE,FALSE
"h06_0640",1.20985836795891,2831,1993,0,FALSE,FALSE,FALSE
"h18_0909",1.20986506261195,2832,829.5,0,FALSE,FALSE,FALSE
"h06_0789",1.20986613437203,2833,2869,0,FALSE,FALSE,FALSE
"h18_0296",1.20988602737338,2834,2661.5,0,FALSE,FALSE,FALSE
"h18_0087",1.20990406010432,2835,3028,0,FALSE,FALSE,FALSE
"h12_0122",1.20991985124318,2836,2482,0.05,FALSE,FALSE,FALSE
"h18_0597",1.20994021295428,2837,2414,0.05,FALSE,FALSE,FALSE
"h18_0221",1.20997254566572,2838,2164,0.05,FALSE,FALSE,FALSE
"h18_0814",1.20998975366243,2839,2019.5,0,FALSE,FALSE,FALSE
"h12_0413",1.20999094655628,2840,2032.5,0,FALSE,FALSE,FALSE
"h06_0188",1.21000280948233,2841,2001.5,0,FALSE,FALSE,FALSE
"h18_0915",1.21000751717008,2842,2166.5,0,FALSE,FALSE,FALSE
"h06_0531",1.21004214909574,2843,2848,0,FALSE,FALSE,FALSE
"h12_0037",1.21004445690326,2844,2953,0,FALSE,FALSE,FALSE
"h18_0387",1.21007836866139,2845,2902,0,FALSE,FALSE,FALSE
"h06_0625",1.21016459012172,2846,2828.5,0,FALSE,FALSE,FALSE
"h18_0916",1.2101681040824,2847,2929.5,0,FALSE,FALSE,FALSE
"h18_0959",1.21017292276156,2848,2531.5,0,FALSE,FALSE,FALSE
"h12_0314",1.21017922279362,2849,2867,0,FALSE,FALSE,FALSE
"h12_0416",1.21018773441732,2850,2944,0,FALSE,FALSE,FALSE
"h06_0749",1.21019528685263,2851,2802,0,FALSE,FALSE,FALSE
"h18_0681",1.21019560958011,2852,3040,0,FALSE,FALSE,FALSE
"h12_0271",1.2101994343778,2853,2809,0,FALSE,FALSE,FALSE
"h18_0009",1.21021710991546,2854,2382,0,FALSE,FALSE,FALSE
"h18_0284",1.21022303395957,2855,2066.5,0,FALSE,FALSE,FALSE
"h06_0180",1.21022354104951,2856,1791,0,FALSE,FALSE,FALSE
"h18_0295",1.21024262462628,2857,2103,0,FALSE,FALSE,FALSE
"h12_1006",1.21024277623193,2858,1501,0,FALSE,FALSE,FALSE
"h18_0046",1.21026261275654,2859,2926,0,FALSE,FALSE,FALSE
"h06_0005",1.21027308669641,2860,2630.5,0,FALSE,FALSE,FALSE
"h12_0125",1.21027673059758,2861,2901,0,FALSE,FALSE,FALSE
"h12_0135",1.2103127147477,2862,2897,0,FALSE,FALSE,FALSE
"h12_0376",1.21034091553477,2863,2967,0,FALSE,FALSE,FALSE
"h06_0435",1.21034337980661,2864,2864.5,0,FALSE,FALSE,FALSE
"h18_0112",1.21035684785002,2865,2891,0,FALSE,FALSE,FALSE
"h06_0447",1.21039367943087,2866,2923,0,FALSE,FALSE,FALSE
"h12_0129",1.21041273488022,2867,2823.5,0,FALSE,FALSE,FALSE
"h18_0740",1.21041950680104,2868,2282,0,FALSE,FALSE,FALSE
"h18_0385",1.21043445347352,2869,2003.5,0,FALSE,FALSE,FALSE
"h06_0361",1.21045385287566,2870,2206,0,FALSE,FALSE,FALSE
"h12_0005",1.21045438729786,2871,2621.5,0,FALSE,FALSE,FALSE
"h06_0128",1.21055331548692,2872,2733,0,FALSE,FALSE,FALSE
"h06_0484",1.21055647430428,2873,2784.5,0,FALSE,FALSE,FALSE
"h18_0676",1.2106155002609,2874,2954.5,0,FALSE,FALSE,FALSE
"h12_0838",1.2106162670324,2875,2295.5,0,FALSE,FALSE,FALSE
"h06_0944",1.21062215757609,2876,2914,0,FALSE,FALSE,FALSE
"h18_0067",1.21062922894648,2877,2730.5,0,FALSE,FALSE,FALSE
"h18_0605",1.21064996223875,2878,627.5,0.05,FALSE,FALSE,FALSE
"h12_0946",1.21065835527185,2879,3010.5,0,FALSE,FALSE,FALSE
"h18_0309",1.21066376906035,2880,2950,0,FALSE,FALSE,FALSE
"h06_0260",1.21066914769789,2881,2557,0,FALSE,FALSE,FALSE
"h18_0778",1.21067713199476,2882,1817.5,0,FALSE,FALSE,FALSE
"h06_0277",1.2106883723872,2883,2859,0,FALSE,FALSE,FALSE
"h06_0741",1.21069507463138,2884,2800.5,0,FALSE,FALSE,FALSE
"h06_0233",1.21070544204187,2885,2841,0,FALSE,FALSE,FALSE
"h18_0678",1.21070695362408,2886,1629,0,FALSE,FALSE,FALSE
"h18_0624",1.21074012003474,2887,2983.5,0.05,FALSE,FALSE,FALSE
"h12_0251",1.21074327052946,2888,1484,0,FALSE,FALSE,FALSE
"h12_0659",1.21075007719801,2889,2885.5,0,FALSE,FALSE,FALSE
"h18_0766",1.21075114299897,2890,2249,0,FALSE,FALSE,FALSE
"h18_0154",1.21075918995694,2891,2696,0,FALSE,FALSE,FALSE
"h12_0093",1.21076387531898,2892,2718,0,FALSE,FALSE,FALSE
"h06_0097",1.21077951576825,2893,2890,0,FALSE,FALSE,FALSE
"h12_0354",1.21080944056913,2894,1395,0,FALSE,FALSE,FALSE
"h18_0174",1.2108805246074,2895,2833,0,FALSE,FALSE,FALSE
"h18_0643",1.21089385251982,2896,2985,0,FALSE,FALSE,FALSE
"h12_0380",1.21090826898703,2897,2747,0,FALSE,FALSE,FALSE
"h18_1022",1.21092500606239,2898,2705.5,0,FALSE,FALSE,FALSE
"h12_0806",1.21093224995262,2899,2641,0,FALSE,FALSE,FALSE
"h06_0793",1.21093530576141,2900,2991,0,FALSE,FALSE,FALSE
"h18_0162",1.21094633038703,2901,2700,0,FALSE,FALSE,FALSE
"h18_0460",1.21100223615869,2902,2843,0,FALSE,FALSE,FALSE
"h12_0995",1.21100409834433,2903,2986.5,0,FALSE,FALSE,FALSE
"h06_0702",1.21103212625366,2904,1388.5,0,FALSE,FALSE,FALSE
"h06_0144",1.21103358249405,2905,2421,0,FALSE,FALSE,FALSE
"h06_1000",1.21106114106373,2906,2804,0.05,FALSE,FALSE,FALSE
"h06_0697",1.2110612631138,2907,2733,0,FALSE,FALSE,FALSE
"h18_0866",1.21106198355602,2908,2994,0,FALSE,FALSE,FALSE
"h12_0957",1.2110660559772,2909,3057,0,FALSE,FALSE,FALSE
"h06_0516",1.21109121199437,2910,2719.5,0,FALSE,FALSE,FALSE
"h12_0288",1.21110296666902,2911,2774.5,0,FALSE,FALSE,FALSE
"h06_0822",1.21110644110321,2912,2477,0,FALSE,FALSE,FALSE
"h06_0671",1.21113531232398,2913,2998.5,0,FALSE,FALSE,FALSE
"h18_0298",1.21118157513994,2914,2661.5,0,FALSE,FALSE,FALSE
"h06_0888",1.21119982202408,2915,2995.5,0,FALSE,FALSE,FALSE
"h06_0403",1.21120758622723,2916,2633,0,FALSE,FALSE,FALSE
"h06_0459",1.21121119020225,2917,2911,0,FALSE,FALSE,FALSE
"h18_0071",1.21122156751923,2918,2667,0,FALSE,FALSE,FALSE
"h12_0572",1.21123405265255,2919,3002.5,0,FALSE,FALSE,FALSE
"h12_0044",1.21130505483937,2920,2964.5,0,FALSE,FALSE,FALSE
"h12_0263",1.2113429564766,2921,2892.5,0,FALSE,FALSE,FALSE
"h06_0658",1.21142535395095,2922,2245.5,0,FALSE,FALSE,FALSE
"h18_0454",1.2114271179424,2923,2956,0,FALSE,FALSE,FALSE
"h06_0778",1.21146311011342,2924,3023,0,FALSE,FALSE,FALSE
"h06_0626",1.21147550712214,2925,3006,0,FALSE,FALSE,FALSE
"h18_0584",1.21149853165656,2926,2427,0,FALSE,FALSE,FALSE
"h12_0501",1.21152153160774,2927,1486.5,0,FALSE,FALSE,FALSE
"h06_0430",1.21152328943745,2928,3054.5,0,FALSE,FALSE,FALSE
"h12_0531",1.21153464704145,2929,2454.5,0,FALSE,FALSE,FALSE
"h18_0257",1.21155620371023,2930,3048.5,0,FALSE,FALSE,FALSE
"h06_0614",1.21157836538594,2931,1445.5,0,FALSE,FALSE,FALSE
"h18_0490",1.21159162116047,2932,2168.5,0,FALSE,FALSE,FALSE
"h18_0581",1.21161572162036,2933,3032.5,0,FALSE,FALSE,FALSE
"h18_0712",1.21161774985084,2934,2141,0,FALSE,FALSE,FALSE
"h18_0136",1.21168406418039,2935,2323.5,0,FALSE,FALSE,FALSE
"h06_0159",1.21169678140034,2936,3012,0.05,FALSE,FALSE,FALSE
"h06_0167",1.21173284660089,2937,2988,0,FALSE,FALSE,FALSE
"h12_0039",1.21180157295922,2938,2671.5,0,FALSE,FALSE,FALSE
"h18_0256",1.21182313982746,2939,2951.5,0,FALSE,FALSE,FALSE
"h18_0923",1.21184923926316,2940,1009.5,0,FALSE,FALSE,FALSE
"h12_0908",1.21185652158828,2941,2709.5,0,FALSE,FALSE,FALSE
"h12_0820",1.21187154433981,2942,3015,0,FALSE,FALSE,FALSE
"h06_0080",1.21187183673864,2943,2658,0,FALSE,FALSE,FALSE
"h12_0873",1.21188179793465,2944,3002.5,0,FALSE,FALSE,FALSE
"h06_0177",1.21193285615578,2945,2982,0,FALSE,FALSE,FALSE
"h12_0834",1.21193790351399,2946,2671.5,0,FALSE,FALSE,FALSE
"h06_1013",1.21194207272076,2947,3007,0,FALSE,FALSE,FALSE
"h18_1019",1.21201209812675,2948,2823.5,0,FALSE,FALSE,FALSE
"h18_0533",1.21201604289338,2949,2756,0,FALSE,FALSE,FALSE
"h06_0431",1.21203588033906,2950,2960,0.05,FALSE,FALSE,FALSE
"h12_0084",1.21203648727691,2951,2442.5,0,FALSE,FALSE,FALSE
"h12_0931",1.21205074029068,2952,2621.5,0,FALSE,FALSE,FALSE
"h12_1005",1.21205191136943,2953,2509,0,FALSE,FALSE,FALSE
"h12_0374",1.2121019985891,2954,2945,0,FALSE,FALSE,FALSE
"h06_0102",1.21212375365768,2955,2836.5,0,FALSE,FALSE,FALSE
"h06_0595",1.21212756762984,2956,2935,0,FALSE,FALSE,FALSE
"h12_0050",1.21214652164143,2957,2970.5,0,FALSE,FALSE,FALSE
"h12_0903",1.21215263389491,2958,1164,0,FALSE,FALSE,FALSE
"h06_0194",1.21217530418989,2959,3046,0,FALSE,FALSE,FALSE
"h06_0264",1.21218388006611,2960,2968,0,FALSE,FALSE,FALSE
"h12_0227",1.21222965563949,2961,2811.5,0,FALSE,FALSE,FALSE
"h06_0490",1.21223539151433,2962,2719.5,0,FALSE,FALSE,FALSE
"h18_0018",1.21230638527828,2963,2506,0,FALSE,FALSE,FALSE
"h06_0811",1.21236273808421,2964,3051,0,FALSE,FALSE,FALSE
"h06_0696",1.21240272042985,2965,2907,0,FALSE,FALSE,FALSE
"h12_0539",1.21241950421455,2966,2643.5,0,FALSE,FALSE,FALSE
"h06_0791",1.21244144518431,2967,2958,0.05,FALSE,FALSE,FALSE
"h12_0243",1.21246250508015,2968,3064.5,0.05,FALSE,FALSE,FALSE
"h12_0211",1.21248595330285,2969,2983.5,0,FALSE,FALSE,FALSE
"h06_0557",1.21250574196799,2970,2533,0,FALSE,FALSE,FALSE
"h06_0209",1.21255156051912,2971,2962.5,0,FALSE,FALSE,FALSE
"h12_1009",1.21256195777001,2972,2409.5,0,FALSE,FALSE,FALSE
"h12_0538",1.21259165358887,2973,3029,0,FALSE,FALSE,FALSE
"h12_1010",1.21260981857829,2974,2974.5,0,FALSE,FALSE,FALSE
"h12_0081",1.21262599285475,2975,2652,0,FALSE,FALSE,FALSE
"h18_0731",1.21265057324799,2976,2351.5,0,FALSE,FALSE,FALSE
"h12_1023",1.21266042100194,2977,2547,0,FALSE,FALSE,FALSE
"h18_0215",1.21266649009217,2978,3021,0,FALSE,FALSE,FALSE
"h18_0973",1.21267570254137,2979,2771,0,FALSE,FALSE,FALSE
"h06_0134",1.21278157164824,2980,2977.5,0,FALSE,FALSE,FALSE
"h06_0341",1.21279010293416,2981,2884,0,FALSE,FALSE,FALSE
"h18_0922",1.21281554013058,2982,2370,0,FALSE,FALSE,FALSE
"h12_0196",1.21289166841239,2983,2512,0,FALSE,FALSE,FALSE
"h06_0691",1.21292789877765,2984,1907,0,FALSE,FALSE,FALSE
"h06_0808",1.21298019747837,2985,1798,0,FALSE,FALSE,FALSE
"h06_0794",1.21299584595991,2986,3041,0,FALSE,FALSE,FALSE
"h18_0270",1.21300722126935,2987,2090.5,0,FALSE,FALSE,FALSE
"h12_0148",1.21300858140899,2988,2798.5,0,FALSE,FALSE,FALSE
"h06_0866",1.21301486077028,2989,3014,0,FALSE,FALSE,FALSE
"h12_0256",1.21314514276413,2990,2969,0,FALSE,FALSE,FALSE
"h12_0792",1.21314877151334,2991,3021,0,FALSE,FALSE,FALSE
"h06_0987",1.2131534072245,2992,2853,0,FALSE,FALSE,FALSE
"h12_0765",1.21315555740016,2993,3004,0,FALSE,FALSE,FALSE
"h06_0641",1.21322356345453,2994,2842,0,FALSE,FALSE,FALSE
"h18_0690",1.21322934210142,2995,2624.5,0,FALSE,FALSE,FALSE
"h12_0966",1.21324713360355,2996,3062,0,FALSE,FALSE,FALSE
"h18_0312",1.21330835377456,2997,2665,0,FALSE,FALSE,FALSE
"h12_0481",1.2133917517613,2998,1277,0,FALSE,FALSE,FALSE
"h06_0172",1.21346920059375,2999,2875.5,0,FALSE,FALSE,FALSE
"h12_0757",1.21347358355477,3000,3050,0,FALSE,FALSE,FALSE
"h18_0697",1.21350723168644,3001,2932,0,FALSE,FALSE,FALSE
"h12_0208",1.21351846913866,3002,3018.5,0,FALSE,FALSE,FALSE
"h18_0019",1.21360308187161,3003,2992,0,FALSE,FALSE,FALSE
"h12_0476",1.21368393580866,3004,2937,0,FALSE,FALSE,FALSE
"h18_0303",1.21371901802224,3005,2776,0,FALSE,FALSE,FALSE
"h06_0733",1.21373965027906,3006,3052.5,0,FALSE,FALSE,FALSE
"h18_0674",1.21379097781253,3007,2910,0,FALSE,FALSE,FALSE
"h18_0691",1.21379308261888,3008,2878,0,FALSE,FALSE,FALSE
"h12_0069",1.21386000814217,3009,3064.5,0,FALSE,FALSE,FALSE
"h12_0503",1.21388946641789,3010,2651,0,FALSE,FALSE,FALSE
"h18_0354",1.21392697508191,3011,3035,0,FALSE,FALSE,FALSE
"h06_0200",1.21396304549577,3012,3024,0.05,FALSE,FALSE,FALSE
"h06_0979",1.21400337530272,3013,3037,0,FALSE,FALSE,FALSE
"h06_0840",1.21401812585305,3014,3048.5,0,FALSE,FALSE,FALSE
"h12_0881",1.21404521732576,3015,2924,0.05,FALSE,FALSE,FALSE
"h12_0802",1.21414591354757,3016,2046.5,0,FALSE,FALSE,FALSE
"h18_0478",1.21415952427125,3017,3000,0,FALSE,FALSE,FALSE
"h18_0666",1.21417596207021,3018,3058,0,FALSE,FALSE,FALSE
"h12_0330",1.21418924065187,3019,3034,0,FALSE,FALSE,FALSE
"h12_0984",1.21423711907636,3020,2773,0,FALSE,FALSE,FALSE
"h06_0100",1.21424712187557,3021,3052.5,0,FALSE,FALSE,FALSE
"h06_0199",1.21426540395402,3022,2575.5,0,FALSE,FALSE,FALSE
"h12_0729",1.21428195235199,3023,2810,0,FALSE,FALSE,FALSE
"h12_0329",1.21431828180733,3024,3061,0,FALSE,FALSE,FALSE
"h12_0113",1.21437602070898,3025,3013,0,FALSE,FALSE,FALSE
"h18_0505",1.21439229238193,3026,3056,0,FALSE,FALSE,FALSE
"h18_0377",1.2144392841509,3027,2567,0,FALSE,FALSE,FALSE
"h12_0678",1.21444966175605,3028,2755,0,FALSE,FALSE,FALSE
"h06_0562",1.21450163412882,3029,1835.5,0,FALSE,FALSE,FALSE
"h12_0877",1.21452172505017,3030,2857,0,FALSE,FALSE,FALSE
"h06_0006",1.21463651542642,3031,2618.5,0,FALSE,FALSE,FALSE
"h06_0230",1.21465445639472,3032,3008,0,FALSE,FALSE,FALSE
"h18_0399",1.21468215612528,3033,2986.5,0,FALSE,FALSE,FALSE
"h18_0827",1.21478696314392,3034,2859,0,FALSE,FALSE,FALSE
"h18_0231",1.21486247146076,3035,1247,0,FALSE,FALSE,FALSE
"h06_0240",1.21488760579134,3036,3067,0,FALSE,FALSE,FALSE
"h18_0458",1.21491323808508,3037,2867,0,FALSE,FALSE,FALSE
"h18_0142",1.21492024129334,3038,2928,0,FALSE,FALSE,FALSE
"h18_0536",1.21509221710149,3039,2899.5,0,FALSE,FALSE,FALSE
"h12_0568",1.21511434589212,3040,2995.5,0,FALSE,FALSE,FALSE
"h18_0992",1.215119498482,3041,2504.5,0,FALSE,FALSE,FALSE
"h12_0323",1.21523738837195,3042,2268,0,FALSE,FALSE,FALSE
"h18_0503",1.21524102955031,3043,1924,0,FALSE,FALSE,FALSE
"h18_0210",1.21530819802824,3044,2591,0,FALSE,FALSE,FALSE
"h18_0969",1.21539652024255,3045,2946,0,FALSE,FALSE,FALSE
"h12_0234",1.2155024855621,3046,2789,0,FALSE,FALSE,FALSE
"h06_0685",1.21552889912505,3047,3018.5,0,FALSE,FALSE,FALSE
"h18_0026",1.21565322061753,3048,2951.5,0,FALSE,FALSE,FALSE
"h06_0763",1.21566996341108,3049,2998.5,0,FALSE,FALSE,FALSE
"h18_0797",1.21571120635838,3050,2873,0,FALSE,FALSE,FALSE
"h06_0750",1.21590118527477,3051,3066,0,FALSE,FALSE,FALSE
"h12_0567",1.21606533574681,3052,3059.5,0,FALSE,FALSE,FALSE
"h18_1012",1.21619016492674,3053,3059.5,0,FALSE,FALSE,FALSE
"h12_0788",1.21636475619072,3054,3036,0,FALSE,FALSE,FALSE
"h18_0679",1.21638198400135,3055,2966,0.05,FALSE,FALSE,FALSE
"h12_0151",1.2166120888707,3056,3042.5,0,FALSE,FALSE,FALSE
"h12_0558",1.21673935082971,3057,3072,0,FALSE,FALSE,FALSE
"h12_0145",1.216878868461,3058,3042.5,0,FALSE,FALSE,FALSE
"h18_0960",1.21699258459049,3059,3025,0,FALSE,FALSE,FALSE
"h06_0709",1.21706365711918,3060,2926,0,FALSE,FALSE,FALSE
"h12_0703",1.21707867947259,3061,2826,0,FALSE,FALSE,FALSE
"h18_0353",1.21720120308679,3062,3054.5,0,FALSE,FALSE,FALSE
"h06_0409",1.21738087480562,3063,2581.5,0,FALSE,FALSE,FALSE
"h12_0964",1.2174269384807,3064,3044,0,FALSE,FALSE,FALSE
"h18_0140",1.21769290440752,3065,2543.5,0,FALSE,FALSE,FALSE
"h18_0245",1.21781178028334,3066,1510.5,0,FALSE,FALSE,FALSE
"h06_0305",1.21827307237483,3067,3009,0,FALSE,FALSE,FALSE
"h06_0315",1.2184099370641,3068,2912,0,FALSE,FALSE,FALSE
"h18_0883",1.2201096618705,3069,3039,0,FALSE,FALSE,FALSE
"h18_0368",1.22017293555672,3070,3071,0,FALSE,FALSE,FALSE
"h18_0412",1.22045638194655,3071,3030.5,0,FALSE,FALSE,FALSE
"h18_0861",1.22259811741743,3072,2839,0,FALSE,FALSE,FALSE
